#pragma once
#include <cstdint>

alignas(16) const unsigned char prahari_model_tflite[] = {
  0x1c, 0x00, 0x00, 0x00, 0x54, 0x46, 0x4c, 0x33, 0x14, 0x00, 0x20, 0x00,
  0x1c, 0x00, 0x18, 0x00, 0x14, 0x00, 0x10, 0x00, 0x0c, 0x00, 0x00, 0x00,
  0x08, 0x00, 0x04, 0x00, 0x14, 0x00, 0x00, 0x00, 0x1c, 0x00, 0x00, 0x00,
  0x84, 0x00, 0x00, 0x00, 0xdc, 0x00, 0x00, 0x00, 0x58, 0x17, 0x00, 0x00,
  0x68, 0x17, 0x00, 0x00, 0x10, 0x52, 0x00, 0x00, 0x03, 0x00, 0x00, 0x00,
  0x01, 0x00, 0x00, 0x00, 0x04, 0x00, 0x00, 0x00, 0x26, 0xe8, 0xff, 0xff,
  0x0c, 0x00, 0x00, 0x00, 0x1c, 0x00, 0x00, 0x00, 0x3c, 0x00, 0x00, 0x00,
  0x0f, 0x00, 0x00, 0x00, 0x73, 0x65, 0x72, 0x76, 0x69, 0x6e, 0x67, 0x5f,
  0x64, 0x65, 0x66, 0x61, 0x75, 0x6c, 0x74, 0x00, 0x01, 0x00, 0x00, 0x00,
  0x04, 0x00, 0x00, 0x00, 0x98, 0xff, 0xff, 0xff, 0x25, 0x00, 0x00, 0x00,
  0x04, 0x00, 0x00, 0x00, 0x08, 0x00, 0x00, 0x00, 0x6f, 0x75, 0x74, 0x70,
  0x75, 0x74, 0x5f, 0x30, 0x00, 0x00, 0x00, 0x00, 0x01, 0x00, 0x00, 0x00,
  0x04, 0x00, 0x00, 0x00, 0x2e, 0xe9, 0xff, 0xff, 0x04, 0x00, 0x00, 0x00,
  0x06, 0x00, 0x00, 0x00, 0x6c, 0x6f, 0x67, 0x6d, 0x65, 0x6c, 0x00, 0x00,
  0x02, 0x00, 0x00, 0x00, 0x34, 0x00, 0x00, 0x00, 0x04, 0x00, 0x00, 0x00,
  0xdc, 0xff, 0xff, 0xff, 0x28, 0x00, 0x00, 0x00, 0x04, 0x00, 0x00, 0x00,
  0x13, 0x00, 0x00, 0x00, 0x43, 0x4f, 0x4e, 0x56, 0x45, 0x52, 0x53, 0x49,
  0x4f, 0x4e, 0x5f, 0x4d, 0x45, 0x54, 0x41, 0x44, 0x41, 0x54, 0x41, 0x00,
  0x08, 0x00, 0x0c, 0x00, 0x08, 0x00, 0x04, 0x00, 0x08, 0x00, 0x00, 0x00,
  0x27, 0x00, 0x00, 0x00, 0x04, 0x00, 0x00, 0x00, 0x13, 0x00, 0x00, 0x00,
  0x6d, 0x69, 0x6e, 0x5f, 0x72, 0x75, 0x6e, 0x74, 0x69, 0x6d, 0x65, 0x5f,
  0x76, 0x65, 0x72, 0x73, 0x69, 0x6f, 0x6e, 0x00, 0x29, 0x00, 0x00, 0x00,
  0x78, 0x16, 0x00, 0x00, 0x70, 0x16, 0x00, 0x00, 0x5c, 0x16, 0x00, 0x00,
  0x24, 0x16, 0x00, 0x00, 0x94, 0x15, 0x00, 0x00, 0x84, 0x11, 0x00, 0x00,
  0xf4, 0x10, 0x00, 0x00, 0x04, 0x0f, 0x00, 0x00, 0x74, 0x0e, 0x00, 0x00,
  0x64, 0x0a, 0x00, 0x00, 0xd4, 0x09, 0x00, 0x00, 0xe4, 0x07, 0x00, 0x00,
  0x54, 0x07, 0x00, 0x00, 0x44, 0x05, 0x00, 0x00, 0xf4, 0x04, 0x00, 0x00,
  0xf4, 0x03, 0x00, 0x00, 0xa4, 0x03, 0x00, 0x00, 0x14, 0x03, 0x00, 0x00,
  0xe4, 0x02, 0x00, 0x00, 0x5c, 0x02, 0x00, 0x00, 0x2c, 0x02, 0x00, 0x00,
  0x1c, 0x01, 0x00, 0x00, 0x14, 0x01, 0x00, 0x00, 0x0c, 0x01, 0x00, 0x00,
  0x04, 0x01, 0x00, 0x00, 0xfc, 0x00, 0x00, 0x00, 0xf4, 0x00, 0x00, 0x00,
  0xec, 0x00, 0x00, 0x00, 0xe4, 0x00, 0x00, 0x00, 0xdc, 0x00, 0x00, 0x00,
  0xd4, 0x00, 0x00, 0x00, 0xcc, 0x00, 0x00, 0x00, 0xc4, 0x00, 0x00, 0x00,
  0xbc, 0x00, 0x00, 0x00, 0xb4, 0x00, 0x00, 0x00, 0xac, 0x00, 0x00, 0x00,
  0xa4, 0x00, 0x00, 0x00, 0x9c, 0x00, 0x00, 0x00, 0x94, 0x00, 0x00, 0x00,
  0x74, 0x00, 0x00, 0x00, 0x04, 0x00, 0x00, 0x00, 0x46, 0xea, 0xff, 0xff,
  0x04, 0x00, 0x00, 0x00, 0x60, 0x00, 0x00, 0x00, 0x0c, 0x00, 0x00, 0x00,
  0x08, 0x00, 0x0e, 0x00, 0x08, 0x00, 0x04, 0x00, 0x08, 0x00, 0x00, 0x00,
  0x10, 0x00, 0x00, 0x00, 0x28, 0x00, 0x00, 0x00, 0x00, 0x00, 0x06, 0x00,
  0x08, 0x00, 0x04, 0x00, 0x06, 0x00, 0x00, 0x00, 0x04, 0x00, 0x00, 0x00,
  0x01, 0x00, 0x00, 0x00, 0xeb, 0x03, 0x00, 0x00, 0x0c, 0x00, 0x18, 0x00,
  0x14, 0x00, 0x10, 0x00, 0x0c, 0x00, 0x04, 0x00, 0x0c, 0x00, 0x00, 0x00,
  0xfd, 0x27, 0x9b, 0x61, 0x41, 0xe9, 0x0b, 0xb0, 0x02, 0x00, 0x00, 0x00,
  0x02, 0x00, 0x00, 0x00, 0x04, 0x00, 0x00, 0x00, 0x06, 0x00, 0x00, 0x00,
  0x32, 0x2e, 0x32, 0x31, 0x2e, 0x30, 0x00, 0x00, 0xb2, 0xea, 0xff, 0xff,
  0x04, 0x00, 0x00, 0x00, 0x10, 0x00, 0x00, 0x00, 0x31, 0x2e, 0x31, 0x34,
  0x2e, 0x30, 0x00, 0x00, 0x00, 0x00, 0x00, 0x00, 0x00, 0x00, 0x00, 0x00,
  0x88, 0xe8, 0xff, 0xff, 0x8c, 0xe8, 0xff, 0xff, 0x90, 0xe8, 0xff, 0xff,
  0x94, 0xe8, 0xff, 0xff, 0x98, 0xe8, 0xff, 0xff, 0x9c, 0xe8, 0xff, 0xff,
  0xa0, 0xe8, 0xff, 0xff, 0xa4, 0xe8, 0xff, 0xff, 0xa8, 0xe8, 0xff, 0xff,
  0xac, 0xe8, 0xff, 0xff, 0xb0, 0xe8, 0xff, 0xff, 0xb4, 0xe8, 0xff, 0xff,
  0xb8, 0xe8, 0xff, 0xff, 0xbc, 0xe8, 0xff, 0xff, 0xc0, 0xe8, 0xff, 0xff,
  0xc4, 0xe8, 0xff, 0xff, 0xc8, 0xe8, 0xff, 0xff, 0x12, 0xeb, 0xff, 0xff,
  0x04, 0x00, 0x00, 0x00, 0x00, 0x01, 0x00, 0x00, 0x03, 0xdd, 0x0e, 0x1c,
  0xc2, 0xc3, 0xc5, 0x91, 0x8c, 0x2e, 0x0f, 0xb8, 0x81, 0xc5, 0x01, 0xe9,
  0x02, 0x0a, 0x0b, 0xef, 0xe8, 0x01, 0xc1, 0x9b, 0xc0, 0x2d, 0x3c, 0x08,
  0xd3, 0x12, 0x4b, 0x0a, 0x0e, 0xf0, 0xff, 0xd8, 0xd5, 0xe8, 0xf7, 0xf0,
  0x07, 0xf9, 0xf1, 0xfe, 0xed, 0x32, 0x7f, 0x44, 0x08, 0xff, 0xf1, 0xe5,
  0xd5, 0xe2, 0xf0, 0xf9, 0xfa, 0x06, 0x0b, 0xdb, 0x08, 0x26, 0x76, 0x10,
  0x46, 0x73, 0x7f, 0x16, 0x00, 0x06, 0x07, 0xcb, 0xe6, 0xe9, 0x02, 0xe4,
  0xe3, 0x02, 0xf9, 0xed, 0x20, 0x54, 0x7b, 0x2f, 0x02, 0xfe, 0x16, 0x08,
  0xf6, 0x07, 0xeb, 0xfe, 0x00, 0xf6, 0x0f, 0x03, 0xe1, 0x1e, 0xe6, 0x28,
  0x09, 0xe4, 0x81, 0xd1, 0xeb, 0x0a, 0x29, 0x2f, 0x32, 0x69, 0x4a, 0x40,
  0xff, 0xf6, 0x18, 0x18, 0x0a, 0xc4, 0xae, 0xd0, 0x04, 0x28, 0x14, 0x33,
  0x4d, 0x43, 0x4a, 0x40, 0x95, 0xd2, 0xa1, 0x81, 0x9a, 0xce, 0xf3, 0x9e,
  0xed, 0x0e, 0xf7, 0xff, 0x02, 0xe8, 0x23, 0x16, 0x18, 0xee, 0xbc, 0xe9,
  0x08, 0xd5, 0xf1, 0xd9, 0x24, 0x11, 0x0b, 0x19, 0x1c, 0xff, 0x29, 0x30,
  0xf4, 0xf5, 0xda, 0xbb, 0xf1, 0x1b, 0xf7, 0xf4, 0xc9, 0xc7, 0x1d, 0xf5,
  0x0d, 0xbc, 0x4d, 0xd3, 0xbd, 0xf1, 0xf4, 0xce, 0x0b, 0x50, 0x7f, 0x65,
  0x5e, 0x3d, 0x61, 0x00, 0x30, 0x27, 0x7d, 0x2e, 0x7c, 0x6b, 0x47, 0x48,
  0x56, 0xf5, 0xbc, 0xd9, 0xa4, 0xf3, 0xbe, 0xc2, 0xe2, 0xdc, 0xcb, 0xac,
  0x40, 0x7f, 0x5e, 0x7c, 0x71, 0xe8, 0xcc, 0xcf, 0xc4, 0xe1, 0xe8, 0xee,
  0x14, 0x06, 0xa2, 0xae, 0x3a, 0x17, 0xf8, 0x0b, 0x03, 0xe4, 0x01, 0xde,
  0x0d, 0xe5, 0x02, 0xd6, 0xb3, 0x81, 0xc3, 0xee, 0x23, 0x10, 0x06, 0xf9,
  0xf4, 0xe5, 0xe2, 0x04, 0x06, 0xe3, 0xfb, 0x07, 0x10, 0x05, 0x11, 0x10,
  0x1e, 0xec, 0xff, 0xff, 0x04, 0x00, 0x00, 0x00, 0x20, 0x00, 0x00, 0x00,
  0x10, 0x18, 0x00, 0x00, 0x67, 0xfe, 0xff, 0xff, 0xa4, 0xc7, 0xff, 0xff,
  0xa7, 0x59, 0x00, 0x00, 0x07, 0x38, 0x00, 0x00, 0xa1, 0x44, 0x00, 0x00,
  0xb4, 0xbf, 0xff, 0xff, 0x08, 0x03, 0x00, 0x00, 0x4a, 0xec, 0xff, 0xff,
  0x04, 0x00, 0x00, 0x00, 0x78, 0x00, 0x00, 0x00, 0xda, 0x2f, 0x23, 0x8e,
  0xba, 0x49, 0xfd, 0xd4, 0x81, 0xc8, 0x19, 0x70, 0xd2, 0x58, 0x06, 0x13,
  0x11, 0xa5, 0xbc, 0x7f, 0x10, 0xbf, 0xd3, 0xf8, 0xbf, 0x0f, 0xfd, 0xd0,
  0xec, 0x51, 0xe8, 0xad, 0xde, 0xb0, 0x05, 0x49, 0xd0, 0x22, 0xf6, 0xf1,
  0x1c, 0xfa, 0xd3, 0x28, 0xa4, 0x02, 0x09, 0x2e, 0xd3, 0xf4, 0x19, 0x10,
  0xba, 0xd6, 0xe8, 0xb7, 0xac, 0xbc, 0x7f, 0x0c, 0xdc, 0x12, 0xcf, 0xc7,
  0x41, 0x08, 0x18, 0xe7, 0xe4, 0xf0, 0xf7, 0x17, 0xfd, 0xa8, 0xcb, 0x0a,
  0xf8, 0xa4, 0x48, 0xee, 0x8d, 0x81, 0x5e, 0xf8, 0xf0, 0xc3, 0x0c, 0x81,
  0xea, 0xfd, 0xee, 0xa2, 0x81, 0xf8, 0xed, 0x0f, 0x18, 0x8a, 0x07, 0x1c,
  0xb8, 0x81, 0x47, 0xdf, 0x28, 0xc4, 0x3e, 0xf4, 0xb5, 0xea, 0x7f, 0xaa,
  0x5a, 0x04, 0x2f, 0x9a, 0xd0, 0xe8, 0x24, 0xe3, 0xce, 0xec, 0xff, 0xff,
  0x04, 0x00, 0x00, 0x00, 0x20, 0x00, 0x00, 0x00, 0x8e, 0x1e, 0x00, 0x00,
  0x8a, 0x58, 0x00, 0x00, 0x7f, 0x03, 0x00, 0x00, 0xc0, 0x04, 0x00, 0x00,
  0xf8, 0x74, 0x00, 0x00, 0xc9, 0x2b, 0x00, 0x00, 0x1c, 0x02, 0x00, 0x00,
  0xc5, 0x26, 0x00, 0x00, 0xfa, 0xec, 0xff, 0xff, 0x04, 0x00, 0x00, 0x00,
  0x80, 0x00, 0x00, 0x00, 0xb8, 0x22, 0x22, 0x1b, 0x9c, 0x35, 0x7f, 0xc9,
  0xc7, 0xf6, 0x26, 0x3d, 0xf8, 0xf7, 0x7f, 0x09, 0xc7, 0x45, 0x7f, 0x89,
  0xdc, 0x4c, 0xa7, 0x02, 0x7f, 0x12, 0xe3, 0x26, 0x4f, 0x0a, 0xdc, 0x01,
  0xf7, 0x44, 0xff, 0xcd, 0x48, 0x19, 0x3c, 0x81, 0x1e, 0x7f, 0x0b, 0x7d,
  0x5d, 0xba, 0xf9, 0x70, 0xc3, 0xf7, 0xf8, 0x7f, 0xe2, 0x31, 0xb2, 0x87,
  0x14, 0x14, 0x7f, 0x19, 0xe7, 0xd8, 0xe8, 0x7f, 0x52, 0xd9, 0x00, 0x0e,
  0x51, 0x6f, 0x7f, 0xd5, 0x15, 0xe5, 0xed, 0x6f, 0xeb, 0x0d, 0x93, 0x7f,
  0x16, 0x81, 0xc3, 0xfc, 0x99, 0x1d, 0x3e, 0x26, 0xbd, 0xd5, 0x8b, 0x36,
  0x81, 0x32, 0x16, 0xea, 0x7f, 0x36, 0x2c, 0x04, 0x1f, 0x60, 0x16, 0x04,
  0x8e, 0x7f, 0x59, 0xf8, 0xf1, 0x90, 0x0c, 0xc8, 0xd4, 0x25, 0xa9, 0x7f,
  0xd1, 0xda, 0xc9, 0x63, 0xfd, 0x77, 0x79, 0x15, 0x7f, 0x16, 0x24, 0x9e,
  0x86, 0xed, 0xff, 0xff, 0x04, 0x00, 0x00, 0x00, 0x40, 0x00, 0x00, 0x00,
  0x42, 0xfd, 0xff, 0xff, 0x39, 0xfd, 0xff, 0xff, 0xb1, 0xff, 0xff, 0xff,
  0xc3, 0xf4, 0xff, 0xff, 0xb2, 0xfd, 0xff, 0xff, 0xda, 0xeb, 0xff, 0xff,
  0x6b, 0x0f, 0x00, 0x00, 0x6b, 0xfb, 0xff, 0xff, 0x2f, 0xe7, 0xff, 0xff,
  0x7c, 0x09, 0x00, 0x00, 0x6f, 0x08, 0x00, 0x00, 0xc5, 0x0f, 0x00, 0x00,
  0x32, 0xe9, 0xff, 0xff, 0xe3, 0xff, 0xff, 0xff, 0xc2, 0x00, 0x00, 0x00,
  0xe8, 0xf2, 0xff, 0xff, 0xd2, 0xed, 0xff, 0xff, 0x04, 0x00, 0x00, 0x00,
  0xf0, 0x00, 0x00, 0x00, 0xae, 0x2a, 0xf3, 0xd0, 0xe8, 0xf7, 0xfe, 0xd7,
  0x13, 0xec, 0xc8, 0x30, 0xdc, 0xe8, 0x7f, 0x6e, 0xfa, 0xf3, 0x81, 0x35,
  0xf7, 0xcf, 0x47, 0xc4, 0x4b, 0xd0, 0xac, 0xf0, 0xfe, 0x0c, 0x29, 0x40,
  0x97, 0x1e, 0xbc, 0xf2, 0x24, 0x28, 0xa0, 0xcb, 0x3e, 0x4c, 0x19, 0x7f,
  0xd3, 0xef, 0xb7, 0x8a, 0x81, 0xec, 0xa1, 0xcd, 0x1c, 0xc4, 0xaf, 0xe8,
  0xf7, 0xe5, 0xc0, 0x16, 0xfd, 0xb5, 0xee, 0x7f, 0xf7, 0x22, 0xd3, 0x81,
  0x2a, 0x39, 0x3d, 0x9c, 0x7f, 0xfc, 0x00, 0xef, 0xf2, 0x27, 0x53, 0xe9,
  0xc0, 0xf0, 0x1f, 0x96, 0x2b, 0x05, 0x81, 0x8c, 0x6d, 0xf6, 0xfa, 0xf2,
  0x0c, 0x0a, 0xd1, 0x03, 0xd9, 0xea, 0x89, 0x0e, 0x2f, 0x25, 0xda, 0x09,
  0xf1, 0xe9, 0x3b, 0xff, 0x30, 0xfa, 0x57, 0xe2, 0x73, 0x7f, 0xb7, 0x0f,
  0x7f, 0x6f, 0xf5, 0xf6, 0x15, 0x17, 0x7f, 0xce, 0x02, 0x7b, 0x1a, 0xeb,
  0x58, 0x33, 0x0e, 0x06, 0x45, 0xe5, 0xf7, 0xbf, 0x29, 0xc6, 0x18, 0xd9,
  0x7f, 0x68, 0x6b, 0xfe, 0x47, 0x9e, 0xa8, 0x41, 0xea, 0x13, 0xee, 0xf3,
  0xe3, 0xe1, 0x36, 0x31, 0x0e, 0xf8, 0x0f, 0x9d, 0x29, 0xc3, 0x40, 0x43,
  0xe2, 0x7f, 0xb2, 0x57, 0x1e, 0x7f, 0x23, 0xbd, 0x03, 0x10, 0xe8, 0x2d,
  0x32, 0xe5, 0x38, 0x2c, 0x30, 0x1e, 0x42, 0x7f, 0x27, 0xd3, 0xf9, 0xc3,
  0x73, 0x7f, 0x78, 0x50, 0x7d, 0xd8, 0xec, 0x0b, 0xdd, 0x2d, 0x20, 0x72,
  0x1b, 0xc1, 0xe2, 0xdf, 0x17, 0x14, 0x2c, 0xcc, 0xc9, 0x98, 0x50, 0x27,
  0xc6, 0xb8, 0xbb, 0x58, 0x43, 0x47, 0x28, 0xa2, 0xf8, 0xb5, 0x42, 0xc2,
  0x0f, 0x92, 0xd2, 0x1a, 0xba, 0x5a, 0x68, 0x6e, 0x32, 0x18, 0xe9, 0xdd,
  0x1c, 0x04, 0xfd, 0x56, 0xce, 0xee, 0xff, 0xff, 0x04, 0x00, 0x00, 0x00,
  0x40, 0x00, 0x00, 0x00, 0xc1, 0x02, 0x00, 0x00, 0xf0, 0x21, 0x00, 0x00,
  0xbd, 0x27, 0x00, 0x00, 0x05, 0xfe, 0xff, 0xff, 0x0d, 0xfc, 0xff, 0xff,
  0xb0, 0xe5, 0xff, 0xff, 0x97, 0x12, 0x00, 0x00, 0xbd, 0x06, 0x00, 0x00,
  0x10, 0xe1, 0xff, 0xff, 0x9e, 0xfd, 0xff, 0xff, 0x25, 0xfc, 0xff, 0xff,
  0xc2, 0x0f, 0x00, 0x00, 0xf9, 0xed, 0xff, 0xff, 0xfa, 0xf3, 0xff, 0xff,
  0x88, 0xeb, 0xff, 0xff, 0xd7, 0xfb, 0xff, 0xff, 0x1a, 0xef, 0xff, 0xff,
  0x04, 0x00, 0x00, 0x00, 0x00, 0x02, 0x00, 0x00, 0xd9, 0x15, 0x0f, 0xfd,
  0xe7, 0xfb, 0x8e, 0xd5, 0x3e, 0x5e, 0x23, 0x01, 0xcc, 0x81, 0xf7, 0xd5,
  0xb6, 0x16, 0x1b, 0x9e, 0xfc, 0x15, 0x57, 0x81, 0x5c, 0xcb, 0xeb, 0xe8,
  0xe0, 0xb8, 0x3d, 0x1c, 0xd4, 0xce, 0x7a, 0x82, 0xb4, 0xc7, 0x26, 0x7c,
  0xc5, 0xc9, 0x49, 0x70, 0x95, 0x81, 0xfd, 0xba, 0x1b, 0xcc, 0x1d, 0x18,
  0xa7, 0x36, 0xff, 0x04, 0x81, 0xc8, 0xff, 0x08, 0x27, 0xf0, 0x16, 0xeb,
  0x3a, 0x6f, 0xee, 0x0d, 0x06, 0x1e, 0xf4, 0x81, 0x1d, 0xfc, 0xed, 0xdd,
  0x28, 0xcd, 0xfb, 0xee, 0xdf, 0xaa, 0x55, 0xb9, 0xea, 0x81, 0xe6, 0x38,
  0x57, 0xab, 0x2c, 0xfe, 0xfe, 0xfa, 0xee, 0xeb, 0xc3, 0xe2, 0xc4, 0x05,
  0x06, 0xd7, 0x16, 0x1f, 0x09, 0x24, 0x0e, 0xa0, 0x25, 0x81, 0xe4, 0xe3,
  0x32, 0xd1, 0xd3, 0xeb, 0x08, 0x5a, 0x13, 0xcf, 0xe3, 0x8d, 0x81, 0x27,
  0x2a, 0x17, 0x25, 0x01, 0xe2, 0x0d, 0x32, 0x19, 0xf9, 0x2d, 0x24, 0x7f,
  0xee, 0x0f, 0x01, 0x27, 0xfd, 0x15, 0xc6, 0xee, 0x1a, 0x48, 0x24, 0x21,
  0x27, 0x07, 0x27, 0x3d, 0xff, 0x81, 0x28, 0x32, 0xf8, 0xfb, 0x94, 0xd4,
  0xf4, 0xf0, 0x07, 0x13, 0xda, 0xfc, 0x25, 0xc9, 0xff, 0xfa, 0x2c, 0xec,
  0xc1, 0x81, 0xc1, 0x0f, 0xc7, 0x2e, 0xee, 0x7f, 0x2d, 0xd2, 0xda, 0x61,
  0x0e, 0x53, 0x21, 0xa4, 0x2a, 0xd9, 0xee, 0x44, 0xe8, 0xa6, 0xb9, 0xf1,
  0x04, 0xf0, 0x04, 0x0d, 0xbd, 0x81, 0x4b, 0x4f, 0x50, 0x50, 0xdf, 0xc7,
  0x06, 0x7f, 0x3a, 0xab, 0x2f, 0x30, 0x14, 0x2c, 0xc6, 0x05, 0x3a, 0x21,
  0xba, 0x1f, 0x32, 0x28, 0xf8, 0x5f, 0x33, 0x15, 0xed, 0xef, 0x03, 0x81,
  0x07, 0x17, 0xf6, 0xc7, 0x04, 0xd4, 0xc9, 0x37, 0x14, 0x26, 0xce, 0x31,
  0xcb, 0x56, 0xb0, 0x1b, 0xbc, 0xd3, 0xfa, 0xfe, 0x02, 0x81, 0xcd, 0x73,
  0xd1, 0x12, 0x02, 0x34, 0xf8, 0x1b, 0xad, 0x1f, 0xd3, 0x4a, 0x36, 0xfb,
  0x2f, 0x05, 0x81, 0x48, 0x3e, 0x38, 0x1c, 0xe9, 0x1d, 0xd4, 0x2d, 0x24,
  0x23, 0x81, 0x35, 0x3d, 0x25, 0x2f, 0xfe, 0x1a, 0x8d, 0x93, 0xa4, 0x21,
  0x73, 0xaa, 0x19, 0x3e, 0x02, 0x09, 0x99, 0x90, 0xe6, 0x1a, 0x3a, 0x7f,
  0xf3, 0x97, 0xf4, 0x0b, 0x16, 0xe2, 0xe4, 0xe9, 0xfc, 0x81, 0xec, 0x05,
  0x0d, 0x36, 0xb1, 0xfc, 0xf7, 0x9c, 0xc9, 0xc5, 0x1c, 0xed, 0x53, 0xa5,
  0x24, 0x22, 0x13, 0x26, 0xc5, 0x81, 0x1f, 0xde, 0x4b, 0xe4, 0x06, 0xb7,
  0x5d, 0x7b, 0xec, 0x81, 0xf4, 0xbe, 0xa8, 0x05, 0xe3, 0xbe, 0x44, 0x52,
  0xfa, 0xcc, 0x53, 0xe9, 0xdd, 0x7f, 0xd9, 0xe9, 0x30, 0x18, 0xcc, 0x47,
  0x67, 0xe8, 0x6c, 0xb4, 0x7f, 0xd0, 0xe2, 0x3f, 0xc3, 0xba, 0xae, 0x90,
  0x9b, 0x07, 0x0b, 0x33, 0xbd, 0xbf, 0x2f, 0xa5, 0xd9, 0x69, 0x58, 0x1c,
  0x7f, 0x09, 0xf1, 0x6c, 0x97, 0x41, 0x0c, 0xc8, 0xe7, 0xe6, 0xf4, 0xba,
  0x14, 0xb7, 0xbe, 0xc5, 0xa5, 0xbc, 0xec, 0x81, 0x02, 0xf7, 0x38, 0x2e,
  0xad, 0xc4, 0xd4, 0x34, 0xb0, 0x11, 0x14, 0x3a, 0xd8, 0xf4, 0xab, 0xee,
  0xe1, 0x29, 0xbc, 0xf6, 0x7f, 0xe1, 0xe0, 0xdf, 0xff, 0xd9, 0x02, 0xf8,
  0x0c, 0xf7, 0x39, 0xfc, 0x0d, 0xd9, 0x00, 0x1e, 0x37, 0x21, 0x81, 0xfa,
  0x1a, 0xf1, 0xeb, 0xd7, 0x81, 0xfc, 0x0f, 0xec, 0x84, 0x25, 0x10, 0xc6,
  0xa5, 0xfe, 0xd8, 0xb4, 0x09, 0x40, 0x23, 0xc1, 0x47, 0x14, 0x02, 0x30,
  0x05, 0x31, 0xbc, 0xe4, 0xd4, 0xeb, 0xe7, 0x7f, 0xc4, 0xe7, 0x6a, 0xe4,
  0xe6, 0x44, 0xd0, 0xe9, 0x3a, 0x21, 0xe4, 0x44, 0xf9, 0x2f, 0xfc, 0x7f,
  0xae, 0x3b, 0xe3, 0x0d, 0x27, 0xf4, 0x29, 0xd3, 0x08, 0x81, 0xda, 0xdc,
  0x27, 0xd3, 0xee, 0xfa, 0x26, 0xf1, 0xff, 0xff, 0x04, 0x00, 0x00, 0x00,
  0x80, 0x00, 0x00, 0x00, 0x88, 0xfd, 0xff, 0xff, 0x80, 0xf8, 0xff, 0xff,
  0x07, 0x03, 0x00, 0x00, 0xaa, 0x01, 0x00, 0x00, 0xe5, 0xf0, 0xff, 0xff,
  0x61, 0x05, 0x00, 0x00, 0x6b, 0x06, 0x00, 0x00, 0xae, 0xfb, 0xff, 0xff,
  0x2f, 0xec, 0xff, 0xff, 0xca, 0xea, 0xff, 0xff, 0x6c, 0x09, 0x00, 0x00,
  0x1d, 0xdd, 0xff, 0xff, 0x99, 0xfe, 0xff, 0xff, 0x6c, 0xda, 0xff, 0xff,
  0x9c, 0x01, 0x00, 0x00, 0x3e, 0xf8, 0xff, 0xff, 0x34, 0xf0, 0xff, 0xff,
  0xc0, 0xe2, 0xff, 0xff, 0x12, 0xf5, 0xff, 0xff, 0x40, 0x07, 0x00, 0x00,
  0xf8, 0x00, 0x00, 0x00, 0x97, 0xf4, 0xff, 0xff, 0x28, 0xdd, 0xff, 0xff,
  0xe2, 0x18, 0x00, 0x00, 0x7e, 0xe9, 0xff, 0xff, 0x49, 0x19, 0x00, 0x00,
  0x7f, 0x08, 0x00, 0x00, 0x1b, 0xf8, 0xff, 0xff, 0x5d, 0x0c, 0x00, 0x00,
  0xb5, 0xee, 0xff, 0xff, 0xeb, 0xef, 0xff, 0xff, 0x11, 0x04, 0x00, 0x00,
  0xb2, 0xf1, 0xff, 0xff, 0x04, 0x00, 0x00, 0x00, 0xe0, 0x01, 0x00, 0x00,
  0xf6, 0x81, 0xe9, 0x81, 0x18, 0x0d, 0xdb, 0x12, 0x81, 0x27, 0x81, 0x36,
  0xc7, 0x20, 0xed, 0x2d, 0xe3, 0x0d, 0xc4, 0xa2, 0xdf, 0x81, 0x28, 0xd7,
  0x0f, 0xfb, 0xcf, 0x81, 0x24, 0x25, 0x9f, 0x10, 0x16, 0x81, 0xfd, 0x58,
  0x04, 0xc8, 0xba, 0x30, 0xcc, 0xb5, 0xd3, 0xd7, 0x48, 0xb3, 0x43, 0x3c,
  0x25, 0x54, 0xf2, 0x57, 0xda, 0xc1, 0xc8, 0x21, 0x70, 0x05, 0xeb, 0x02,
  0x11, 0xef, 0x1c, 0x08, 0xeb, 0xc3, 0x3d, 0x08, 0x33, 0xb7, 0xf7, 0x81,
  0x01, 0x65, 0x19, 0xee, 0x07, 0xef, 0xe9, 0xe4, 0xfb, 0xd0, 0xfe, 0xb3,
  0x81, 0xfa, 0x1e, 0xe8, 0x81, 0xca, 0x25, 0xdd, 0xe8, 0x43, 0x6c, 0xaa,
  0x33, 0xc9, 0x28, 0xa3, 0x81, 0x6d, 0x05, 0x2d, 0xd4, 0xf0, 0xe1, 0x21,
  0x2f, 0x5c, 0x01, 0x7f, 0x7f, 0x21, 0x04, 0xd7, 0xd6, 0xb6, 0xe4, 0xa8,
  0xa8, 0xf3, 0xd4, 0x09, 0x08, 0xd8, 0x15, 0x01, 0xee, 0xad, 0x0c, 0x18,
  0xb2, 0xc1, 0xe2, 0x45, 0xd5, 0xef, 0x24, 0xf8, 0x41, 0xc6, 0xea, 0xc2,
  0x23, 0x42, 0x4f, 0x13, 0xab, 0xc9, 0xf3, 0x06, 0x21, 0x4b, 0xed, 0x0f,
  0xca, 0xd4, 0xdb, 0xc7, 0xf4, 0xe8, 0x7f, 0x24, 0x48, 0x15, 0x64, 0xd9,
  0x34, 0x47, 0x02, 0x27, 0xff, 0x57, 0x43, 0x24, 0xec, 0xc4, 0x7f, 0xf5,
  0xbf, 0xe2, 0x2b, 0x0d, 0xb3, 0x85, 0x7f, 0x0e, 0x75, 0xf4, 0x71, 0x32,
  0x7f, 0xa0, 0x2f, 0x15, 0x90, 0x78, 0xd8, 0x08, 0xce, 0xb8, 0x3c, 0xfe,
  0xfa, 0x0e, 0xfe, 0x51, 0x42, 0x41, 0x2a, 0x46, 0xaf, 0x08, 0xe5, 0xd5,
  0xa2, 0x81, 0xf8, 0x1a, 0x09, 0x81, 0x28, 0x08, 0x14, 0xde, 0x0c, 0xe6,
  0xcf, 0x38, 0x43, 0x52, 0xba, 0xfc, 0x27, 0x21, 0xeb, 0xac, 0xbc, 0x57,
  0xbe, 0x1b, 0x6a, 0xe3, 0xf3, 0xae, 0x08, 0x81, 0xc2, 0xc9, 0xed, 0x36,
  0xdd, 0xbf, 0xb7, 0xc1, 0xf0, 0xec, 0x07, 0xd3, 0xea, 0x5e, 0x7f, 0x2f,
  0xf1, 0x05, 0xce, 0x7f, 0x04, 0x89, 0xf7, 0x3a, 0x93, 0xd8, 0x64, 0x33,
  0xe5, 0x5b, 0x1a, 0xe2, 0x0f, 0xf3, 0x06, 0x35, 0x39, 0xf9, 0x72, 0x7f,
  0x0d, 0xba, 0xef, 0x1f, 0xfb, 0xea, 0x19, 0xb1, 0x2c, 0xc5, 0x40, 0x1c,
  0xd7, 0xf6, 0x0e, 0xf3, 0xca, 0xc5, 0x41, 0x7f, 0xdc, 0x51, 0xf7, 0x2c,
  0xff, 0x18, 0xd7, 0xb4, 0xb7, 0xcd, 0x0f, 0x1a, 0x16, 0x0e, 0xfd, 0xf7,
  0x1d, 0x0a, 0xf5, 0xdc, 0xc3, 0xb2, 0x07, 0xae, 0xe9, 0xc7, 0x12, 0x0b,
  0xa4, 0xc9, 0xfe, 0xff, 0xf2, 0xe5, 0x0b, 0xe2, 0xb6, 0xa0, 0x15, 0xfe,
  0xee, 0x18, 0x0c, 0x02, 0x09, 0x07, 0xfd, 0xc7, 0xa1, 0x04, 0xcf, 0x32,
  0x1e, 0x39, 0x86, 0xd2, 0xd3, 0xd8, 0xd2, 0xe6, 0x01, 0xd3, 0x3b, 0x4f,
  0x1f, 0x45, 0x02, 0xab, 0xfe, 0x1b, 0xe3, 0xcd, 0x1b, 0x74, 0xc1, 0x27,
  0xc7, 0xe0, 0x31, 0xa5, 0x34, 0x7f, 0xe7, 0x9c, 0x36, 0xd5, 0x31, 0xc2,
  0x81, 0xde, 0xd1, 0xd4, 0xf3, 0x81, 0x2f, 0x16, 0x20, 0x31, 0x81, 0x48,
  0xed, 0x21, 0xe6, 0xc2, 0x81, 0xf3, 0xa9, 0x02, 0x0f, 0x1a, 0x14, 0xc9,
  0xf5, 0xe7, 0x33, 0xa6, 0xf8, 0x81, 0xf4, 0x07, 0xcb, 0x02, 0xcb, 0x01,
  0xc7, 0xa8, 0x2f, 0x04, 0x0a, 0x1b, 0x47, 0x32, 0x30, 0xcd, 0x00, 0x0b,
  0xaa, 0xfa, 0xce, 0x77, 0x00, 0xf4, 0xeb, 0xe3, 0xfe, 0xcc, 0x09, 0x71,
  0x2d, 0xce, 0x16, 0xfe, 0x03, 0x7f, 0x81, 0x02, 0x0d, 0x2f, 0xe7, 0x11,
  0x32, 0xd4, 0xe6, 0xff, 0xfd, 0x1d, 0xd8, 0xc8, 0x0c, 0x7b, 0x81, 0x2e,
  0x9e, 0xf3, 0xff, 0xff, 0x04, 0x00, 0x00, 0x00, 0x80, 0x00, 0x00, 0x00,
  0x1c, 0xfd, 0xff, 0xff, 0x05, 0x0e, 0x00, 0x00, 0x72, 0xf5, 0xff, 0xff,
  0x07, 0x09, 0x00, 0x00, 0x25, 0x09, 0x00, 0x00, 0xbd, 0xf9, 0xff, 0xff,
  0xbb, 0xfd, 0xff, 0xff, 0x1c, 0xfc, 0xff, 0xff, 0xe6, 0x12, 0x00, 0x00,
  0x1e, 0x0c, 0x00, 0x00, 0x50, 0x01, 0x00, 0x00, 0xda, 0xfd, 0xff, 0xff,
  0x57, 0xfe, 0xff, 0xff, 0x52, 0x08, 0x00, 0x00, 0x8b, 0x12, 0x00, 0x00,
  0xe5, 0xf1, 0xff, 0xff, 0x36, 0x05, 0x00, 0x00, 0x54, 0xff, 0xff, 0xff,
  0x9f, 0xf1, 0xff, 0xff, 0x01, 0xf9, 0xff, 0xff, 0xb1, 0x04, 0x00, 0x00,
  0x6e, 0x07, 0x00, 0x00, 0x14, 0x04, 0x00, 0x00, 0x92, 0x0e, 0x00, 0x00,
  0xfc, 0x07, 0x00, 0x00, 0x1a, 0x15, 0x00, 0x00, 0xa7, 0x02, 0x00, 0x00,
  0xb6, 0x02, 0x00, 0x00, 0x9a, 0x01, 0x00, 0x00, 0x6a, 0x08, 0x00, 0x00,
  0xaa, 0x01, 0x00, 0x00, 0x42, 0xf2, 0xff, 0xff, 0x2a, 0xf4, 0xff, 0xff,
  0x04, 0x00, 0x00, 0x00, 0x00, 0x04, 0x00, 0x00, 0x0a, 0x38, 0x13, 0x44,
  0xdb, 0xab, 0x04, 0x4d, 0xc4, 0xe5, 0xce, 0x81, 0xe9, 0x2b, 0x0d, 0x9d,
  0x04, 0xdf, 0xab, 0x0d, 0x00, 0x04, 0xfb, 0xe2, 0x08, 0xe3, 0xc0, 0x28,
  0x2e, 0xe9, 0x27, 0xf1, 0xcd, 0xee, 0xdf, 0x32, 0xf0, 0xf0, 0xcd, 0xfb,
  0x8b, 0x1d, 0x0a, 0xdd, 0xe5, 0x2e, 0x18, 0xea, 0x43, 0x04, 0xd6, 0x44,
  0xe1, 0x2a, 0x81, 0xce, 0xb7, 0xb0, 0xc5, 0x42, 0xdb, 0x33, 0xf1, 0xd4,
  0x4a, 0xf4, 0xd2, 0x11, 0xff, 0x1f, 0x2b, 0x2b, 0xaa, 0x43, 0x1f, 0x11,
  0xec, 0xe9, 0x33, 0x27, 0xe6, 0x19, 0x01, 0xaa, 0xd7, 0xfa, 0xe1, 0x81,
  0xe8, 0x1a, 0x14, 0x0a, 0xcb, 0x54, 0xc5, 0x1e, 0xf5, 0x51, 0xdc, 0xd0,
  0xd4, 0xa5, 0xe1, 0x2e, 0xf9, 0xd8, 0xc4, 0xc4, 0x27, 0xdd, 0xa0, 0x1c,
  0xc5, 0xff, 0xaa, 0xe2, 0xbf, 0xcd, 0x2e, 0x6c, 0xbe, 0x26, 0xe6, 0x7f,
  0xec, 0x06, 0x7f, 0xf3, 0x1f, 0x04, 0x17, 0x7c, 0x6a, 0xeb, 0xb1, 0x32,
  0xfa, 0xf7, 0xcd, 0xbe, 0xf3, 0x51, 0xf3, 0x0c, 0x62, 0x0e, 0x02, 0xab,
  0xae, 0xab, 0xfa, 0x1c, 0x3f, 0xf0, 0x81, 0xf5, 0xeb, 0xc2, 0x2c, 0xd0,
  0xff, 0x50, 0x25, 0x13, 0x04, 0xe3, 0xe2, 0x8d, 0xce, 0x67, 0x3c, 0xdb,
  0xf4, 0x7a, 0x2e, 0xee, 0x47, 0x51, 0xa0, 0xe4, 0x5d, 0x7f, 0x25, 0xdc,
  0xb4, 0x1d, 0xdf, 0xc0, 0x91, 0x04, 0xe0, 0xdd, 0x25, 0x37, 0xf5, 0x3a,
  0xd3, 0xd4, 0xd4, 0xc8, 0x81, 0xf3, 0x07, 0xfc, 0x35, 0xd3, 0xc0, 0x2b,
  0x93, 0x27, 0x0f, 0x4c, 0xda, 0x32, 0x82, 0x21, 0x3a, 0x1f, 0x1c, 0x70,
  0xb2, 0x14, 0x23, 0x0b, 0x25, 0xbd, 0xad, 0xfe, 0xc9, 0x31, 0xd0, 0xdf,
  0x4f, 0x03, 0x73, 0xef, 0x82, 0x34, 0x23, 0x1f, 0xf5, 0xa4, 0x8d, 0x15,
  0xaa, 0xdc, 0x45, 0xf5, 0x5d, 0x28, 0x33, 0x42, 0x28, 0x00, 0x30, 0x7f,
  0x36, 0xca, 0xd8, 0xc7, 0x01, 0xec, 0xec, 0x47, 0xcb, 0xe4, 0x0b, 0x0e,
  0xaa, 0xc6, 0xa8, 0x81, 0x3d, 0xcd, 0xd8, 0x09, 0xd6, 0x0c, 0x01, 0x8e,
  0xe4, 0x91, 0x08, 0x2c, 0x2a, 0xf7, 0xfa, 0xe5, 0xf9, 0x14, 0xff, 0x70,
  0x20, 0x36, 0xca, 0x1f, 0xd9, 0xf0, 0x0c, 0x1d, 0x99, 0xc8, 0x19, 0x2e,
  0xeb, 0x1a, 0xd2, 0xef, 0x0d, 0x65, 0x20, 0xb5, 0x0c, 0x81, 0x1c, 0xbf,
  0xe5, 0x59, 0x25, 0xec, 0x22, 0xc7, 0x1d, 0x51, 0xc9, 0x96, 0xb6, 0x56,
  0xf1, 0x08, 0xe1, 0xca, 0xca, 0xa8, 0x81, 0xc4, 0x16, 0xb8, 0x9f, 0x2d,
  0xeb, 0xff, 0x0b, 0x39, 0xef, 0x04, 0x07, 0xed, 0xf9, 0x01, 0xb5, 0x4c,
  0xbc, 0xe1, 0x34, 0x2b, 0x05, 0x37, 0xc2, 0x2c, 0x0e, 0xc4, 0x3b, 0x88,
  0xa5, 0xfe, 0x44, 0x10, 0x15, 0xc3, 0xb5, 0x00, 0xf3, 0xce, 0x81, 0xd8,
  0x50, 0xd3, 0xc8, 0xfa, 0xf0, 0xf5, 0x28, 0xd2, 0x3e, 0x28, 0x03, 0x11,
  0x81, 0x15, 0xa4, 0x96, 0xe1, 0x75, 0x13, 0xac, 0xf8, 0xe5, 0x10, 0xc9,
  0xfc, 0x5a, 0x51, 0x5a, 0xe3, 0xe7, 0xd4, 0xd3, 0x4f, 0x2c, 0xda, 0x5a,
  0x24, 0xed, 0x69, 0xfb, 0x3e, 0x0c, 0x30, 0xbf, 0x00, 0xe8, 0xea, 0x28,
  0x14, 0x6f, 0x39, 0xed, 0xef, 0x7f, 0xb4, 0xe0, 0xf2, 0x0b, 0x25, 0xec,
  0x1c, 0x2b, 0xc4, 0xcd, 0xd6, 0xa7, 0xd9, 0x02, 0x74, 0xe5, 0xc6, 0xdb,
  0x67, 0x81, 0x28, 0xe1, 0xf8, 0x8f, 0xd6, 0x16, 0xdc, 0xae, 0x10, 0xcf,
  0xe6, 0x21, 0x02, 0xc6, 0x3c, 0x8d, 0xf4, 0xed, 0x3e, 0xef, 0x02, 0xf6,
  0x1b, 0x3c, 0xe7, 0xd3, 0x17, 0xfa, 0xf5, 0x50, 0xc4, 0xdf, 0x24, 0x1f,
  0xf7, 0x15, 0x13, 0x2a, 0x2a, 0xfd, 0xf8, 0xfb, 0xcb, 0xc7, 0xe4, 0xf8,
  0x0c, 0xe4, 0x13, 0xd7, 0x38, 0xb3, 0x81, 0x15, 0x63, 0xe4, 0x29, 0x06,
  0xdf, 0xcf, 0x48, 0x10, 0xfe, 0x7f, 0x29, 0xdb, 0xc2, 0xd8, 0xa6, 0xcb,
  0xfd, 0xdc, 0xca, 0xd4, 0xe6, 0x9c, 0x39, 0xf8, 0x16, 0xba, 0xb9, 0xf0,
  0x36, 0x09, 0xd0, 0xd5, 0x15, 0x1d, 0x24, 0xdc, 0x2d, 0x15, 0xb7, 0x16,
  0xc2, 0xea, 0xe2, 0xd5, 0x02, 0xce, 0xcc, 0xe6, 0xf0, 0x3c, 0x53, 0xbf,
  0xd8, 0x3e, 0x05, 0xf0, 0x13, 0xff, 0xc8, 0x2f, 0x81, 0x28, 0xf8, 0xf6,
  0xa0, 0xf8, 0xd2, 0xfd, 0xd3, 0x57, 0xf2, 0xaf, 0xd0, 0x53, 0xf3, 0x2a,
  0x0d, 0x0d, 0xeb, 0xcb, 0x31, 0x06, 0xfc, 0x07, 0x09, 0xee, 0x22, 0x27,
  0xec, 0xdf, 0x38, 0x59, 0x11, 0xf5, 0x0a, 0xe9, 0xf9, 0x27, 0x1b, 0x7f,
  0xe3, 0xda, 0xf9, 0x20, 0x16, 0x36, 0x31, 0x14, 0x19, 0xbe, 0x24, 0xef,
  0x77, 0x38, 0xd1, 0xfb, 0xce, 0x2b, 0x81, 0x0e, 0x0c, 0xd7, 0x91, 0xd6,
  0x20, 0x05, 0x1d, 0xfd, 0xc7, 0xf0, 0x14, 0xf3, 0x14, 0x9f, 0x3f, 0xf3,
  0x27, 0xe5, 0xc9, 0x97, 0x7f, 0xce, 0xd3, 0x27, 0xaa, 0x01, 0xdb, 0xba,
  0x8e, 0x43, 0xe0, 0xbe, 0x38, 0xa3, 0x0e, 0xb8, 0x1d, 0x57, 0xbb, 0xc1,
  0x00, 0xd6, 0x00, 0x17, 0xf6, 0x23, 0x10, 0x03, 0xcc, 0xf9, 0xe4, 0x07,
  0x3c, 0xb9, 0x0e, 0xdb, 0x34, 0xfa, 0xf6, 0xb5, 0x4f, 0x3c, 0xe9, 0xa5,
  0xfb, 0x7f, 0xf5, 0x8a, 0x2e, 0xc3, 0xbb, 0x21, 0xf0, 0x0a, 0x00, 0x8e,
  0xf7, 0x89, 0xc9, 0xd8, 0x89, 0x23, 0x02, 0xdb, 0x7f, 0x15, 0xe0, 0xe4,
  0xb8, 0x2e, 0x29, 0xd6, 0x18, 0x3a, 0x19, 0xfb, 0x03, 0x46, 0x0e, 0x0b,
  0xb8, 0x2f, 0x25, 0x3b, 0x82, 0xe5, 0xc1, 0xf7, 0xb1, 0x45, 0xc7, 0x85,
  0x2b, 0x27, 0xe1, 0x57, 0xd1, 0x98, 0x1e, 0xc6, 0xb6, 0x1a, 0xef, 0xb6,
  0x3b, 0x35, 0x81, 0x2a, 0xeb, 0x61, 0xee, 0xd3, 0xea, 0xea, 0x17, 0x47,
  0x5e, 0x2f, 0x53, 0x44, 0x85, 0xea, 0x03, 0x29, 0xce, 0xf1, 0xd2, 0xf4,
  0xfa, 0xaf, 0x06, 0x10, 0x93, 0x1f, 0x72, 0xa5, 0xdf, 0x03, 0xd3, 0xc0,
  0x60, 0xee, 0x94, 0xef, 0xe5, 0x4b, 0xd4, 0x81, 0xdc, 0xc4, 0xfa, 0x62,
  0xdf, 0x02, 0xd8, 0xe1, 0xb5, 0xe8, 0xc1, 0xf5, 0x4c, 0xaf, 0x04, 0xd5,
  0x0c, 0x47, 0x08, 0x1f, 0xdb, 0xea, 0x2c, 0xc1, 0xe1, 0xcf, 0x7c, 0x3d,
  0x34, 0x17, 0xbf, 0xb1, 0x12, 0x05, 0x16, 0xf3, 0x01, 0x81, 0xaf, 0xc1,
  0x16, 0x23, 0x3a, 0x1c, 0xee, 0x20, 0xe4, 0xbb, 0xda, 0xea, 0xe7, 0xa8,
  0x7f, 0x36, 0x82, 0x42, 0xf7, 0x4e, 0x40, 0x0f, 0xbd, 0x34, 0xdf, 0xf8,
  0x22, 0x18, 0x24, 0x33, 0xfa, 0x05, 0x35, 0xfa, 0x16, 0x7f, 0xfa, 0xeb,
  0xf4, 0x01, 0xfe, 0x01, 0xf3, 0x2d, 0xee, 0x85, 0xa0, 0x26, 0x92, 0x2d,
  0x18, 0xc7, 0xc1, 0x54, 0x32, 0xfe, 0xf7, 0x30, 0xc9, 0xf4, 0xcc, 0x0b,
  0xd7, 0xff, 0x28, 0x28, 0x09, 0xc2, 0xa8, 0x09, 0x3d, 0xba, 0xa5, 0x45,
  0xab, 0x63, 0x36, 0xb3, 0xfb, 0x2a, 0xc5, 0xbc, 0x12, 0x94, 0xe9, 0x06,
  0xb8, 0x61, 0x81, 0xd1, 0xb1, 0xed, 0xce, 0x11, 0xa5, 0x0e, 0xce, 0xfa,
  0x47, 0x1d, 0xfd, 0x10, 0xdb, 0x36, 0x00, 0x55, 0x63, 0x0b, 0x7f, 0x01,
  0xfe, 0xe3, 0xc2, 0xd6, 0xe2, 0xb9, 0x81, 0xed, 0x2d, 0xc6, 0x40, 0xb7,
  0x13, 0xe7, 0xcc, 0x33, 0x4c, 0xad, 0xdc, 0x2b, 0xae, 0xe2, 0x8e, 0xc0,
  0xdf, 0xdc, 0x10, 0xe4, 0x83, 0x16, 0x29, 0xa8, 0xaa, 0x16, 0x0f, 0xf0,
  0x35, 0xcf, 0x87, 0x2a, 0xa2, 0x3b, 0xb4, 0xb0, 0xde, 0x8b, 0xcb, 0x32,
  0x81, 0x60, 0xd5, 0xac, 0xfd, 0x5f, 0x1a, 0x9d, 0xd8, 0x07, 0x1b, 0xb6,
  0x06, 0xf6, 0x30, 0xea, 0x11, 0xbc, 0x15, 0x0c, 0x91, 0xc2, 0x06, 0xfd,
  0xfd, 0x0b, 0x7f, 0x2c, 0xcf, 0x4e, 0x2f, 0xfd, 0x0c, 0x0f, 0xf8, 0xf8,
  0x36, 0xf8, 0xff, 0xff, 0x04, 0x00, 0x00, 0x00, 0x80, 0x00, 0x00, 0x00,
  0x88, 0xf5, 0xff, 0xff, 0x66, 0x10, 0x00, 0x00, 0x92, 0xf1, 0xff, 0xff,
  0x34, 0x03, 0x00, 0x00, 0xf2, 0xf5, 0xff, 0xff, 0xe1, 0xe7, 0xff, 0xff,
  0xce, 0x03, 0x00, 0x00, 0x8e, 0xe9, 0xff, 0xff, 0xdd, 0x15, 0x00, 0x00,
  0x94, 0xf0, 0xff, 0xff, 0x56, 0x0b, 0x00, 0x00, 0x44, 0xff, 0xff, 0xff,
  0xd4, 0xf0, 0xff, 0xff, 0xc7, 0xed, 0xff, 0xff, 0xcb, 0xf4, 0xff, 0xff,
  0x16, 0x0a, 0x00, 0x00, 0x13, 0x0d, 0x00, 0x00, 0x7a, 0x04, 0x00, 0x00,
  0xef, 0xe0, 0xff, 0xff, 0x0c, 0xf7, 0xff, 0xff, 0xa7, 0x02, 0x00, 0x00,
  0xc1, 0x08, 0x00, 0x00, 0xa8, 0xf3, 0xff, 0xff, 0x4f, 0xfe, 0xff, 0xff,
  0xf3, 0x0d, 0x00, 0x00, 0x21, 0x01, 0x00, 0x00, 0x93, 0xf7, 0xff, 0xff,
  0x92, 0xfc, 0xff, 0xff, 0xbc, 0x0f, 0x00, 0x00, 0x42, 0xfa, 0xff, 0xff,
  0x54, 0x1a, 0x00, 0x00, 0x16, 0xf4, 0xff, 0xff, 0xc2, 0xf8, 0xff, 0xff,
  0x04, 0x00, 0x00, 0x00, 0xe0, 0x01, 0x00, 0x00, 0x82, 0xb2, 0x2e, 0xd6,
  0xe2, 0xed, 0x4a, 0x81, 0x7f, 0x38, 0x9a, 0x97, 0xab, 0x92, 0x56, 0x44,
  0xaf, 0x0b, 0x8c, 0x51, 0x34, 0x9e, 0x8f, 0xd5, 0xb3, 0x0c, 0xc7, 0xc5,
  0xfc, 0xaa, 0x7f, 0x99, 0xdb, 0xee, 0x25, 0xa2, 0x96, 0xf6, 0x36, 0x9d,
  0xff, 0x3f, 0x98, 0xb8, 0xaf, 0xc6, 0xdd, 0x57, 0x81, 0x11, 0x14, 0x39,
  0xab, 0x20, 0x0b, 0x11, 0xbd, 0xd6, 0xb2, 0x19, 0x5e, 0xed, 0x7f, 0xad,
  0x9d, 0x10, 0xc6, 0x0b, 0x35, 0x81, 0x29, 0x0c, 0xe2, 0x17, 0x50, 0xbe,
  0x81, 0x2e, 0x9a, 0x63, 0xac, 0x5f, 0x5e, 0x3e, 0xa1, 0x13, 0x34, 0x64,
  0x29, 0x81, 0xac, 0x66, 0x5d, 0xc8, 0x5c, 0x54, 0x81, 0xa7, 0x60, 0xf0,
  0x05, 0xd8, 0x7f, 0xd8, 0x49, 0x2c, 0x81, 0x81, 0xc9, 0x9d, 0xfa, 0x73,
  0xe8, 0x35, 0x97, 0xfc, 0x1e, 0xa1, 0x0e, 0x0d, 0x38, 0x1d, 0xbc, 0x01,
  0x5f, 0x89, 0x22, 0x88, 0x13, 0x8e, 0x25, 0xa9, 0x92, 0xd7, 0x43, 0xa9,
  0x1d, 0x52, 0xc3, 0xb4, 0xcd, 0xab, 0xc1, 0x60, 0xd7, 0x13, 0x5a, 0x02,
  0xc4, 0x86, 0xc2, 0x0c, 0x23, 0xe3, 0xdd, 0xb3, 0x57, 0xb8, 0x62, 0xcf,
  0x21, 0x81, 0xda, 0x2f, 0x1f, 0xa3, 0x34, 0x04, 0x11, 0x7f, 0x1f, 0x89,
  0xcb, 0x44, 0x92, 0x69, 0xf1, 0x12, 0x41, 0x28, 0xc1, 0xc9, 0x58, 0x4f,
  0x7f, 0xb1, 0xc0, 0xfd, 0x5b, 0x25, 0x3f, 0x4c, 0xa4, 0xe6, 0x7f, 0x26,
  0x0c, 0xfb, 0x7f, 0xdf, 0xed, 0x3e, 0xd6, 0xee, 0x2c, 0x81, 0x00, 0x60,
  0x0c, 0x5b, 0xdc, 0x0c, 0x1d, 0x81, 0x1c, 0x47, 0x7e, 0x16, 0xcd, 0x49,
  0x7f, 0xd4, 0xa8, 0x81, 0x18, 0xef, 0x73, 0xe8, 0x81, 0xce, 0x73, 0xe3,
  0x0d, 0x31, 0xe1, 0xc7, 0x17, 0x11, 0x81, 0x7f, 0x08, 0x7f, 0x66, 0x3b,
  0xd6, 0xd4, 0xa3, 0x4a, 0x39, 0xe0, 0x08, 0x81, 0x52, 0xbe, 0xf3, 0xcd,
  0xe5, 0xe7, 0xf3, 0x36, 0x50, 0xc6, 0x4e, 0xe4, 0x1b, 0x54, 0x03, 0xb2,
  0x0a, 0x4e, 0xbb, 0x6f, 0x3c, 0x34, 0x10, 0x0d, 0x81, 0xf0, 0x3c, 0x39,
  0x6b, 0xc3, 0xd4, 0xc3, 0x6d, 0x7b, 0x1a, 0x32, 0xf0, 0x2e, 0x3f, 0x11,
  0x47, 0xcd, 0x19, 0x1e, 0xe3, 0x63, 0x36, 0x26, 0xdf, 0xaa, 0xbe, 0x4f,
  0x0f, 0x11, 0x7f, 0x61, 0x0d, 0xa7, 0x39, 0x7a, 0x47, 0xd4, 0xd5, 0x4d,
  0x78, 0x4c, 0x9a, 0xa3, 0x46, 0x45, 0x0f, 0x06, 0xcd, 0xaa, 0x14, 0xdd,
  0xf7, 0x11, 0x25, 0xab, 0x0c, 0xf4, 0xb0, 0x71, 0x1a, 0x0f, 0x14, 0x48,
  0xe1, 0xb1, 0xdb, 0x69, 0xf0, 0xd0, 0xfd, 0xad, 0x57, 0x60, 0xc9, 0xc5,
  0xd0, 0x29, 0xf4, 0x46, 0x62, 0xac, 0xfa, 0xfa, 0x2d, 0x22, 0x34, 0xb4,
  0x15, 0x2f, 0xdf, 0x53, 0x39, 0x28, 0xc1, 0x4e, 0x96, 0xf0, 0x29, 0x40,
  0x3c, 0x9b, 0xa4, 0xc6, 0x36, 0x7f, 0xd2, 0x64, 0xce, 0x49, 0x48, 0x34,
  0x7e, 0xf4, 0xda, 0x29, 0x87, 0x4b, 0x31, 0x2b, 0x2e, 0xb9, 0xd5, 0x2f,
  0x35, 0x9b, 0x3b, 0x23, 0x35, 0x9e, 0x49, 0x7f, 0xab, 0x06, 0xe2, 0x5a,
  0x47, 0x3f, 0x9f, 0xaf, 0xb5, 0x39, 0xd1, 0x1d, 0x41, 0xac, 0xa9, 0xf3,
  0xb5, 0x41, 0x29, 0xa7, 0x4a, 0x06, 0xea, 0x38, 0x22, 0xc2, 0x21, 0x21,
  0xfe, 0xc8, 0x3a, 0x22, 0xaf, 0xd4, 0xf7, 0x25, 0x57, 0x47, 0xa5, 0x9c,
  0x10, 0x2a, 0xd8, 0x7f, 0x72, 0xc2, 0x89, 0xef, 0x25, 0x78, 0xef, 0x8a,
  0x60, 0x0d, 0x15, 0xe6, 0x55, 0xd9, 0xc7, 0x7f, 0x88, 0xf1, 0x7f, 0x31,
  0xa0, 0xfd, 0x81, 0xa3, 0x31, 0xbc, 0x98, 0x56, 0xae, 0xfa, 0xff, 0xff,
  0x04, 0x00, 0x00, 0x00, 0x80, 0x00, 0x00, 0x00, 0x32, 0xfe, 0xff, 0xff,
  0xe2, 0x01, 0x00, 0x00, 0x16, 0xf3, 0xff, 0xff, 0x06, 0xff, 0xff, 0xff,
  0x1c, 0xff, 0xff, 0xff, 0x17, 0x15, 0x00, 0x00, 0xd2, 0xf3, 0xff, 0xff,
  0xcd, 0x13, 0x00, 0x00, 0x1e, 0xf5, 0xff, 0xff, 0x50, 0xe5, 0xff, 0xff,
  0xc2, 0x07, 0x00, 0x00, 0xd8, 0x0b, 0x00, 0x00, 0x0d, 0x00, 0x00, 0x00,
  0xbb, 0x07, 0x00, 0x00, 0x24, 0x0f, 0x00, 0x00, 0xb4, 0xb8, 0xff, 0xff,
  0xb0, 0x06, 0x00, 0x00, 0x8d, 0xf0, 0xff, 0xff, 0x25, 0xee, 0xff, 0xff,
  0x72, 0xf2, 0xff, 0xff, 0x4d, 0x0b, 0x00, 0x00, 0x3f, 0x19, 0x00, 0x00,
  0x6b, 0xf9, 0xff, 0xff, 0xb0, 0xd1, 0xff, 0xff, 0x32, 0xee, 0xff, 0xff,
  0xd0, 0x14, 0x00, 0x00, 0x77, 0x2f, 0x00, 0x00, 0x61, 0xfd, 0xff, 0xff,
  0x73, 0xcd, 0xff, 0xff, 0x61, 0xf3, 0xff, 0xff, 0x09, 0xfe, 0xff, 0xff,
  0x2d, 0x1e, 0x00, 0x00, 0x3a, 0xfb, 0xff, 0xff, 0x04, 0x00, 0x00, 0x00,
  0x00, 0x04, 0x00, 0x00, 0xed, 0x67, 0xfc, 0xc9, 0x53, 0x81, 0xb2, 0xc6,
  0x18, 0xc8, 0x49, 0x36, 0xa4, 0xb3, 0x9b, 0x08, 0xb3, 0x1b, 0xc0, 0xe9,
  0x72, 0x11, 0x50, 0xc2, 0x3f, 0x0f, 0x24, 0xa2, 0x66, 0x65, 0x64, 0xc2,
  0xfd, 0x56, 0x08, 0xd9, 0x47, 0x81, 0xc5, 0xc6, 0x15, 0xc5, 0x42, 0x38,
  0xb8, 0xb4, 0xb0, 0x08, 0xbc, 0x1a, 0xaf, 0xf5, 0x61, 0xff, 0x49, 0xc9,
  0x2e, 0x0a, 0x25, 0xbc, 0x59, 0x5d, 0x5a, 0xc4, 0x18, 0x69, 0xf3, 0xd0,
  0x51, 0x81, 0xb9, 0xd0, 0x1f, 0xb9, 0x3e, 0x34, 0xa4, 0xad, 0xb7, 0x12,
  0xab, 0x18, 0xba, 0xee, 0x5d, 0x01, 0x64, 0xbb, 0x3d, 0x0b, 0x25, 0xb3,
  0x58, 0x68, 0x60, 0xca, 0x61, 0x9c, 0x44, 0x3e, 0x03, 0xda, 0x2f, 0x43,
  0xc9, 0x32, 0x39, 0x42, 0x57, 0xaa, 0x23, 0x81, 0xa6, 0xbe, 0xde, 0x42,
  0xa0, 0x9f, 0x9c, 0x41, 0xc5, 0xb5, 0x94, 0x70, 0xc0, 0xd0, 0x9d, 0x7e,
  0xe9, 0x5a, 0xfd, 0xd7, 0x48, 0x81, 0xbd, 0xca, 0x15, 0xc6, 0x44, 0x2d,
  0xb1, 0xab, 0x94, 0x0a, 0xb6, 0x15, 0xd1, 0xf7, 0x61, 0x01, 0x3e, 0xcb,
  0x32, 0x0d, 0x2f, 0xae, 0x4e, 0x60, 0x56, 0xc7, 0xf7, 0x69, 0x03, 0xcb,
  0x5e, 0x81, 0xab, 0xce, 0x2a, 0xc3, 0x47, 0x36, 0xad, 0xae, 0x89, 0x0f,
  0xac, 0x1b, 0xdb, 0xea, 0x78, 0x08, 0x63, 0xbf, 0x32, 0x05, 0x32, 0xa1,
  0x69, 0x67, 0x60, 0xc6, 0x02, 0x98, 0x3d, 0x44, 0x0c, 0xeb, 0x33, 0x30,
  0xc3, 0x31, 0x3a, 0x3b, 0x5a, 0xad, 0x35, 0x81, 0xa2, 0xbd, 0xd1, 0x3c,
  0xaa, 0x9e, 0x9c, 0x42, 0xc0, 0xb0, 0x9b, 0x69, 0xc4, 0xcd, 0x9d, 0x7e,
  0xc2, 0x60, 0xfb, 0xd4, 0x50, 0x81, 0xbf, 0xc8, 0x2e, 0xbe, 0x39, 0x27,
  0xb2, 0xb8, 0xa0, 0x11, 0xb9, 0x06, 0xb5, 0xf8, 0x61, 0x04, 0x51, 0xc5,
  0x35, 0x08, 0x33, 0xb7, 0x62, 0x6b, 0x5a, 0xba, 0xf4, 0x67, 0xf8, 0xd1,
  0x5b, 0x81, 0xb5, 0xaf, 0x26, 0xbf, 0x4a, 0x48, 0xa2, 0xa8, 0xab, 0x0e,
  0xb0, 0x1f, 0xc9, 0xf6, 0x71, 0x07, 0x5f, 0xbc, 0x43, 0x10, 0x28, 0xa2,
  0x66, 0x6c, 0x64, 0xb8, 0xf4, 0x67, 0x00, 0xd5, 0x57, 0x81, 0xb3, 0xc0,
  0x30, 0xbc, 0x43, 0x46, 0xab, 0xa8, 0x89, 0x10, 0xae, 0x1c, 0xb0, 0xee,
  0x70, 0x0c, 0x5e, 0xbc, 0x35, 0x0c, 0x28, 0xaf, 0x5c, 0x63, 0x5e, 0xc3,
  0x13, 0x57, 0xfc, 0xd1, 0x57, 0x81, 0xbb, 0xb9, 0x2f, 0xc2, 0x3c, 0x31,
  0xac, 0xbb, 0x9c, 0x12, 0xb9, 0x0f, 0xd5, 0xf1, 0x6f, 0xfe, 0x63, 0xc1,
  0x2d, 0x15, 0x24, 0xae, 0x51, 0x6a, 0x4b, 0xc9, 0xde, 0x67, 0xf8, 0xce,
  0x54, 0x81, 0xbb, 0xc4, 0x14, 0xc2, 0x44, 0x2f, 0xa3, 0xa4, 0x97, 0x0b,
  0xac, 0x13, 0xbc, 0xfa, 0x72, 0x00, 0x50, 0xbd, 0x37, 0x14, 0x35, 0xa5,
  0x63, 0x75, 0x5e, 0xc3, 0x0e, 0x95, 0x2b, 0x4e, 0x08, 0xf0, 0x51, 0x43,
  0xc6, 0x3e, 0x32, 0x51, 0x4c, 0xab, 0x2f, 0x81, 0xa4, 0xb6, 0xae, 0x3f,
  0x98, 0xbf, 0x8f, 0x34, 0xb9, 0xb1, 0x84, 0x6d, 0xd4, 0xcd, 0x99, 0x7a,
  0xe4, 0x62, 0xfa, 0xd2, 0x4f, 0x81, 0xbe, 0xc3, 0x21, 0xbf, 0x3b, 0x2a,
  0xaa, 0xb4, 0x9f, 0x0e, 0xb5, 0x11, 0xe1, 0xf4, 0x6f, 0x06, 0x56, 0xc5,
  0x30, 0x09, 0x1e, 0xb2, 0x59, 0x6c, 0x58, 0xc0, 0xfe, 0x62, 0xfd, 0xd3,
  0x4b, 0x81, 0xc1, 0xc9, 0x2b, 0xc9, 0x39, 0x3f, 0xb2, 0xbe, 0x94, 0x0b,
  0xb9, 0x12, 0xba, 0xf0, 0x6b, 0x10, 0x53, 0xc6, 0x3a, 0x0b, 0x1b, 0xb0,
  0x5a, 0x61, 0x59, 0xcb, 0xfd, 0x9d, 0x32, 0x52, 0x09, 0xf1, 0x30, 0x3a,
  0xd0, 0x3c, 0x2d, 0x2f, 0x50, 0xb8, 0x1f, 0x81, 0xa8, 0xbd, 0xd6, 0x3a,
  0xb7, 0xa9, 0x9b, 0x4c, 0xbb, 0xb1, 0x8e, 0x66, 0xc7, 0xd8, 0xa6, 0x6b,
  0x1a, 0x6d, 0xfa, 0xcb, 0x59, 0x81, 0xb3, 0xca, 0x2b, 0xb6, 0x39, 0x26,
  0xab, 0x9a, 0x85, 0x16, 0xa7, 0x14, 0xd3, 0xef, 0x70, 0x03, 0x61, 0xb9,
  0x3c, 0x1d, 0x2b, 0xa7, 0x6a, 0x72, 0x60, 0xba, 0xf8, 0x68, 0x04, 0xd2,
  0x54, 0x81, 0xb9, 0xc1, 0x18, 0xc4, 0x40, 0x3b, 0xa6, 0xaf, 0x84, 0x0c,
  0xb8, 0x0f, 0xc3, 0xe9, 0x77, 0x17, 0x4b, 0xc4, 0x38, 0x10, 0x33, 0xa3,
  0x6a, 0x66, 0x60, 0xbe, 0xf8, 0x9f, 0x4d, 0x4a, 0x01, 0xda, 0x1c, 0x50,
  0xde, 0x27, 0x34, 0x63, 0x51, 0xb8, 0x12, 0x8f, 0x9c, 0xc8, 0xd0, 0x36,
  0xa0, 0xa8, 0xa7, 0x47, 0xca, 0xa3, 0x95, 0x5f, 0xb6, 0xd9, 0xa1, 0x7f,
  0x23, 0x95, 0x4d, 0x51, 0x02, 0xfe, 0x53, 0x3e, 0xdd, 0x2c, 0x47, 0x50,
  0x72, 0xad, 0x25, 0x81, 0x96, 0xba, 0xca, 0x34, 0x9b, 0xa8, 0x9f, 0x42,
  0xc8, 0xae, 0x9a, 0x75, 0xc1, 0xc9, 0x99, 0x7d, 0x0b, 0x5e, 0x01, 0xd7,
  0x51, 0x81, 0xbc, 0xc8, 0x1c, 0xcb, 0x3f, 0x42, 0xaf, 0xbf, 0x9e, 0x0d,
  0xb8, 0x1e, 0xc7, 0xf3, 0x69, 0x08, 0x59, 0xc8, 0x2c, 0x0e, 0x26, 0xa9,
  0x54, 0x65, 0x59, 0xc8, 0xf9, 0x90, 0x43, 0x49, 0x0a, 0xeb, 0x3e, 0x51,
  0xbd, 0x3b, 0x30, 0x2a, 0x57, 0xbd, 0x2e, 0x81, 0xa5, 0xc0, 0xec, 0x42,
  0xaf, 0xb9, 0xa1, 0x3f, 0xbb, 0xb2, 0x8e, 0x71, 0xc1, 0xcf, 0xa3, 0x77,
  0xfe, 0x66, 0xfc, 0xcc, 0x56, 0x81, 0xb8, 0xd0, 0x2f, 0xc8, 0x41, 0x36,
  0xb1, 0xab, 0x98, 0x0c, 0xb4, 0x15, 0xc3, 0xfa, 0x61, 0x01, 0x4f, 0xc6,
  0x3c, 0x06, 0x3c, 0xaf, 0x5e, 0x65, 0x5a, 0xca, 0xdb, 0x95, 0x41, 0x49,
  0x0e, 0xfd, 0x30, 0x38, 0xf0, 0x29, 0x39, 0x58, 0x5c, 0xb9, 0x13, 0x87,
  0xa7, 0xbb, 0xc3, 0x30, 0xa0, 0xa8, 0xa3, 0x3d, 0xb2, 0xbc, 0x81, 0x73,
  0xd2, 0xd4, 0x97, 0x7a, 0x3b, 0x93, 0x44, 0x57, 0x05, 0xfe, 0x3c, 0x46,
  0xc6, 0x41, 0x36, 0x48, 0x64, 0xb1, 0x1f, 0x81, 0xa0, 0xb9, 0xc5, 0x3e,
  0xac, 0x9f, 0x91, 0x4d, 0xc0, 0xaa, 0x93, 0x67, 0xb6, 0xd0, 0x95, 0x7d,
  0xd5, 0x94, 0x4e, 0x57, 0xfd, 0xeb, 0x43, 0x2c, 0xc6, 0x3b, 0x3d, 0x46,
  0x60, 0xac, 0x2a, 0x81, 0xa3, 0xb4, 0xd1, 0x3e, 0xa0, 0x9c, 0x8f, 0x4d,
  0xbf, 0xb9, 0x9a, 0x72, 0xbb, 0xcb, 0x93, 0x75, 0x1a, 0x87, 0x47, 0x56,
  0x0b, 0xdf, 0x46, 0x2f, 0xb1, 0x43, 0x3c, 0x6a, 0x53, 0xab, 0x50, 0x86,
  0x98, 0xae, 0xdb, 0x3d, 0x9c, 0xa5, 0x8a, 0x40, 0xac, 0x97, 0xa2, 0x62,
  0xcb, 0xca, 0x8c, 0x7f, 0x30, 0x97, 0x48, 0x3d, 0x06, 0xda, 0x35, 0x53,
  0xc7, 0x25, 0x37, 0x2a, 0x5e, 0xb7, 0x30, 0x87, 0xa9, 0xc0, 0xf4, 0x3c,
  0xa8, 0x93, 0xa7, 0x43, 0xc7, 0xb4, 0x95, 0x6a, 0xbe, 0xce, 0xa6, 0x7f,
  0xed, 0x5d, 0xfb, 0xd4, 0x50, 0x81, 0xc2, 0xca, 0x17, 0xc5, 0x41, 0x28,
  0xad, 0xb1, 0xb3, 0x10, 0xb6, 0x14, 0xcb, 0xf7, 0x6b, 0xff, 0x58, 0xc0,
  0x3b, 0x0b, 0x23, 0xaf, 0x53, 0x6d, 0x57, 0xc7, 0x21, 0x68, 0xfb, 0xcb,
  0x54, 0x81, 0xbb, 0xd2, 0x22, 0xb9, 0x37, 0x22, 0xb2, 0xa2, 0x95, 0x1f,
  0xb4, 0x15, 0xbd, 0xef, 0x63, 0x02, 0x51, 0xbd, 0x3d, 0x1e, 0x3c, 0xae,
  0x64, 0x63, 0x64, 0xba, 0x01, 0x5f, 0xf9, 0xcc, 0x4f, 0x81, 0xbe, 0xcf,
  0x1b, 0xc2, 0x3e, 0x26, 0xb2, 0xbc, 0x90, 0x14, 0xb9, 0x12, 0xe1, 0xf1,
  0x76, 0x05, 0x60, 0xc3, 0x35, 0x0d, 0x29, 0xbd, 0x5c, 0x66, 0x58, 0xc6,
  0x5d, 0x97, 0x47, 0x54, 0x06, 0xe0, 0x2a, 0x4b, 0xc4, 0x3c, 0x2b, 0x4b,
  0x4d, 0xa4, 0x31, 0x81, 0xa1, 0xbf, 0xce, 0x4c, 0x95, 0xaa, 0x92, 0x3d,
  0xc8, 0xac, 0x8e, 0x5d, 0xb8, 0xdb, 0xa7, 0x7b, 0x46, 0xff, 0xff, 0xff,
  0x04, 0x00, 0x00, 0x00, 0x80, 0x00, 0x00, 0x00, 0x45, 0x00, 0x00, 0x00,
  0x20, 0x00, 0x00, 0x00, 0x7c, 0x01, 0x00, 0x00, 0xc9, 0x0e, 0x00, 0x00,
  0xa4, 0x01, 0x00, 0x00, 0x88, 0xff, 0xff, 0xff, 0xc5, 0x0e, 0x00, 0x00,
  0x30, 0x02, 0x00, 0x00, 0x8b, 0x00, 0x00, 0x00, 0xe2, 0x01, 0x00, 0x00,
  0x4f, 0x01, 0x00, 0x00, 0x9c, 0x01, 0x00, 0x00, 0x0a, 0x10, 0x00, 0x00,
  0x4d, 0x02, 0x00, 0x00, 0xe1, 0x00, 0x00, 0x00, 0x27, 0x10, 0x00, 0x00,
  0x10, 0x04, 0x00, 0x00, 0x38, 0x01, 0x00, 0x00, 0x80, 0x0d, 0x00, 0x00,
  0x42, 0x0b, 0x00, 0x00, 0x06, 0xfe, 0xff, 0xff, 0x17, 0x0e, 0x00, 0x00,
  0xc0, 0xfe, 0xff, 0xff, 0xae, 0x0e, 0x00, 0x00, 0x01, 0x0e, 0x00, 0x00,
  0xf5, 0x0f, 0x00, 0x00, 0x6e, 0x10, 0x00, 0x00, 0x06, 0x0e, 0x00, 0x00,
  0x6c, 0xff, 0xff, 0xff, 0x3a, 0x02, 0x00, 0x00, 0xf2, 0xff, 0xff, 0xff,
  0x59, 0x10, 0x00, 0x00, 0xd2, 0xff, 0xff, 0xff, 0x04, 0x00, 0x00, 0x00,
  0x20, 0x00, 0x00, 0x00, 0x49, 0x3e, 0x3a, 0x9e, 0x48, 0x3e, 0xa3, 0x2a,
  0x32, 0x3c, 0x47, 0x42, 0xb3, 0x3d, 0x34, 0xdb, 0x2c, 0x32, 0x81, 0x8c,
  0x4e, 0xbe, 0x51, 0xcb, 0xbc, 0xc3, 0xca, 0xab, 0x3f, 0x24, 0x36, 0xbf,
  0x00, 0x00, 0x06, 0x00, 0x08, 0x00, 0x04, 0x00, 0x06, 0x00, 0x00, 0x00,
  0x04, 0x00, 0x00, 0x00, 0x04, 0x00, 0x00, 0x00, 0xc0, 0xfa, 0xff, 0xff,
  0xd0, 0xfd, 0xff, 0xff, 0xd4, 0xfd, 0xff, 0xff, 0x0f, 0x00, 0x00, 0x00,
  0x4d, 0x4c, 0x49, 0x52, 0x20, 0x43, 0x6f, 0x6e, 0x76, 0x65, 0x72, 0x74,
  0x65, 0x64, 0x2e, 0x00, 0x01, 0x00, 0x00, 0x00, 0x14, 0x00, 0x00, 0x00,
  0x00, 0x00, 0x0e, 0x00, 0x18, 0x00, 0x14, 0x00, 0x10, 0x00, 0x0c, 0x00,
  0x08, 0x00, 0x04, 0x00, 0x0e, 0x00, 0x00, 0x00, 0x14, 0x00, 0x00, 0x00,
  0x1c, 0x00, 0x00, 0x00, 0xfc, 0x04, 0x00, 0x00, 0x00, 0x05, 0x00, 0x00,
  0x04, 0x05, 0x00, 0x00, 0x04, 0x00, 0x00, 0x00, 0x6d, 0x61, 0x69, 0x6e,
  0x00, 0x00, 0x00, 0x00, 0x11, 0x00, 0x00, 0x00, 0x98, 0x04, 0x00, 0x00,
  0x34, 0x04, 0x00, 0x00, 0xcc, 0x03, 0x00, 0x00, 0x7c, 0x03, 0x00, 0x00,
  0x38, 0x03, 0x00, 0x00, 0xe0, 0x02, 0x00, 0x00, 0x9c, 0x02, 0x00, 0x00,
  0x58, 0x02, 0x00, 0x00, 0x10, 0x02, 0x00, 0x00, 0xcc, 0x01, 0x00, 0x00,
  0x94, 0x01, 0x00, 0x00, 0x4c, 0x01, 0x00, 0x00, 0x08, 0x01, 0x00, 0x00,
  0xd4, 0x00, 0x00, 0x00, 0x90, 0x00, 0x00, 0x00, 0x44, 0x00, 0x00, 0x00,
  0x10, 0x00, 0x00, 0x00, 0x00, 0x00, 0x0a, 0x00, 0x10, 0x00, 0x0c, 0x00,
  0x08, 0x00, 0x04, 0x00, 0x0a, 0x00, 0x00, 0x00, 0x0c, 0x00, 0x00, 0x00,
  0x10, 0x00, 0x00, 0x00, 0x05, 0x00, 0x00, 0x00, 0x01, 0x00, 0x00, 0x00,
  0x25, 0x00, 0x00, 0x00, 0x01, 0x00, 0x00, 0x00, 0x24, 0x00, 0x00, 0x00,
  0x00, 0x00, 0x0e, 0x00, 0x16, 0x00, 0x00, 0x00, 0x10, 0x00, 0x0c, 0x00,
  0x0b, 0x00, 0x04, 0x00, 0x0e, 0x00, 0x00, 0x00, 0x1c, 0x00, 0x00, 0x00,
  0x00, 0x00, 0x00, 0x01, 0x24, 0x00, 0x00, 0x00, 0x28, 0x00, 0x00, 0x00,
  0x00, 0x00, 0x0a, 0x00, 0x10, 0x00, 0x0f, 0x00, 0x08, 0x00, 0x04, 0x00,
  0x0a, 0x00, 0x00, 0x00, 0x01, 0x00, 0x00, 0x00, 0x01, 0x00, 0x00, 0x00,
  0x00, 0x00, 0x00, 0x01, 0x01, 0x00, 0x00, 0x00, 0x24, 0x00, 0x00, 0x00,
  0x03, 0x00, 0x00, 0x00, 0x23, 0x00, 0x00, 0x00, 0x02, 0x00, 0x00, 0x00,
  0x01, 0x00, 0x00, 0x00, 0x8e, 0xfd, 0xff, 0xff, 0x14, 0x00, 0x00, 0x00,
  0x00, 0x00, 0x00, 0x05, 0x24, 0x00, 0x00, 0x00, 0x28, 0x00, 0x00, 0x00,
  0x04, 0x00, 0x00, 0x00, 0x8e, 0xfc, 0xff, 0xff, 0x0c, 0x00, 0x00, 0x00,
  0x05, 0x00, 0x00, 0x00, 0x0c, 0x00, 0x00, 0x00, 0x05, 0x00, 0x00, 0x00,
  0x00, 0x00, 0x00, 0x01, 0x01, 0x00, 0x00, 0x00, 0x23, 0x00, 0x00, 0x00,
  0x01, 0x00, 0x00, 0x00, 0x22, 0x00, 0x00, 0x00, 0xce, 0xfd, 0xff, 0xff,
  0x14, 0x00, 0x00, 0x00, 0x00, 0x00, 0x00, 0x0b, 0x10, 0x00, 0x00, 0x00,
  0x14, 0x00, 0x00, 0x00, 0x03, 0x00, 0x00, 0x00, 0x4c, 0xff, 0xff, 0xff,
  0x01, 0x00, 0x00, 0x00, 0x22, 0x00, 0x00, 0x00, 0x02, 0x00, 0x00, 0x00,
  0x1f, 0x00, 0x00, 0x00, 0x21, 0x00, 0x00, 0x00, 0xae, 0xfc, 0xff, 0xff,
  0x10, 0x00, 0x00, 0x00, 0x00, 0x00, 0x00, 0x01, 0x1c, 0x00, 0x00, 0x00,
  0x20, 0x00, 0x00, 0x00, 0xb0, 0xfd, 0xff, 0xff, 0x00, 0x00, 0x00, 0x01,
  0x01, 0x00, 0x00, 0x00, 0x01, 0x00, 0x00, 0x00, 0x00, 0x00, 0x00, 0x01,
  0x01, 0x00, 0x00, 0x00, 0x21, 0x00, 0x00, 0x00, 0x03, 0x00, 0x00, 0x00,
  0x20, 0x00, 0x00, 0x00, 0x04, 0x00, 0x00, 0x00, 0x03, 0x00, 0x00, 0x00,
  0x3e, 0xfe, 0xff, 0xff, 0x14, 0x00, 0x00, 0x00, 0x00, 0x00, 0x00, 0x02,
  0x20, 0x00, 0x00, 0x00, 0x24, 0x00, 0x00, 0x00, 0x02, 0x00, 0x00, 0x00,
  0xa2, 0xfd, 0xff, 0xff, 0x00, 0x00, 0x00, 0x01, 0x01, 0x00, 0x00, 0x00,
  0x01, 0x00, 0x00, 0x00, 0x01, 0x00, 0x00, 0x00, 0x01, 0x00, 0x00, 0x00,
  0x20, 0x00, 0x00, 0x00, 0x03, 0x00, 0x00, 0x00, 0x1f, 0x00, 0x00, 0x00,
  0x06, 0x00, 0x00, 0x00, 0x05, 0x00, 0x00, 0x00, 0x82, 0xfe, 0xff, 0xff,
  0x18, 0x00, 0x00, 0x00, 0x00, 0x00, 0x00, 0x0b, 0x14, 0x00, 0x00, 0x00,
  0x18, 0x00, 0x00, 0x00, 0x03, 0x00, 0x00, 0x00, 0x04, 0x00, 0x04, 0x00,
  0x04, 0x00, 0x00, 0x00, 0x01, 0x00, 0x00, 0x00, 0x1f, 0x00, 0x00, 0x00,
  0x02, 0x00, 0x00, 0x00, 0x1c, 0x00, 0x00, 0x00, 0x1e, 0x00, 0x00, 0x00,
  0x66, 0xfd, 0xff, 0xff, 0x10, 0x00, 0x00, 0x00, 0x00, 0x00, 0x00, 0x01,
  0x1c, 0x00, 0x00, 0x00, 0x20, 0x00, 0x00, 0x00, 0x68, 0xfe, 0xff, 0xff,
  0x00, 0x00, 0x00, 0x01, 0x01, 0x00, 0x00, 0x00, 0x01, 0x00, 0x00, 0x00,
  0x00, 0x00, 0x00, 0x01, 0x01, 0x00, 0x00, 0x00, 0x1e, 0x00, 0x00, 0x00,
  0x03, 0x00, 0x00, 0x00, 0x1d, 0x00, 0x00, 0x00, 0x08, 0x00, 0x00, 0x00,
  0x07, 0x00, 0x00, 0x00, 0xf6, 0xfe, 0xff, 0xff, 0x14, 0x00, 0x00, 0x00,
  0x00, 0x00, 0x00, 0x02, 0x20, 0x00, 0x00, 0x00, 0x24, 0x00, 0x00, 0x00,
  0x02, 0x00, 0x00, 0x00, 0x5a, 0xfe, 0xff, 0xff, 0x00, 0x00, 0x00, 0x01,
  0x01, 0x00, 0x00, 0x00, 0x01, 0x00, 0x00, 0x00, 0x01, 0x00, 0x00, 0x00,
  0x01, 0x00, 0x00, 0x00, 0x1d, 0x00, 0x00, 0x00, 0x03, 0x00, 0x00, 0x00,
  0x1c, 0x00, 0x00, 0x00, 0x0a, 0x00, 0x00, 0x00, 0x09, 0x00, 0x00, 0x00,
  0x3a, 0xff, 0xff, 0xff, 0x14, 0x00, 0x00, 0x00, 0x00, 0x00, 0x00, 0x05,
  0x24, 0x00, 0x00, 0x00, 0x28, 0x00, 0x00, 0x00, 0x01, 0x00, 0x00, 0x00,
  0x3a, 0xfe, 0xff, 0xff, 0x02, 0x00, 0x00, 0x00, 0x02, 0x00, 0x00, 0x00,
  0x02, 0x00, 0x00, 0x00, 0x02, 0x00, 0x00, 0x00, 0x00, 0x00, 0x00, 0x01,
  0x01, 0x00, 0x00, 0x00, 0x1c, 0x00, 0x00, 0x00, 0x01, 0x00, 0x00, 0x00,
  0x1b, 0x00, 0x00, 0x00, 0x2a, 0xfe, 0xff, 0xff, 0x10, 0x00, 0x00, 0x00,
  0x00, 0x00, 0x00, 0x01, 0x1c, 0x00, 0x00, 0x00, 0x20, 0x00, 0x00, 0x00,
  0x2c, 0xff, 0xff, 0xff, 0x00, 0x00, 0x00, 0x01, 0x01, 0x00, 0x00, 0x00,
  0x01, 0x00, 0x00, 0x00, 0x00, 0x00, 0x00, 0x01, 0x01, 0x00, 0x00, 0x00,
  0x1b, 0x00, 0x00, 0x00, 0x03, 0x00, 0x00, 0x00, 0x1a, 0x00, 0x00, 0x00,
  0x0c, 0x00, 0x00, 0x00, 0x0b, 0x00, 0x00, 0x00, 0xba, 0xff, 0xff, 0xff,
  0x14, 0x00, 0x00, 0x00, 0x00, 0x00, 0x00, 0x02, 0x20, 0x00, 0x00, 0x00,
  0x24, 0x00, 0x00, 0x00, 0x02, 0x00, 0x00, 0x00, 0x1e, 0xff, 0xff, 0xff,
  0x00, 0x00, 0x00, 0x01, 0x01, 0x00, 0x00, 0x00, 0x01, 0x00, 0x00, 0x00,
  0x01, 0x00, 0x00, 0x00, 0x01, 0x00, 0x00, 0x00, 0x1a, 0x00, 0x00, 0x00,
  0x03, 0x00, 0x00, 0x00, 0x19, 0x00, 0x00, 0x00, 0x0e, 0x00, 0x00, 0x00,
  0x0d, 0x00, 0x00, 0x00, 0x00, 0x00, 0x0e, 0x00, 0x18, 0x00, 0x14, 0x00,
  0x10, 0x00, 0x0c, 0x00, 0x0b, 0x00, 0x04, 0x00, 0x0e, 0x00, 0x00, 0x00,
  0x14, 0x00, 0x00, 0x00, 0x00, 0x00, 0x00, 0x05, 0x24, 0x00, 0x00, 0x00,
  0x28, 0x00, 0x00, 0x00, 0x01, 0x00, 0x00, 0x00, 0x0e, 0xff, 0xff, 0xff,
  0x02, 0x00, 0x00, 0x00, 0x02, 0x00, 0x00, 0x00, 0x02, 0x00, 0x00, 0x00,
  0x02, 0x00, 0x00, 0x00, 0x00, 0x00, 0x00, 0x01, 0x01, 0x00, 0x00, 0x00,
  0x19, 0x00, 0x00, 0x00, 0x01, 0x00, 0x00, 0x00, 0x18, 0x00, 0x00, 0x00,
  0xfe, 0xfe, 0xff, 0xff, 0x1c, 0x00, 0x00, 0x00, 0x00, 0x00, 0x00, 0x01,
  0x28, 0x00, 0x00, 0x00, 0x2c, 0x00, 0x00, 0x00, 0x0c, 0x00, 0x14, 0x00,
  0x13, 0x00, 0x0c, 0x00, 0x08, 0x00, 0x07, 0x00, 0x0c, 0x00, 0x00, 0x00,
  0x00, 0x00, 0x00, 0x01, 0x01, 0x00, 0x00, 0x00, 0x01, 0x00, 0x00, 0x00,
  0x00, 0x00, 0x00, 0x01, 0x01, 0x00, 0x00, 0x00, 0x18, 0x00, 0x00, 0x00,
  0x03, 0x00, 0x00, 0x00, 0x17, 0x00, 0x00, 0x00, 0x10, 0x00, 0x00, 0x00,
  0x0f, 0x00, 0x00, 0x00, 0xaa, 0xff, 0xff, 0xff, 0x24, 0x00, 0x00, 0x00,
  0x00, 0x00, 0x00, 0x02, 0x30, 0x00, 0x00, 0x00, 0x34, 0x00, 0x00, 0x00,
  0x02, 0x00, 0x00, 0x00, 0x00, 0x00, 0x0e, 0x00, 0x14, 0x00, 0x00, 0x00,
  0x10, 0x00, 0x0c, 0x00, 0x08, 0x00, 0x07, 0x00, 0x0e, 0x00, 0x00, 0x00,
  0x00, 0x00, 0x00, 0x01, 0x01, 0x00, 0x00, 0x00, 0x01, 0x00, 0x00, 0x00,
  0x01, 0x00, 0x00, 0x00, 0x01, 0x00, 0x00, 0x00, 0x17, 0x00, 0x00, 0x00,
  0x03, 0x00, 0x00, 0x00, 0x16, 0x00, 0x00, 0x00, 0x12, 0x00, 0x00, 0x00,
  0x11, 0x00, 0x00, 0x00, 0x00, 0x00, 0x0e, 0x00, 0x1a, 0x00, 0x14, 0x00,
  0x10, 0x00, 0x0c, 0x00, 0x0b, 0x00, 0x04, 0x00, 0x0e, 0x00, 0x00, 0x00,
  0x24, 0x00, 0x00, 0x00, 0x00, 0x00, 0x00, 0x05, 0x34, 0x00, 0x00, 0x00,
  0x38, 0x00, 0x00, 0x00, 0x01, 0x00, 0x00, 0x00, 0x00, 0x00, 0x0e, 0x00,
  0x18, 0x00, 0x17, 0x00, 0x10, 0x00, 0x0c, 0x00, 0x08, 0x00, 0x04, 0x00,
  0x0e, 0x00, 0x00, 0x00, 0x02, 0x00, 0x00, 0x00, 0x01, 0x00, 0x00, 0x00,
  0x02, 0x00, 0x00, 0x00, 0x01, 0x00, 0x00, 0x00, 0x00, 0x00, 0x00, 0x01,
  0x01, 0x00, 0x00, 0x00, 0x16, 0x00, 0x00, 0x00, 0x01, 0x00, 0x00, 0x00,
  0x15, 0x00, 0x00, 0x00, 0x00, 0x00, 0x0e, 0x00, 0x14, 0x00, 0x00, 0x00,
  0x10, 0x00, 0x0c, 0x00, 0x0b, 0x00, 0x04, 0x00, 0x0e, 0x00, 0x00, 0x00,
  0x1c, 0x00, 0x00, 0x00, 0x00, 0x00, 0x00, 0x01, 0x24, 0x00, 0x00, 0x00,
  0x28, 0x00, 0x00, 0x00, 0x0c, 0x00, 0x10, 0x00, 0x00, 0x00, 0x0c, 0x00,
  0x08, 0x00, 0x07, 0x00, 0x0c, 0x00, 0x00, 0x00, 0x00, 0x00, 0x00, 0x01,
  0x01, 0x00, 0x00, 0x00, 0x02, 0x00, 0x00, 0x00, 0x01, 0x00, 0x00, 0x00,
  0x15, 0x00, 0x00, 0x00, 0x03, 0x00, 0x00, 0x00, 0x00, 0x00, 0x00, 0x00,
  0x14, 0x00, 0x00, 0x00, 0x13, 0x00, 0x00, 0x00, 0x01, 0x00, 0x00, 0x00,
  0x25, 0x00, 0x00, 0x00, 0x01, 0x00, 0x00, 0x00, 0x00, 0x00, 0x00, 0x00,
  0x26, 0x00, 0x00, 0x00, 0xe4, 0x34, 0x00, 0x00, 0x14, 0x34, 0x00, 0x00,
  0x78, 0x33, 0x00, 0x00, 0x0c, 0x31, 0x00, 0x00, 0x18, 0x2f, 0x00, 0x00,
  0x54, 0x2c, 0x00, 0x00, 0xe8, 0x29, 0x00, 0x00, 0x64, 0x27, 0x00, 0x00,
  0x70, 0x25, 0x00, 0x00, 0xac, 0x22, 0x00, 0x00, 0x54, 0x20, 0x00, 0x00,
  0xe4, 0x1d, 0x00, 0x00, 0xf0, 0x1b, 0x00, 0x00, 0xec, 0x19, 0x00, 0x00,
  0x54, 0x18, 0x00, 0x00, 0xa4, 0x16, 0x00, 0x00, 0x70, 0x15, 0x00, 0x00,
  0xcc, 0x13, 0x00, 0x00, 0x94, 0x12, 0x00, 0x00, 0x4c, 0x11, 0x00, 0x00,
  0x78, 0x10, 0x00, 0x00, 0x64, 0x0f, 0x00, 0x00, 0xc8, 0x0e, 0x00, 0x00,
  0x4c, 0x0d, 0x00, 0x00, 0x30, 0x0c, 0x00, 0x00, 0x94, 0x0b, 0x00, 0x00,
  0x18, 0x0a, 0x00, 0x00, 0xfc, 0x08, 0x00, 0x00, 0x60, 0x08, 0x00, 0x00,
  0xe4, 0x06, 0x00, 0x00, 0xc8, 0x05, 0x00, 0x00, 0x34, 0x05, 0x00, 0x00,
  0xb8, 0x03, 0x00, 0x00, 0x9c, 0x02, 0x00, 0x00, 0x08, 0x02, 0x00, 0x00,
  0x6c, 0x01, 0x00, 0x00, 0x90, 0x00, 0x00, 0x00, 0x04, 0x00, 0x00, 0x00,
  0xca, 0xcb, 0xff, 0xff, 0x00, 0x00, 0x00, 0x01, 0x18, 0x00, 0x00, 0x00,
  0x28, 0x00, 0x00, 0x00, 0x44, 0x00, 0x00, 0x00, 0x26, 0x00, 0x00, 0x00,
  0x00, 0x00, 0x00, 0x09, 0x58, 0x00, 0x00, 0x00, 0x04, 0x00, 0x00, 0x00,
  0xff, 0xff, 0xff, 0xff, 0x01, 0x00, 0x00, 0x00, 0x01, 0x00, 0x00, 0x00,
  0x01, 0x00, 0x00, 0x00, 0xb4, 0xcb, 0xff, 0xff, 0x08, 0x00, 0x00, 0x00,
  0x10, 0x00, 0x00, 0x00, 0x01, 0x00, 0x00, 0x00, 0x80, 0xff, 0xff, 0xff,
  0xff, 0xff, 0xff, 0xff, 0x01, 0x00, 0x00, 0x00, 0x00, 0x00, 0x80, 0x3b,
  0x1b, 0x00, 0x00, 0x00, 0x53, 0x74, 0x61, 0x74, 0x65, 0x66, 0x75, 0x6c,
  0x50, 0x61, 0x72, 0x74, 0x69, 0x74, 0x69, 0x6f, 0x6e, 0x65, 0x64, 0x43,
  0x61, 0x6c, 0x6c, 0x5f, 0x31, 0x3a, 0x30, 0x00, 0x04, 0x00, 0x00, 0x00,
  0x01, 0x00, 0x00, 0x00, 0x01, 0x00, 0x00, 0x00, 0x01, 0x00, 0x00, 0x00,
  0x01, 0x00, 0x00, 0x00, 0x52, 0xcc, 0xff, 0xff, 0x00, 0x00, 0x00, 0x01,
  0x18, 0x00, 0x00, 0x00, 0x28, 0x00, 0x00, 0x00, 0x44, 0x00, 0x00, 0x00,
  0x25, 0x00, 0x00, 0x00, 0x00, 0x00, 0x00, 0x09, 0xa8, 0x00, 0x00, 0x00,
  0x04, 0x00, 0x00, 0x00, 0xff, 0xff, 0xff, 0xff, 0x01, 0x00, 0x00, 0x00,
  0x01, 0x00, 0x00, 0x00, 0x01, 0x00, 0x00, 0x00, 0x3c, 0xcc, 0xff, 0xff,
  0x08, 0x00, 0x00, 0x00, 0x10, 0x00, 0x00, 0x00, 0x01, 0x00, 0x00, 0x00,
  0xfa, 0xff, 0xff, 0xff, 0xff, 0xff, 0xff, 0xff, 0x01, 0x00, 0x00, 0x00,
  0xa8, 0xe5, 0x85, 0x3d, 0x69, 0x00, 0x00, 0x00, 0x70, 0x72, 0x61, 0x68,
  0x61, 0x72, 0x69, 0x5f, 0x64, 0x73, 0x63, 0x6e, 0x6e, 0x5f, 0x76, 0x35,
  0x5f, 0x31, 0x2f, 0x73, 0x63, 0x6f, 0x72, 0x65, 0x5f, 0x31, 0x2f, 0x41,
  0x64, 0x64, 0x3b, 0x70, 0x72, 0x61, 0x68, 0x61, 0x72, 0x69, 0x5f, 0x64,
  0x73, 0x63, 0x6e, 0x6e, 0x5f, 0x76, 0x35, 0x5f, 0x31, 0x2f, 0x73, 0x63,
  0x6f, 0x72, 0x65, 0x5f, 0x31, 0x2f, 0x63, 0x6f, 0x6e, 0x76, 0x6f, 0x6c,
  0x75, 0x74, 0x69, 0x6f, 0x6e, 0x3b, 0x70, 0x72, 0x61, 0x68, 0x61, 0x72,
  0x69, 0x5f, 0x64, 0x73, 0x63, 0x6e, 0x6e, 0x5f, 0x76, 0x35, 0x5f, 0x31,
  0x2f, 0x73, 0x63, 0x6f, 0x72, 0x65, 0x5f, 0x31, 0x2f, 0x52, 0x65, 0x73,
  0x68, 0x61, 0x70, 0x65, 0x31, 0x00, 0x00, 0x00, 0x04, 0x00, 0x00, 0x00,
  0x01, 0x00, 0x00, 0x00, 0x01, 0x00, 0x00, 0x00, 0x01, 0x00, 0x00, 0x00,
  0x01, 0x00, 0x00, 0x00, 0x2a, 0xcd, 0xff, 0xff, 0x00, 0x00, 0x00, 0x01,
  0x18, 0x00, 0x00, 0x00, 0x28, 0x00, 0x00, 0x00, 0x48, 0x00, 0x00, 0x00,
  0x24, 0x00, 0x00, 0x00, 0x00, 0x00, 0x00, 0x09, 0x68, 0x00, 0x00, 0x00,
  0x04, 0x00, 0x00, 0x00, 0xff, 0xff, 0xff, 0xff, 0x01, 0x00, 0x00, 0x00,
  0x01, 0x00, 0x00, 0x00, 0x20, 0x00, 0x00, 0x00, 0x14, 0xcd, 0xff, 0xff,
  0x08, 0x00, 0x00, 0x00, 0x14, 0x00, 0x00, 0x00, 0x01, 0x00, 0x00, 0x00,
  0x80, 0xff, 0xff, 0xff, 0xff, 0xff, 0xff, 0xff, 0x00, 0x00, 0x00, 0x00,
  0x01, 0x00, 0x00, 0x00, 0xe8, 0x4b, 0x99, 0x3d, 0x25, 0x00, 0x00, 0x00,
  0x70, 0x72, 0x61, 0x68, 0x61, 0x72, 0x69, 0x5f, 0x64, 0x73, 0x63, 0x6e,
  0x6e, 0x5f, 0x76, 0x35, 0x5f, 0x31, 0x2f, 0x67, 0x61, 0x70, 0x5f, 0x70,
  0x6f, 0x6f, 0x6c, 0x5f, 0x31, 0x2f, 0x41, 0x76, 0x67, 0x50, 0x6f, 0x6f,
  0x6c, 0x00, 0x00, 0x00, 0x04, 0x00, 0x00, 0x00, 0x01, 0x00, 0x00, 0x00,
  0x01, 0x00, 0x00, 0x00, 0x01, 0x00, 0x00, 0x00, 0x20, 0x00, 0x00, 0x00,
  0xc2, 0xcd, 0xff, 0xff, 0x00, 0x00, 0x00, 0x01, 0x18, 0x00, 0x00, 0x00,
  0x28, 0x00, 0x00, 0x00, 0x44, 0x00, 0x00, 0x00, 0x23, 0x00, 0x00, 0x00,
  0x00, 0x00, 0x00, 0x09, 0x60, 0x00, 0x00, 0x00, 0x04, 0x00, 0x00, 0x00,
  0xff, 0xff, 0xff, 0xff, 0x0c, 0x00, 0x00, 0x00, 0x05, 0x00, 0x00, 0x00,
  0x20, 0x00, 0x00, 0x00, 0xac, 0xcd, 0xff, 0xff, 0x08, 0x00, 0x00, 0x00,
  0x10, 0x00, 0x00, 0x00, 0x01, 0x00, 0x00, 0x00, 0x80, 0xff, 0xff, 0xff,
  0xff, 0xff, 0xff, 0xff, 0x01, 0x00, 0x00, 0x00, 0xe8, 0x4b, 0x99, 0x3d,
  0x20, 0x00, 0x00, 0x00, 0x70, 0x72, 0x61, 0x68, 0x61, 0x72, 0x69, 0x5f,
  0x64, 0x73, 0x63, 0x6e, 0x6e, 0x5f, 0x76, 0x35, 0x5f, 0x31, 0x2f, 0x64,
  0x73, 0x34, 0x5f, 0x61, 0x64, 0x64, 0x5f, 0x31, 0x2f, 0x41, 0x64, 0x64,
  0x00, 0x00, 0x00, 0x00, 0x04, 0x00, 0x00, 0x00, 0x01, 0x00, 0x00, 0x00,
  0x0c, 0x00, 0x00, 0x00, 0x05, 0x00, 0x00, 0x00, 0x20, 0x00, 0x00, 0x00,
  0x52, 0xce, 0xff, 0xff, 0x00, 0x00, 0x00, 0x01, 0x18, 0x00, 0x00, 0x00,
  0x28, 0x00, 0x00, 0x00, 0x44, 0x00, 0x00, 0x00, 0x22, 0x00, 0x00, 0x00,
  0x00, 0x00, 0x00, 0x09, 0xe8, 0x00, 0x00, 0x00, 0x04, 0x00, 0x00, 0x00,
  0xff, 0xff, 0xff, 0xff, 0x0c, 0x00, 0x00, 0x00, 0x05, 0x00, 0x00, 0x00,
  0x20, 0x00, 0x00, 0x00, 0x3c, 0xce, 0xff, 0xff, 0x08, 0x00, 0x00, 0x00,
  0x10, 0x00, 0x00, 0x00, 0x01, 0x00, 0x00, 0x00, 0x80, 0xff, 0xff, 0xff,
  0xff, 0xff, 0xff, 0xff, 0x01, 0x00, 0x00, 0x00, 0xe8, 0x4b, 0x99, 0x3d,
  0xaa, 0x00, 0x00, 0x00, 0x70, 0x72, 0x61, 0x68, 0x61, 0x72, 0x69, 0x5f,
  0x64, 0x73, 0x63, 0x6e, 0x6e, 0x5f, 0x76, 0x35, 0x5f, 0x31, 0x2f, 0x64,
  0x73, 0x34, 0x5f, 0x70, 0x77, 0x5f, 0x72, 0x65, 0x6c, 0x75, 0x5f, 0x31,
  0x2f, 0x52, 0x65, 0x6c, 0x75, 0x3b, 0x70, 0x72, 0x61, 0x68, 0x61, 0x72,
  0x69, 0x5f, 0x64, 0x73, 0x63, 0x6e, 0x6e, 0x5f, 0x76, 0x35, 0x5f, 0x31,
  0x2f, 0x64, 0x73, 0x34, 0x5f, 0x70, 0x77, 0x5f, 0x62, 0x6e, 0x5f, 0x31,
  0x2f, 0x62, 0x61, 0x74, 0x63, 0x68, 0x6e, 0x6f, 0x72, 0x6d, 0x2f, 0x61,
  0x64, 0x64, 0x5f, 0x31, 0x3b, 0x70, 0x72, 0x61, 0x68, 0x61, 0x72, 0x69,
  0x5f, 0x64, 0x73, 0x63, 0x6e, 0x6e, 0x5f, 0x76, 0x35, 0x5f, 0x31, 0x2f,
  0x64, 0x73, 0x34, 0x5f, 0x70, 0x77, 0x5f, 0x31, 0x2f, 0x63, 0x6f, 0x6e,
  0x76, 0x6f, 0x6c, 0x75, 0x74, 0x69, 0x6f, 0x6e, 0x3b, 0x70, 0x72, 0x61,
  0x68, 0x61, 0x72, 0x69, 0x5f, 0x64, 0x73, 0x63, 0x6e, 0x6e, 0x5f, 0x76,
  0x35, 0x5f, 0x31, 0x2f, 0x64, 0x73, 0x34, 0x5f, 0x70, 0x77, 0x5f, 0x62,
  0x6e, 0x5f, 0x31, 0x2f, 0x62, 0x61, 0x74, 0x63, 0x68, 0x6e, 0x6f, 0x72,
  0x6d, 0x2f, 0x73, 0x75, 0x62, 0x31, 0x00, 0x00, 0x04, 0x00, 0x00, 0x00,
  0x01, 0x00, 0x00, 0x00, 0x0c, 0x00, 0x00, 0x00, 0x05, 0x00, 0x00, 0x00,
  0x20, 0x00, 0x00, 0x00, 0x6a, 0xcf, 0xff, 0xff, 0x00, 0x00, 0x00, 0x01,
  0x18, 0x00, 0x00, 0x00, 0x28, 0x00, 0x00, 0x00, 0x48, 0x00, 0x00, 0x00,
  0x21, 0x00, 0x00, 0x00, 0x00, 0x00, 0x00, 0x09, 0x48, 0x01, 0x00, 0x00,
  0x04, 0x00, 0x00, 0x00, 0xff, 0xff, 0xff, 0xff, 0x0c, 0x00, 0x00, 0x00,
  0x05, 0x00, 0x00, 0x00, 0x20, 0x00, 0x00, 0x00, 0x54, 0xcf, 0xff, 0xff,
  0x08, 0x00, 0x00, 0x00, 0x14, 0x00, 0x00, 0x00, 0x01, 0x00, 0x00, 0x00,
  0x80, 0xff, 0xff, 0xff, 0xff, 0xff, 0xff, 0xff, 0x00, 0x00, 0x00, 0x00,
  0x01, 0x00, 0x00, 0x00, 0x99, 0x5d, 0x24, 0x3d, 0x04, 0x01, 0x00, 0x00,
  0x70, 0x72, 0x61, 0x68, 0x61, 0x72, 0x69, 0x5f, 0x64, 0x73, 0x63, 0x6e,
  0x6e, 0x5f, 0x76, 0x35, 0x5f, 0x31, 0x2f, 0x64, 0x73, 0x34, 0x5f, 0x64,
  0x77, 0x5f, 0x72, 0x65, 0x6c, 0x75, 0x5f, 0x31, 0x2f, 0x52, 0x65, 0x6c,
  0x75, 0x3b, 0x70, 0x72, 0x61, 0x68, 0x61, 0x72, 0x69, 0x5f, 0x64, 0x73,
  0x63, 0x6e, 0x6e, 0x5f, 0x76, 0x35, 0x5f, 0x31, 0x2f, 0x64, 0x73, 0x34,
  0x5f, 0x64, 0x77, 0x5f, 0x62, 0x6e, 0x5f, 0x31, 0x2f, 0x62, 0x61, 0x74,
  0x63, 0x68, 0x6e, 0x6f, 0x72, 0x6d, 0x2f, 0x61, 0x64, 0x64, 0x5f, 0x31,
  0x3b, 0x70, 0x72, 0x61, 0x68, 0x61, 0x72, 0x69, 0x5f, 0x64, 0x73, 0x63,
  0x6e, 0x6e, 0x5f, 0x76, 0x35, 0x5f, 0x31, 0x2f, 0x64, 0x73, 0x34, 0x5f,
  0x64, 0x77, 0x5f, 0x62, 0x6e, 0x5f, 0x31, 0x2f, 0x62, 0x61, 0x74, 0x63,
  0x68, 0x6e, 0x6f, 0x72, 0x6d, 0x2f, 0x6d, 0x75, 0x6c, 0x5f, 0x31, 0x3b,
  0x70, 0x72, 0x61, 0x68, 0x61, 0x72, 0x69, 0x5f, 0x64, 0x73, 0x63, 0x6e,
  0x6e, 0x5f, 0x76, 0x35, 0x5f, 0x31, 0x2f, 0x64, 0x73, 0x34, 0x5f, 0x64,
  0x77, 0x5f, 0x31, 0x2f, 0x64, 0x65, 0x70, 0x74, 0x68, 0x77, 0x69, 0x73,
  0x65, 0x3b, 0x70, 0x72, 0x61, 0x68, 0x61, 0x72, 0x69, 0x5f, 0x64, 0x73,
  0x63, 0x6e, 0x6e, 0x5f, 0x76, 0x35, 0x5f, 0x31, 0x2f, 0x64, 0x73, 0x34,
  0x5f, 0x64, 0x77, 0x5f, 0x62, 0x6e, 0x5f, 0x31, 0x2f, 0x62, 0x61, 0x74,
  0x63, 0x68, 0x6e, 0x6f, 0x72, 0x6d, 0x2f, 0x6d, 0x75, 0x6c, 0x3b, 0x70,
  0x72, 0x61, 0x68, 0x61, 0x72, 0x69, 0x5f, 0x64, 0x73, 0x63, 0x6e, 0x6e,
  0x5f, 0x76, 0x35, 0x5f, 0x31, 0x2f, 0x64, 0x73, 0x34, 0x5f, 0x64, 0x77,
  0x5f, 0x62, 0x6e, 0x5f, 0x31, 0x2f, 0x62, 0x61, 0x74, 0x63, 0x68, 0x6e,
  0x6f, 0x72, 0x6d, 0x2f, 0x73, 0x75, 0x62, 0x31, 0x00, 0x00, 0x00, 0x00,
  0x04, 0x00, 0x00, 0x00, 0x01, 0x00, 0x00, 0x00, 0x0c, 0x00, 0x00, 0x00,
  0x05, 0x00, 0x00, 0x00, 0x20, 0x00, 0x00, 0x00, 0xe2, 0xd0, 0xff, 0xff,
  0x00, 0x00, 0x00, 0x01, 0x18, 0x00, 0x00, 0x00, 0x28, 0x00, 0x00, 0x00,
  0x44, 0x00, 0x00, 0x00, 0x20, 0x00, 0x00, 0x00, 0x00, 0x00, 0x00, 0x09,
  0x60, 0x00, 0x00, 0x00, 0x04, 0x00, 0x00, 0x00, 0xff, 0xff, 0xff, 0xff,
  0x0c, 0x00, 0x00, 0x00, 0x05, 0x00, 0x00, 0x00, 0x20, 0x00, 0x00, 0x00,
  0xcc, 0xd0, 0xff, 0xff, 0x08, 0x00, 0x00, 0x00, 0x10, 0x00, 0x00, 0x00,
  0x01, 0x00, 0x00, 0x00, 0x80, 0xff, 0xff, 0xff, 0xff, 0xff, 0xff, 0xff,
  0x01, 0x00, 0x00, 0x00, 0x9a, 0x05, 0xdb, 0x3c, 0x20, 0x00, 0x00, 0x00,
  0x70, 0x72, 0x61, 0x68, 0x61, 0x72, 0x69, 0x5f, 0x64, 0x73, 0x63, 0x6e,
  0x6e, 0x5f, 0x76, 0x35, 0x5f, 0x31, 0x2f, 0x64, 0x73, 0x33, 0x5f, 0x61,
  0x64, 0x64, 0x5f, 0x31, 0x2f, 0x41, 0x64, 0x64, 0x00, 0x00, 0x00, 0x00,
  0x04, 0x00, 0x00, 0x00, 0x01, 0x00, 0x00, 0x00, 0x0c, 0x00, 0x00, 0x00,
  0x05, 0x00, 0x00, 0x00, 0x20, 0x00, 0x00, 0x00, 0x72, 0xd1, 0xff, 0xff,
  0x00, 0x00, 0x00, 0x01, 0x18, 0x00, 0x00, 0x00, 0x28, 0x00, 0x00, 0x00,
  0x44, 0x00, 0x00, 0x00, 0x1f, 0x00, 0x00, 0x00, 0x00, 0x00, 0x00, 0x09,
  0xe8, 0x00, 0x00, 0x00, 0x04, 0x00, 0x00, 0x00, 0xff, 0xff, 0xff, 0xff,
  0x0c, 0x00, 0x00, 0x00, 0x05, 0x00, 0x00, 0x00, 0x20, 0x00, 0x00, 0x00,
  0x5c, 0xd1, 0xff, 0xff, 0x08, 0x00, 0x00, 0x00, 0x10, 0x00, 0x00, 0x00,
  0x01, 0x00, 0x00, 0x00, 0x80, 0xff, 0xff, 0xff, 0xff, 0xff, 0xff, 0xff,
  0x01, 0x00, 0x00, 0x00, 0x9a, 0x05, 0xdb, 0x3c, 0xaa, 0x00, 0x00, 0x00,
  0x70, 0x72, 0x61, 0x68, 0x61, 0x72, 0x69, 0x5f, 0x64, 0x73, 0x63, 0x6e,
  0x6e, 0x5f, 0x76, 0x35, 0x5f, 0x31, 0x2f, 0x64, 0x73, 0x33, 0x5f, 0x70,
  0x77, 0x5f, 0x72, 0x65, 0x6c, 0x75, 0x5f, 0x31, 0x2f, 0x52, 0x65, 0x6c,
  0x75, 0x3b, 0x70, 0x72, 0x61, 0x68, 0x61, 0x72, 0x69, 0x5f, 0x64, 0x73,
  0x63, 0x6e, 0x6e, 0x5f, 0x76, 0x35, 0x5f, 0x31, 0x2f, 0x64, 0x73, 0x33,
  0x5f, 0x70, 0x77, 0x5f, 0x62, 0x6e, 0x5f, 0x31, 0x2f, 0x62, 0x61, 0x74,
  0x63, 0x68, 0x6e, 0x6f, 0x72, 0x6d, 0x2f, 0x61, 0x64, 0x64, 0x5f, 0x31,
  0x3b, 0x70, 0x72, 0x61, 0x68, 0x61, 0x72, 0x69, 0x5f, 0x64, 0x73, 0x63,
  0x6e, 0x6e, 0x5f, 0x76, 0x35, 0x5f, 0x31, 0x2f, 0x64, 0x73, 0x33, 0x5f,
  0x70, 0x77, 0x5f, 0x31, 0x2f, 0x63, 0x6f, 0x6e, 0x76, 0x6f, 0x6c, 0x75,
  0x74, 0x69, 0x6f, 0x6e, 0x3b, 0x70, 0x72, 0x61, 0x68, 0x61, 0x72, 0x69,
  0x5f, 0x64, 0x73, 0x63, 0x6e, 0x6e, 0x5f, 0x76, 0x35, 0x5f, 0x31, 0x2f,
  0x64, 0x73, 0x33, 0x5f, 0x70, 0x77, 0x5f, 0x62, 0x6e, 0x5f, 0x31, 0x2f,
  0x62, 0x61, 0x74, 0x63, 0x68, 0x6e, 0x6f, 0x72, 0x6d, 0x2f, 0x73, 0x75,
  0x62, 0x31, 0x00, 0x00, 0x04, 0x00, 0x00, 0x00, 0x01, 0x00, 0x00, 0x00,
  0x0c, 0x00, 0x00, 0x00, 0x05, 0x00, 0x00, 0x00, 0x20, 0x00, 0x00, 0x00,
  0x8a, 0xd2, 0xff, 0xff, 0x00, 0x00, 0x00, 0x01, 0x18, 0x00, 0x00, 0x00,
  0x28, 0x00, 0x00, 0x00, 0x48, 0x00, 0x00, 0x00, 0x1e, 0x00, 0x00, 0x00,
  0x00, 0x00, 0x00, 0x09, 0x48, 0x01, 0x00, 0x00, 0x04, 0x00, 0x00, 0x00,
  0xff, 0xff, 0xff, 0xff, 0x0c, 0x00, 0x00, 0x00, 0x05, 0x00, 0x00, 0x00,
  0x20, 0x00, 0x00, 0x00, 0x74, 0xd2, 0xff, 0xff, 0x08, 0x00, 0x00, 0x00,
  0x14, 0x00, 0x00, 0x00, 0x01, 0x00, 0x00, 0x00, 0x80, 0xff, 0xff, 0xff,
  0xff, 0xff, 0xff, 0xff, 0x00, 0x00, 0x00, 0x00, 0x01, 0x00, 0x00, 0x00,
  0x82, 0x7a, 0x15, 0x3d, 0x04, 0x01, 0x00, 0x00, 0x70, 0x72, 0x61, 0x68,
  0x61, 0x72, 0x69, 0x5f, 0x64, 0x73, 0x63, 0x6e, 0x6e, 0x5f, 0x76, 0x35,
  0x5f, 0x31, 0x2f, 0x64, 0x73, 0x33, 0x5f, 0x64, 0x77, 0x5f, 0x72, 0x65,
  0x6c, 0x75, 0x5f, 0x31, 0x2f, 0x52, 0x65, 0x6c, 0x75, 0x3b, 0x70, 0x72,
  0x61, 0x68, 0x61, 0x72, 0x69, 0x5f, 0x64, 0x73, 0x63, 0x6e, 0x6e, 0x5f,
  0x76, 0x35, 0x5f, 0x31, 0x2f, 0x64, 0x73, 0x33, 0x5f, 0x64, 0x77, 0x5f,
  0x62, 0x6e, 0x5f, 0x31, 0x2f, 0x62, 0x61, 0x74, 0x63, 0x68, 0x6e, 0x6f,
  0x72, 0x6d, 0x2f, 0x61, 0x64, 0x64, 0x5f, 0x31, 0x3b, 0x70, 0x72, 0x61,
  0x68, 0x61, 0x72, 0x69, 0x5f, 0x64, 0x73, 0x63, 0x6e, 0x6e, 0x5f, 0x76,
  0x35, 0x5f, 0x31, 0x2f, 0x64, 0x73, 0x33, 0x5f, 0x64, 0x77, 0x5f, 0x62,
  0x6e, 0x5f, 0x31, 0x2f, 0x62, 0x61, 0x74, 0x63, 0x68, 0x6e, 0x6f, 0x72,
  0x6d, 0x2f, 0x6d, 0x75, 0x6c, 0x5f, 0x31, 0x3b, 0x70, 0x72, 0x61, 0x68,
  0x61, 0x72, 0x69, 0x5f, 0x64, 0x73, 0x63, 0x6e, 0x6e, 0x5f, 0x76, 0x35,
  0x5f, 0x31, 0x2f, 0x64, 0x73, 0x33, 0x5f, 0x64, 0x77, 0x5f, 0x31, 0x2f,
  0x64, 0x65, 0x70, 0x74, 0x68, 0x77, 0x69, 0x73, 0x65, 0x3b, 0x70, 0x72,
  0x61, 0x68, 0x61, 0x72, 0x69, 0x5f, 0x64, 0x73, 0x63, 0x6e, 0x6e, 0x5f,
  0x76, 0x35, 0x5f, 0x31, 0x2f, 0x64, 0x73, 0x33, 0x5f, 0x64, 0x77, 0x5f,
  0x62, 0x6e, 0x5f, 0x31, 0x2f, 0x62, 0x61, 0x74, 0x63, 0x68, 0x6e, 0x6f,
  0x72, 0x6d, 0x2f, 0x6d, 0x75, 0x6c, 0x3b, 0x70, 0x72, 0x61, 0x68, 0x61,
  0x72, 0x69, 0x5f, 0x64, 0x73, 0x63, 0x6e, 0x6e, 0x5f, 0x76, 0x35, 0x5f,
  0x31, 0x2f, 0x64, 0x73, 0x33, 0x5f, 0x64, 0x77, 0x5f, 0x62, 0x6e, 0x5f,
  0x31, 0x2f, 0x62, 0x61, 0x74, 0x63, 0x68, 0x6e, 0x6f, 0x72, 0x6d, 0x2f,
  0x73, 0x75, 0x62, 0x31, 0x00, 0x00, 0x00, 0x00, 0x04, 0x00, 0x00, 0x00,
  0x01, 0x00, 0x00, 0x00, 0x0c, 0x00, 0x00, 0x00, 0x05, 0x00, 0x00, 0x00,
  0x20, 0x00, 0x00, 0x00, 0x02, 0xd4, 0xff, 0xff, 0x00, 0x00, 0x00, 0x01,
  0x18, 0x00, 0x00, 0x00, 0x28, 0x00, 0x00, 0x00, 0x48, 0x00, 0x00, 0x00,
  0x1d, 0x00, 0x00, 0x00, 0x00, 0x00, 0x00, 0x09, 0x68, 0x00, 0x00, 0x00,
  0x04, 0x00, 0x00, 0x00, 0xff, 0xff, 0xff, 0xff, 0x0c, 0x00, 0x00, 0x00,
  0x05, 0x00, 0x00, 0x00, 0x20, 0x00, 0x00, 0x00, 0xec, 0xd3, 0xff, 0xff,
  0x08, 0x00, 0x00, 0x00, 0x14, 0x00, 0x00, 0x00, 0x01, 0x00, 0x00, 0x00,
  0x80, 0xff, 0xff, 0xff, 0xff, 0xff, 0xff, 0xff, 0x00, 0x00, 0x00, 0x00,
  0x01, 0x00, 0x00, 0x00, 0x08, 0xf6, 0x49, 0x3c, 0x24, 0x00, 0x00, 0x00,
  0x70, 0x72, 0x61, 0x68, 0x61, 0x72, 0x69, 0x5f, 0x64, 0x73, 0x63, 0x6e,
  0x6e, 0x5f, 0x76, 0x35, 0x5f, 0x31, 0x2f, 0x70, 0x6f, 0x6f, 0x6c, 0x33,
  0x5f, 0x31, 0x2f, 0x4d, 0x61, 0x78, 0x50, 0x6f, 0x6f, 0x6c, 0x32, 0x64,
  0x00, 0x00, 0x00, 0x00, 0x04, 0x00, 0x00, 0x00, 0x01, 0x00, 0x00, 0x00,
  0x0c, 0x00, 0x00, 0x00, 0x05, 0x00, 0x00, 0x00, 0x20, 0x00, 0x00, 0x00,
  0x9a, 0xd4, 0xff, 0xff, 0x00, 0x00, 0x00, 0x01, 0x18, 0x00, 0x00, 0x00,
  0x28, 0x00, 0x00, 0x00, 0x44, 0x00, 0x00, 0x00, 0x1c, 0x00, 0x00, 0x00,
  0x00, 0x00, 0x00, 0x09, 0xe8, 0x00, 0x00, 0x00, 0x04, 0x00, 0x00, 0x00,
  0xff, 0xff, 0xff, 0xff, 0x18, 0x00, 0x00, 0x00, 0x0a, 0x00, 0x00, 0x00,
  0x20, 0x00, 0x00, 0x00, 0x84, 0xd4, 0xff, 0xff, 0x08, 0x00, 0x00, 0x00,
  0x10, 0x00, 0x00, 0x00, 0x01, 0x00, 0x00, 0x00, 0x80, 0xff, 0xff, 0xff,
  0xff, 0xff, 0xff, 0xff, 0x01, 0x00, 0x00, 0x00, 0x08, 0xf6, 0x49, 0x3c,
  0xaa, 0x00, 0x00, 0x00, 0x70, 0x72, 0x61, 0x68, 0x61, 0x72, 0x69, 0x5f,
  0x64, 0x73, 0x63, 0x6e, 0x6e, 0x5f, 0x76, 0x35, 0x5f, 0x31, 0x2f, 0x64,
  0x73, 0x32, 0x5f, 0x70, 0x77, 0x5f, 0x72, 0x65, 0x6c, 0x75, 0x5f, 0x31,
  0x2f, 0x52, 0x65, 0x6c, 0x75, 0x3b, 0x70, 0x72, 0x61, 0x68, 0x61, 0x72,
  0x69, 0x5f, 0x64, 0x73, 0x63, 0x6e, 0x6e, 0x5f, 0x76, 0x35, 0x5f, 0x31,
  0x2f, 0x64, 0x73, 0x32, 0x5f, 0x70, 0x77, 0x5f, 0x62, 0x6e, 0x5f, 0x31,
  0x2f, 0x62, 0x61, 0x74, 0x63, 0x68, 0x6e, 0x6f, 0x72, 0x6d, 0x2f, 0x61,
  0x64, 0x64, 0x5f, 0x31, 0x3b, 0x70, 0x72, 0x61, 0x68, 0x61, 0x72, 0x69,
  0x5f, 0x64, 0x73, 0x63, 0x6e, 0x6e, 0x5f, 0x76, 0x35, 0x5f, 0x31, 0x2f,
  0x64, 0x73, 0x32, 0x5f, 0x70, 0x77, 0x5f, 0x31, 0x2f, 0x63, 0x6f, 0x6e,
  0x76, 0x6f, 0x6c, 0x75, 0x74, 0x69, 0x6f, 0x6e, 0x3b, 0x70, 0x72, 0x61,
  0x68, 0x61, 0x72, 0x69, 0x5f, 0x64, 0x73, 0x63, 0x6e, 0x6e, 0x5f, 0x76,
  0x35, 0x5f, 0x31, 0x2f, 0x64, 0x73, 0x32, 0x5f, 0x70, 0x77, 0x5f, 0x62,
  0x6e, 0x5f, 0x31, 0x2f, 0x62, 0x61, 0x74, 0x63, 0x68, 0x6e, 0x6f, 0x72,
  0x6d, 0x2f, 0x73, 0x75, 0x62, 0x31, 0x00, 0x00, 0x04, 0x00, 0x00, 0x00,
  0x01, 0x00, 0x00, 0x00, 0x18, 0x00, 0x00, 0x00, 0x0a, 0x00, 0x00, 0x00,
  0x20, 0x00, 0x00, 0x00, 0xb2, 0xd5, 0xff, 0xff, 0x00, 0x00, 0x00, 0x01,
  0x18, 0x00, 0x00, 0x00, 0x28, 0x00, 0x00, 0x00, 0x48, 0x00, 0x00, 0x00,
  0x1b, 0x00, 0x00, 0x00, 0x00, 0x00, 0x00, 0x09, 0x48, 0x01, 0x00, 0x00,
  0x04, 0x00, 0x00, 0x00, 0xff, 0xff, 0xff, 0xff, 0x18, 0x00, 0x00, 0x00,
  0x0a, 0x00, 0x00, 0x00, 0x10, 0x00, 0x00, 0x00, 0x9c, 0xd5, 0xff, 0xff,
  0x08, 0x00, 0x00, 0x00, 0x14, 0x00, 0x00, 0x00, 0x01, 0x00, 0x00, 0x00,
  0x80, 0xff, 0xff, 0xff, 0xff, 0xff, 0xff, 0xff, 0x00, 0x00, 0x00, 0x00,
  0x01, 0x00, 0x00, 0x00, 0xd3, 0x16, 0x1d, 0x3d, 0x04, 0x01, 0x00, 0x00,
  0x70, 0x72, 0x61, 0x68, 0x61, 0x72, 0x69, 0x5f, 0x64, 0x73, 0x63, 0x6e,
  0x6e, 0x5f, 0x76, 0x35, 0x5f, 0x31, 0x2f, 0x64, 0x73, 0x32, 0x5f, 0x64,
  0x77, 0x5f, 0x72, 0x65, 0x6c, 0x75, 0x5f, 0x31, 0x2f, 0x52, 0x65, 0x6c,
  0x75, 0x3b, 0x70, 0x72, 0x61, 0x68, 0x61, 0x72, 0x69, 0x5f, 0x64, 0x73,
  0x63, 0x6e, 0x6e, 0x5f, 0x76, 0x35, 0x5f, 0x31, 0x2f, 0x64, 0x73, 0x32,
  0x5f, 0x64, 0x77, 0x5f, 0x62, 0x6e, 0x5f, 0x31, 0x2f, 0x62, 0x61, 0x74,
  0x63, 0x68, 0x6e, 0x6f, 0x72, 0x6d, 0x2f, 0x61, 0x64, 0x64, 0x5f, 0x31,
  0x3b, 0x70, 0x72, 0x61, 0x68, 0x61, 0x72, 0x69, 0x5f, 0x64, 0x73, 0x63,
  0x6e, 0x6e, 0x5f, 0x76, 0x35, 0x5f, 0x31, 0x2f, 0x64, 0x73, 0x32, 0x5f,
  0x64, 0x77, 0x5f, 0x62, 0x6e, 0x5f, 0x31, 0x2f, 0x62, 0x61, 0x74, 0x63,
  0x68, 0x6e, 0x6f, 0x72, 0x6d, 0x2f, 0x6d, 0x75, 0x6c, 0x5f, 0x31, 0x3b,
  0x70, 0x72, 0x61, 0x68, 0x61, 0x72, 0x69, 0x5f, 0x64, 0x73, 0x63, 0x6e,
  0x6e, 0x5f, 0x76, 0x35, 0x5f, 0x31, 0x2f, 0x64, 0x73, 0x32, 0x5f, 0x64,
  0x77, 0x5f, 0x31, 0x2f, 0x64, 0x65, 0x70, 0x74, 0x68, 0x77, 0x69, 0x73,
  0x65, 0x3b, 0x70, 0x72, 0x61, 0x68, 0x61, 0x72, 0x69, 0x5f, 0x64, 0x73,
  0x63, 0x6e, 0x6e, 0x5f, 0x76, 0x35, 0x5f, 0x31, 0x2f, 0x64, 0x73, 0x32,
  0x5f, 0x64, 0x77, 0x5f, 0x62, 0x6e, 0x5f, 0x31, 0x2f, 0x62, 0x61, 0x74,
  0x63, 0x68, 0x6e, 0x6f, 0x72, 0x6d, 0x2f, 0x6d, 0x75, 0x6c, 0x3b, 0x70,
  0x72, 0x61, 0x68, 0x61, 0x72, 0x69, 0x5f, 0x64, 0x73, 0x63, 0x6e, 0x6e,
  0x5f, 0x76, 0x35, 0x5f, 0x31, 0x2f, 0x64, 0x73, 0x32, 0x5f, 0x64, 0x77,
  0x5f, 0x62, 0x6e, 0x5f, 0x31, 0x2f, 0x62, 0x61, 0x74, 0x63, 0x68, 0x6e,
  0x6f, 0x72, 0x6d, 0x2f, 0x73, 0x75, 0x62, 0x31, 0x00, 0x00, 0x00, 0x00,
  0x04, 0x00, 0x00, 0x00, 0x01, 0x00, 0x00, 0x00, 0x18, 0x00, 0x00, 0x00,
  0x0a, 0x00, 0x00, 0x00, 0x10, 0x00, 0x00, 0x00, 0x2a, 0xd7, 0xff, 0xff,
  0x00, 0x00, 0x00, 0x01, 0x18, 0x00, 0x00, 0x00, 0x28, 0x00, 0x00, 0x00,
  0x48, 0x00, 0x00, 0x00, 0x1a, 0x00, 0x00, 0x00, 0x00, 0x00, 0x00, 0x09,
  0x68, 0x00, 0x00, 0x00, 0x04, 0x00, 0x00, 0x00, 0xff, 0xff, 0xff, 0xff,
  0x18, 0x00, 0x00, 0x00, 0x0a, 0x00, 0x00, 0x00, 0x10, 0x00, 0x00, 0x00,
  0x14, 0xd7, 0xff, 0xff, 0x08, 0x00, 0x00, 0x00, 0x14, 0x00, 0x00, 0x00,
  0x01, 0x00, 0x00, 0x00, 0x80, 0xff, 0xff, 0xff, 0xff, 0xff, 0xff, 0xff,
  0x00, 0x00, 0x00, 0x00, 0x01, 0x00, 0x00, 0x00, 0x6a, 0x14, 0x11, 0x3d,
  0x24, 0x00, 0x00, 0x00, 0x70, 0x72, 0x61, 0x68, 0x61, 0x72, 0x69, 0x5f,
  0x64, 0x73, 0x63, 0x6e, 0x6e, 0x5f, 0x76, 0x35, 0x5f, 0x31, 0x2f, 0x70,
  0x6f, 0x6f, 0x6c, 0x32, 0x5f, 0x31, 0x2f, 0x4d, 0x61, 0x78, 0x50, 0x6f,
  0x6f, 0x6c, 0x32, 0x64, 0x00, 0x00, 0x00, 0x00, 0x04, 0x00, 0x00, 0x00,
  0x01, 0x00, 0x00, 0x00, 0x18, 0x00, 0x00, 0x00, 0x0a, 0x00, 0x00, 0x00,
  0x10, 0x00, 0x00, 0x00, 0xc2, 0xd7, 0xff, 0xff, 0x00, 0x00, 0x00, 0x01,
  0x18, 0x00, 0x00, 0x00, 0x28, 0x00, 0x00, 0x00, 0x44, 0x00, 0x00, 0x00,
  0x19, 0x00, 0x00, 0x00, 0x00, 0x00, 0x00, 0x09, 0xe8, 0x00, 0x00, 0x00,
  0x04, 0x00, 0x00, 0x00, 0xff, 0xff, 0xff, 0xff, 0x31, 0x00, 0x00, 0x00,
  0x14, 0x00, 0x00, 0x00, 0x10, 0x00, 0x00, 0x00, 0xac, 0xd7, 0xff, 0xff,
  0x08, 0x00, 0x00, 0x00, 0x10, 0x00, 0x00, 0x00, 0x01, 0x00, 0x00, 0x00,
  0x80, 0xff, 0xff, 0xff, 0xff, 0xff, 0xff, 0xff, 0x01, 0x00, 0x00, 0x00,
  0x6a, 0x14, 0x11, 0x3d, 0xaa, 0x00, 0x00, 0x00, 0x70, 0x72, 0x61, 0x68,
  0x61, 0x72, 0x69, 0x5f, 0x64, 0x73, 0x63, 0x6e, 0x6e, 0x5f, 0x76, 0x35,
  0x5f, 0x31, 0x2f, 0x64, 0x73, 0x31, 0x5f, 0x70, 0x77, 0x5f, 0x72, 0x65,
  0x6c, 0x75, 0x5f, 0x31, 0x2f, 0x52, 0x65, 0x6c, 0x75, 0x3b, 0x70, 0x72,
  0x61, 0x68, 0x61, 0x72, 0x69, 0x5f, 0x64, 0x73, 0x63, 0x6e, 0x6e, 0x5f,
  0x76, 0x35, 0x5f, 0x31, 0x2f, 0x64, 0x73, 0x31, 0x5f, 0x70, 0x77, 0x5f,
  0x62, 0x6e, 0x5f, 0x31, 0x2f, 0x62, 0x61, 0x74, 0x63, 0x68, 0x6e, 0x6f,
  0x72, 0x6d, 0x2f, 0x61, 0x64, 0x64, 0x5f, 0x31, 0x3b, 0x70, 0x72, 0x61,
  0x68, 0x61, 0x72, 0x69, 0x5f, 0x64, 0x73, 0x63, 0x6e, 0x6e, 0x5f, 0x76,
  0x35, 0x5f, 0x31, 0x2f, 0x64, 0x73, 0x31, 0x5f, 0x70, 0x77, 0x5f, 0x31,
  0x2f, 0x63, 0x6f, 0x6e, 0x76, 0x6f, 0x6c, 0x75, 0x74, 0x69, 0x6f, 0x6e,
  0x3b, 0x70, 0x72, 0x61, 0x68, 0x61, 0x72, 0x69, 0x5f, 0x64, 0x73, 0x63,
  0x6e, 0x6e, 0x5f, 0x76, 0x35, 0x5f, 0x31, 0x2f, 0x64, 0x73, 0x31, 0x5f,
  0x70, 0x77, 0x5f, 0x62, 0x6e, 0x5f, 0x31, 0x2f, 0x62, 0x61, 0x74, 0x63,
  0x68, 0x6e, 0x6f, 0x72, 0x6d, 0x2f, 0x73, 0x75, 0x62, 0x31, 0x00, 0x00,
  0x04, 0x00, 0x00, 0x00, 0x01, 0x00, 0x00, 0x00, 0x31, 0x00, 0x00, 0x00,
  0x14, 0x00, 0x00, 0x00, 0x10, 0x00, 0x00, 0x00, 0xda, 0xd8, 0xff, 0xff,
  0x00, 0x00, 0x00, 0x01, 0x18, 0x00, 0x00, 0x00, 0x28, 0x00, 0x00, 0x00,
  0x48, 0x00, 0x00, 0x00, 0x18, 0x00, 0x00, 0x00, 0x00, 0x00, 0x00, 0x09,
  0x48, 0x01, 0x00, 0x00, 0x04, 0x00, 0x00, 0x00, 0xff, 0xff, 0xff, 0xff,
  0x31, 0x00, 0x00, 0x00, 0x14, 0x00, 0x00, 0x00, 0x08, 0x00, 0x00, 0x00,
  0xc4, 0xd8, 0xff, 0xff, 0x08, 0x00, 0x00, 0x00, 0x14, 0x00, 0x00, 0x00,
  0x01, 0x00, 0x00, 0x00, 0x80, 0xff, 0xff, 0xff, 0xff, 0xff, 0xff, 0xff,
  0x00, 0x00, 0x00, 0x00, 0x01, 0x00, 0x00, 0x00, 0x25, 0x03, 0x22, 0x3d,
  0x04, 0x01, 0x00, 0x00, 0x70, 0x72, 0x61, 0x68, 0x61, 0x72, 0x69, 0x5f,
  0x64, 0x73, 0x63, 0x6e, 0x6e, 0x5f, 0x76, 0x35, 0x5f, 0x31, 0x2f, 0x64,
  0x73, 0x31, 0x5f, 0x64, 0x77, 0x5f, 0x72, 0x65, 0x6c, 0x75, 0x5f, 0x31,
  0x2f, 0x52, 0x65, 0x6c, 0x75, 0x3b, 0x70, 0x72, 0x61, 0x68, 0x61, 0x72,
  0x69, 0x5f, 0x64, 0x73, 0x63, 0x6e, 0x6e, 0x5f, 0x76, 0x35, 0x5f, 0x31,
  0x2f, 0x64, 0x73, 0x31, 0x5f, 0x64, 0x77, 0x5f, 0x62, 0x6e, 0x5f, 0x31,
  0x2f, 0x62, 0x61, 0x74, 0x63, 0x68, 0x6e, 0x6f, 0x72, 0x6d, 0x2f, 0x61,
  0x64, 0x64, 0x5f, 0x31, 0x3b, 0x70, 0x72, 0x61, 0x68, 0x61, 0x72, 0x69,
  0x5f, 0x64, 0x73, 0x63, 0x6e, 0x6e, 0x5f, 0x76, 0x35, 0x5f, 0x31, 0x2f,
  0x64, 0x73, 0x31, 0x5f, 0x64, 0x77, 0x5f, 0x62, 0x6e, 0x5f, 0x31, 0x2f,
  0x62, 0x61, 0x74, 0x63, 0x68, 0x6e, 0x6f, 0x72, 0x6d, 0x2f, 0x6d, 0x75,
  0x6c, 0x5f, 0x31, 0x3b, 0x70, 0x72, 0x61, 0x68, 0x61, 0x72, 0x69, 0x5f,
  0x64, 0x73, 0x63, 0x6e, 0x6e, 0x5f, 0x76, 0x35, 0x5f, 0x31, 0x2f, 0x64,
  0x73, 0x31, 0x5f, 0x64, 0x77, 0x5f, 0x31, 0x2f, 0x64, 0x65, 0x70, 0x74,
  0x68, 0x77, 0x69, 0x73, 0x65, 0x3b, 0x70, 0x72, 0x61, 0x68, 0x61, 0x72,
  0x69, 0x5f, 0x64, 0x73, 0x63, 0x6e, 0x6e, 0x5f, 0x76, 0x35, 0x5f, 0x31,
  0x2f, 0x64, 0x73, 0x31, 0x5f, 0x64, 0x77, 0x5f, 0x62, 0x6e, 0x5f, 0x31,
  0x2f, 0x62, 0x61, 0x74, 0x63, 0x68, 0x6e, 0x6f, 0x72, 0x6d, 0x2f, 0x6d,
  0x75, 0x6c, 0x3b, 0x70, 0x72, 0x61, 0x68, 0x61, 0x72, 0x69, 0x5f, 0x64,
  0x73, 0x63, 0x6e, 0x6e, 0x5f, 0x76, 0x35, 0x5f, 0x31, 0x2f, 0x64, 0x73,
  0x31, 0x5f, 0x64, 0x77, 0x5f, 0x62, 0x6e, 0x5f, 0x31, 0x2f, 0x62, 0x61,
  0x74, 0x63, 0x68, 0x6e, 0x6f, 0x72, 0x6d, 0x2f, 0x73, 0x75, 0x62, 0x31,
  0x00, 0x00, 0x00, 0x00, 0x04, 0x00, 0x00, 0x00, 0x01, 0x00, 0x00, 0x00,
  0x31, 0x00, 0x00, 0x00, 0x14, 0x00, 0x00, 0x00, 0x08, 0x00, 0x00, 0x00,
  0x52, 0xda, 0xff, 0xff, 0x00, 0x00, 0x00, 0x01, 0x18, 0x00, 0x00, 0x00,
  0x28, 0x00, 0x00, 0x00, 0x48, 0x00, 0x00, 0x00, 0x17, 0x00, 0x00, 0x00,
  0x00, 0x00, 0x00, 0x09, 0x68, 0x00, 0x00, 0x00, 0x04, 0x00, 0x00, 0x00,
  0xff, 0xff, 0xff, 0xff, 0x31, 0x00, 0x00, 0x00, 0x14, 0x00, 0x00, 0x00,
  0x08, 0x00, 0x00, 0x00, 0x3c, 0xda, 0xff, 0xff, 0x08, 0x00, 0x00, 0x00,
  0x14, 0x00, 0x00, 0x00, 0x01, 0x00, 0x00, 0x00, 0x80, 0xff, 0xff, 0xff,
  0xff, 0xff, 0xff, 0xff, 0x00, 0x00, 0x00, 0x00, 0x01, 0x00, 0x00, 0x00,
  0x10, 0x32, 0x87, 0x3c, 0x24, 0x00, 0x00, 0x00, 0x70, 0x72, 0x61, 0x68,
  0x61, 0x72, 0x69, 0x5f, 0x64, 0x73, 0x63, 0x6e, 0x6e, 0x5f, 0x76, 0x35,
  0x5f, 0x31, 0x2f, 0x70, 0x6f, 0x6f, 0x6c, 0x31, 0x5f, 0x31, 0x2f, 0x4d,
  0x61, 0x78, 0x50, 0x6f, 0x6f, 0x6c, 0x32, 0x64, 0x00, 0x00, 0x00, 0x00,
  0x04, 0x00, 0x00, 0x00, 0x01, 0x00, 0x00, 0x00, 0x31, 0x00, 0x00, 0x00,
  0x14, 0x00, 0x00, 0x00, 0x08, 0x00, 0x00, 0x00, 0xea, 0xda, 0xff, 0xff,
  0x00, 0x00, 0x00, 0x01, 0x18, 0x00, 0x00, 0x00, 0x28, 0x00, 0x00, 0x00,
  0x44, 0x00, 0x00, 0x00, 0x16, 0x00, 0x00, 0x00, 0x00, 0x00, 0x00, 0x09,
  0xe0, 0x00, 0x00, 0x00, 0x04, 0x00, 0x00, 0x00, 0xff, 0xff, 0xff, 0xff,
  0x62, 0x00, 0x00, 0x00, 0x14, 0x00, 0x00, 0x00, 0x08, 0x00, 0x00, 0x00,
  0xd4, 0xda, 0xff, 0xff, 0x08, 0x00, 0x00, 0x00, 0x10, 0x00, 0x00, 0x00,
  0x01, 0x00, 0x00, 0x00, 0x80, 0xff, 0xff, 0xff, 0xff, 0xff, 0xff, 0xff,
  0x01, 0x00, 0x00, 0x00, 0x10, 0x32, 0x87, 0x3c, 0xa2, 0x00, 0x00, 0x00,
  0x70, 0x72, 0x61, 0x68, 0x61, 0x72, 0x69, 0x5f, 0x64, 0x73, 0x63, 0x6e,
  0x6e, 0x5f, 0x76, 0x35, 0x5f, 0x31, 0x2f, 0x73, 0x74, 0x65, 0x6d, 0x5f,
  0x72, 0x65, 0x6c, 0x75, 0x5f, 0x31, 0x2f, 0x52, 0x65, 0x6c, 0x75, 0x3b,
  0x70, 0x72, 0x61, 0x68, 0x61, 0x72, 0x69, 0x5f, 0x64, 0x73, 0x63, 0x6e,
  0x6e, 0x5f, 0x76, 0x35, 0x5f, 0x31, 0x2f, 0x73, 0x74, 0x65, 0x6d, 0x5f,
  0x62, 0x6e, 0x5f, 0x31, 0x2f, 0x62, 0x61, 0x74, 0x63, 0x68, 0x6e, 0x6f,
  0x72, 0x6d, 0x2f, 0x61, 0x64, 0x64, 0x5f, 0x31, 0x3b, 0x70, 0x72, 0x61,
  0x68, 0x61, 0x72, 0x69, 0x5f, 0x64, 0x73, 0x63, 0x6e, 0x6e, 0x5f, 0x76,
  0x35, 0x5f, 0x31, 0x2f, 0x73, 0x74, 0x65, 0x6d, 0x5f, 0x31, 0x2f, 0x63,
  0x6f, 0x6e, 0x76, 0x6f, 0x6c, 0x75, 0x74, 0x69, 0x6f, 0x6e, 0x3b, 0x70,
  0x72, 0x61, 0x68, 0x61, 0x72, 0x69, 0x5f, 0x64, 0x73, 0x63, 0x6e, 0x6e,
  0x5f, 0x76, 0x35, 0x5f, 0x31, 0x2f, 0x73, 0x74, 0x65, 0x6d, 0x5f, 0x62,
  0x6e, 0x5f, 0x31, 0x2f, 0x62, 0x61, 0x74, 0x63, 0x68, 0x6e, 0x6f, 0x72,
  0x6d, 0x2f, 0x73, 0x75, 0x62, 0x31, 0x00, 0x00, 0x04, 0x00, 0x00, 0x00,
  0x01, 0x00, 0x00, 0x00, 0x62, 0x00, 0x00, 0x00, 0x14, 0x00, 0x00, 0x00,
  0x08, 0x00, 0x00, 0x00, 0xc6, 0xdc, 0xff, 0xff, 0x00, 0x00, 0x00, 0x01,
  0x14, 0x00, 0x00, 0x00, 0x84, 0x00, 0x00, 0x00, 0x15, 0x00, 0x00, 0x00,
  0x00, 0x00, 0x00, 0x09, 0xa4, 0x00, 0x00, 0x00, 0xcc, 0xdb, 0xff, 0xff,
  0x08, 0x00, 0x00, 0x00, 0x48, 0x00, 0x00, 0x00, 0x08, 0x00, 0x00, 0x00,
  0x00, 0x00, 0x00, 0x00, 0x00, 0x00, 0x00, 0x00, 0x00, 0x00, 0x00, 0x00,
  0x00, 0x00, 0x00, 0x00, 0x00, 0x00, 0x00, 0x00, 0x00, 0x00, 0x00, 0x00,
  0x00, 0x00, 0x00, 0x00, 0x00, 0x00, 0x00, 0x00, 0x00, 0x00, 0x00, 0x00,
  0x00, 0x00, 0x00, 0x00, 0x00, 0x00, 0x00, 0x00, 0x00, 0x00, 0x00, 0x00,
  0x00, 0x00, 0x00, 0x00, 0x00, 0x00, 0x00, 0x00, 0x00, 0x00, 0x00, 0x00,
  0x00, 0x00, 0x00, 0x00, 0x08, 0x00, 0x00, 0x00, 0x0f, 0x9e, 0xba, 0x3a,
  0xab, 0x00, 0x85, 0x3b, 0xa5, 0x32, 0xeb, 0x3a, 0xb7, 0x9b, 0x86, 0x3a,
  0x2f, 0x0b, 0xb8, 0x3a, 0x1c, 0xa2, 0x97, 0x3a, 0xc9, 0x8a, 0xa8, 0x3a,
  0x8a, 0x35, 0x67, 0x3b, 0x25, 0x00, 0x00, 0x00, 0x70, 0x72, 0x61, 0x68,
  0x61, 0x72, 0x69, 0x5f, 0x64, 0x73, 0x63, 0x6e, 0x6e, 0x5f, 0x76, 0x35,
  0x5f, 0x31, 0x2f, 0x73, 0x74, 0x65, 0x6d, 0x5f, 0x31, 0x2f, 0x63, 0x6f,
  0x6e, 0x76, 0x6f, 0x6c, 0x75, 0x74, 0x69, 0x6f, 0x6e, 0x00, 0x00, 0x00,
  0x04, 0x00, 0x00, 0x00, 0x08, 0x00, 0x00, 0x00, 0x02, 0x00, 0x00, 0x00,
  0x10, 0x00, 0x00, 0x00, 0x01, 0x00, 0x00, 0x00, 0x96, 0xdd, 0xff, 0xff,
  0x00, 0x00, 0x00, 0x01, 0x14, 0x00, 0x00, 0x00, 0x88, 0x00, 0x00, 0x00,
  0x14, 0x00, 0x00, 0x00, 0x00, 0x00, 0x00, 0x02, 0x24, 0x01, 0x00, 0x00,
  0x9c, 0xdc, 0xff, 0xff, 0x08, 0x00, 0x00, 0x00, 0x4c, 0x00, 0x00, 0x00,
  0x08, 0x00, 0x00, 0x00, 0x00, 0x00, 0x00, 0x00, 0x00, 0x00, 0x00, 0x00,
  0x00, 0x00, 0x00, 0x00, 0x00, 0x00, 0x00, 0x00, 0x00, 0x00, 0x00, 0x00,
  0x00, 0x00, 0x00, 0x00, 0x00, 0x00, 0x00, 0x00, 0x00, 0x00, 0x00, 0x00,
  0x00, 0x00, 0x00, 0x00, 0x00, 0x00, 0x00, 0x00, 0x00, 0x00, 0x00, 0x00,
  0x00, 0x00, 0x00, 0x00, 0x00, 0x00, 0x00, 0x00, 0x00, 0x00, 0x00, 0x00,
  0x00, 0x00, 0x00, 0x00, 0x00, 0x00, 0x00, 0x00, 0x00, 0x00, 0x00, 0x00,
  0x08, 0x00, 0x00, 0x00, 0xdf, 0x14, 0xd2, 0x37, 0xbc, 0xb9, 0x95, 0x38,
  0x94, 0x62, 0x04, 0x38, 0x77, 0x88, 0x97, 0x37, 0x27, 0x2f, 0xcf, 0x37,
  0xdb, 0xb2, 0xaa, 0x37, 0xcb, 0xbb, 0xbd, 0x37, 0xd5, 0x23, 0x82, 0x38,
  0xa1, 0x00, 0x00, 0x00, 0x70, 0x72, 0x61, 0x68, 0x61, 0x72, 0x69, 0x5f,
  0x64, 0x73, 0x63, 0x6e, 0x6e, 0x5f, 0x76, 0x35, 0x5f, 0x31, 0x2f, 0x73,
  0x74, 0x65, 0x6d, 0x5f, 0x72, 0x65, 0x6c, 0x75, 0x5f, 0x31, 0x2f, 0x52,
  0x65, 0x6c, 0x75, 0x3b, 0x70, 0x72, 0x61, 0x68, 0x61, 0x72, 0x69, 0x5f,
  0x64, 0x73, 0x63, 0x6e, 0x6e, 0x5f, 0x76, 0x35, 0x5f, 0x31, 0x2f, 0x73,
  0x74, 0x65, 0x6d, 0x5f, 0x62, 0x6e, 0x5f, 0x31, 0x2f, 0x62, 0x61, 0x74,
  0x63, 0x68, 0x6e, 0x6f, 0x72, 0x6d, 0x2f, 0x61, 0x64, 0x64, 0x5f, 0x31,
  0x3b, 0x70, 0x72, 0x61, 0x68, 0x61, 0x72, 0x69, 0x5f, 0x64, 0x73, 0x63,
  0x6e, 0x6e, 0x5f, 0x76, 0x35, 0x5f, 0x31, 0x2f, 0x73, 0x74, 0x65, 0x6d,
  0x5f, 0x31, 0x2f, 0x63, 0x6f, 0x6e, 0x76, 0x6f, 0x6c, 0x75, 0x74, 0x69,
  0x6f, 0x6e, 0x3b, 0x70, 0x72, 0x61, 0x68, 0x61, 0x72, 0x69, 0x5f, 0x64,
  0x73, 0x63, 0x6e, 0x6e, 0x5f, 0x76, 0x35, 0x5f, 0x31, 0x2f, 0x73, 0x74,
  0x65, 0x6d, 0x5f, 0x62, 0x6e, 0x5f, 0x31, 0x2f, 0x62, 0x61, 0x74, 0x63,
  0x68, 0x6e, 0x6f, 0x72, 0x6d, 0x2f, 0x73, 0x75, 0x62, 0x00, 0x00, 0x00,
  0x01, 0x00, 0x00, 0x00, 0x08, 0x00, 0x00, 0x00, 0xda, 0xde, 0xff, 0xff,
  0x00, 0x00, 0x00, 0x01, 0x14, 0x00, 0x00, 0x00, 0x8c, 0x00, 0x00, 0x00,
  0x13, 0x00, 0x00, 0x00, 0x00, 0x00, 0x00, 0x09, 0x08, 0x01, 0x00, 0x00,
  0xda, 0xe8, 0xff, 0xff, 0x03, 0x00, 0x00, 0x00, 0x08, 0x00, 0x00, 0x00,
  0x4c, 0x00, 0x00, 0x00, 0x08, 0x00, 0x00, 0x00, 0x00, 0x00, 0x00, 0x00,
  0x00, 0x00, 0x00, 0x00, 0x00, 0x00, 0x00, 0x00, 0x00, 0x00, 0x00, 0x00,
  0x00, 0x00, 0x00, 0x00, 0x00, 0x00, 0x00, 0x00, 0x00, 0x00, 0x00, 0x00,
  0x00, 0x00, 0x00, 0x00, 0x00, 0x00, 0x00, 0x00, 0x00, 0x00, 0x00, 0x00,
  0x00, 0x00, 0x00, 0x00, 0x00, 0x00, 0x00, 0x00, 0x00, 0x00, 0x00, 0x00,
  0x00, 0x00, 0x00, 0x00, 0x00, 0x00, 0x00, 0x00, 0x00, 0x00, 0x00, 0x00,
  0x00, 0x00, 0x00, 0x00, 0x08, 0x00, 0x00, 0x00, 0x85, 0x82, 0xd4, 0x3b,
  0xdf, 0x91, 0x3c, 0x3b, 0x26, 0x90, 0xdb, 0x3b, 0x35, 0x57, 0x44, 0x3c,
  0x30, 0x6c, 0x23, 0x3b, 0xde, 0x5f, 0xc6, 0x3b, 0xa2, 0x70, 0x57, 0x3c,
  0x4f, 0xbc, 0x4f, 0x3b, 0x81, 0x00, 0x00, 0x00, 0x70, 0x72, 0x61, 0x68,
  0x61, 0x72, 0x69, 0x5f, 0x64, 0x73, 0x63, 0x6e, 0x6e, 0x5f, 0x76, 0x35,
  0x5f, 0x31, 0x2f, 0x64, 0x73, 0x31, 0x5f, 0x64, 0x77, 0x5f, 0x62, 0x6e,
  0x5f, 0x31, 0x2f, 0x62, 0x61, 0x74, 0x63, 0x68, 0x6e, 0x6f, 0x72, 0x6d,
  0x2f, 0x6d, 0x75, 0x6c, 0x5f, 0x31, 0x3b, 0x70, 0x72, 0x61, 0x68, 0x61,
  0x72, 0x69, 0x5f, 0x64, 0x73, 0x63, 0x6e, 0x6e, 0x5f, 0x76, 0x35, 0x5f,
  0x31, 0x2f, 0x64, 0x73, 0x31, 0x5f, 0x64, 0x77, 0x5f, 0x31, 0x2f, 0x64,
  0x65, 0x70, 0x74, 0x68, 0x77, 0x69, 0x73, 0x65, 0x3b, 0x70, 0x72, 0x61,
  0x68, 0x61, 0x72, 0x69, 0x5f, 0x64, 0x73, 0x63, 0x6e, 0x6e, 0x5f, 0x76,
  0x35, 0x5f, 0x31, 0x2f, 0x64, 0x73, 0x31, 0x5f, 0x64, 0x77, 0x5f, 0x62,
  0x6e, 0x5f, 0x31, 0x2f, 0x62, 0x61, 0x74, 0x63, 0x68, 0x6e, 0x6f, 0x72,
  0x6d, 0x2f, 0x6d, 0x75, 0x6c, 0x00, 0x00, 0x00, 0x04, 0x00, 0x00, 0x00,
  0x01, 0x00, 0x00, 0x00, 0x05, 0x00, 0x00, 0x00, 0x03, 0x00, 0x00, 0x00,
  0x08, 0x00, 0x00, 0x00, 0x0e, 0xe0, 0xff, 0xff, 0x00, 0x00, 0x00, 0x01,
  0x14, 0x00, 0x00, 0x00, 0x84, 0x00, 0x00, 0x00, 0x12, 0x00, 0x00, 0x00,
  0x00, 0x00, 0x00, 0x02, 0x80, 0x01, 0x00, 0x00, 0x14, 0xdf, 0xff, 0xff,
  0x08, 0x00, 0x00, 0x00, 0x48, 0x00, 0x00, 0x00, 0x08, 0x00, 0x00, 0x00,
  0x00, 0x00, 0x00, 0x00, 0x00, 0x00, 0x00, 0x00, 0x00, 0x00, 0x00, 0x00,
  0x00, 0x00, 0x00, 0x00, 0x00, 0x00, 0x00, 0x00, 0x00, 0x00, 0x00, 0x00,
  0x00, 0x00, 0x00, 0x00, 0x00, 0x00, 0x00, 0x00, 0x00, 0x00, 0x00, 0x00,
  0x00, 0x00, 0x00, 0x00, 0x00, 0x00, 0x00, 0x00, 0x00, 0x00, 0x00, 0x00,
  0x00, 0x00, 0x00, 0x00, 0x00, 0x00, 0x00, 0x00, 0x00, 0x00, 0x00, 0x00,
  0x00, 0x00, 0x00, 0x00, 0x08, 0x00, 0x00, 0x00, 0xc6, 0x74, 0xe0, 0x38,
  0x9a, 0x2b, 0x47, 0x38, 0xe8, 0xe7, 0xe7, 0x38, 0xc5, 0x60, 0x4f, 0x39,
  0x05, 0x9c, 0x2c, 0x38, 0xb2, 0x86, 0xd1, 0x38, 0x0e, 0x8d, 0x63, 0x39,
  0xdb, 0x69, 0x5b, 0x38, 0x03, 0x01, 0x00, 0x00, 0x70, 0x72, 0x61, 0x68,
  0x61, 0x72, 0x69, 0x5f, 0x64, 0x73, 0x63, 0x6e, 0x6e, 0x5f, 0x76, 0x35,
  0x5f, 0x31, 0x2f, 0x64, 0x73, 0x31, 0x5f, 0x64, 0x77, 0x5f, 0x72, 0x65,
  0x6c, 0x75, 0x5f, 0x31, 0x2f, 0x52, 0x65, 0x6c, 0x75, 0x3b, 0x70, 0x72,
  0x61, 0x68, 0x61, 0x72, 0x69, 0x5f, 0x64, 0x73, 0x63, 0x6e, 0x6e, 0x5f,
  0x76, 0x35, 0x5f, 0x31, 0x2f, 0x64, 0x73, 0x31, 0x5f, 0x64, 0x77, 0x5f,
  0x62, 0x6e, 0x5f, 0x31, 0x2f, 0x62, 0x61, 0x74, 0x63, 0x68, 0x6e, 0x6f,
  0x72, 0x6d, 0x2f, 0x61, 0x64, 0x64, 0x5f, 0x31, 0x3b, 0x70, 0x72, 0x61,
  0x68, 0x61, 0x72, 0x69, 0x5f, 0x64, 0x73, 0x63, 0x6e, 0x6e, 0x5f, 0x76,
  0x35, 0x5f, 0x31, 0x2f, 0x64, 0x73, 0x31, 0x5f, 0x64, 0x77, 0x5f, 0x62,
  0x6e, 0x5f, 0x31, 0x2f, 0x62, 0x61, 0x74, 0x63, 0x68, 0x6e, 0x6f, 0x72,
  0x6d, 0x2f, 0x6d, 0x75, 0x6c, 0x5f, 0x31, 0x3b, 0x70, 0x72, 0x61, 0x68,
  0x61, 0x72, 0x69, 0x5f, 0x64, 0x73, 0x63, 0x6e, 0x6e, 0x5f, 0x76, 0x35,
  0x5f, 0x31, 0x2f, 0x64, 0x73, 0x31, 0x5f, 0x64, 0x77, 0x5f, 0x31, 0x2f,
  0x64, 0x65, 0x70, 0x74, 0x68, 0x77, 0x69, 0x73, 0x65, 0x3b, 0x70, 0x72,
  0x61, 0x68, 0x61, 0x72, 0x69, 0x5f, 0x64, 0x73, 0x63, 0x6e, 0x6e, 0x5f,
  0x76, 0x35, 0x5f, 0x31, 0x2f, 0x64, 0x73, 0x31, 0x5f, 0x64, 0x77, 0x5f,
  0x62, 0x6e, 0x5f, 0x31, 0x2f, 0x62, 0x61, 0x74, 0x63, 0x68, 0x6e, 0x6f,
  0x72, 0x6d, 0x2f, 0x6d, 0x75, 0x6c, 0x3b, 0x70, 0x72, 0x61, 0x68, 0x61,
  0x72, 0x69, 0x5f, 0x64, 0x73, 0x63, 0x6e, 0x6e, 0x5f, 0x76, 0x35, 0x5f,
  0x31, 0x2f, 0x64, 0x73, 0x31, 0x5f, 0x64, 0x77, 0x5f, 0x62, 0x6e, 0x5f,
  0x31, 0x2f, 0x62, 0x61, 0x74, 0x63, 0x68, 0x6e, 0x6f, 0x72, 0x6d, 0x2f,
  0x73, 0x75, 0x62, 0x00, 0x01, 0x00, 0x00, 0x00, 0x08, 0x00, 0x00, 0x00,
  0xae, 0xe1, 0xff, 0xff, 0x00, 0x00, 0x00, 0x01, 0x14, 0x00, 0x00, 0x00,
  0xe4, 0x00, 0x00, 0x00, 0x11, 0x00, 0x00, 0x00, 0x00, 0x00, 0x00, 0x09,
  0x04, 0x01, 0x00, 0x00, 0xb4, 0xe0, 0xff, 0xff, 0x08, 0x00, 0x00, 0x00,
  0x88, 0x00, 0x00, 0x00, 0x10, 0x00, 0x00, 0x00, 0x00, 0x00, 0x00, 0x00,
  0x00, 0x00, 0x00, 0x00, 0x00, 0x00, 0x00, 0x00, 0x00, 0x00, 0x00, 0x00,
  0x00, 0x00, 0x00, 0x00, 0x00, 0x00, 0x00, 0x00, 0x00, 0x00, 0x00, 0x00,
  0x00, 0x00, 0x00, 0x00, 0x00, 0x00, 0x00, 0x00, 0x00, 0x00, 0x00, 0x00,
  0x00, 0x00, 0x00, 0x00, 0x00, 0x00, 0x00, 0x00, 0x00, 0x00, 0x00, 0x00,
  0x00, 0x00, 0x00, 0x00, 0x00, 0x00, 0x00, 0x00, 0x00, 0x00, 0x00, 0x00,
  0x00, 0x00, 0x00, 0x00, 0x00, 0x00, 0x00, 0x00, 0x00, 0x00, 0x00, 0x00,
  0x00, 0x00, 0x00, 0x00, 0x00, 0x00, 0x00, 0x00, 0x00, 0x00, 0x00, 0x00,
  0x00, 0x00, 0x00, 0x00, 0x00, 0x00, 0x00, 0x00, 0x00, 0x00, 0x00, 0x00,
  0x00, 0x00, 0x00, 0x00, 0x00, 0x00, 0x00, 0x00, 0x00, 0x00, 0x00, 0x00,
  0x00, 0x00, 0x00, 0x00, 0x00, 0x00, 0x00, 0x00, 0x00, 0x00, 0x00, 0x00,
  0x00, 0x00, 0x00, 0x00, 0x10, 0x00, 0x00, 0x00, 0x93, 0x20, 0xca, 0x3b,
  0x39, 0x15, 0xc5, 0x3b, 0x23, 0xf9, 0x20, 0x3c, 0x7c, 0x78, 0x46, 0x3c,
  0xaf, 0xaf, 0xda, 0x3b, 0x85, 0x5a, 0x18, 0x3c, 0xf0, 0x61, 0x76, 0x3b,
  0xec, 0x73, 0xe6, 0x3b, 0xbd, 0xa2, 0xcc, 0x3b, 0xfe, 0xbb, 0x80, 0x3b,
  0x9d, 0x17, 0x09, 0x3c, 0x69, 0xc3, 0xca, 0x3b, 0xec, 0x07, 0x49, 0x3c,
  0x38, 0x72, 0x0b, 0x3c, 0xc9, 0x9d, 0xd0, 0x3b, 0x56, 0x39, 0x59, 0x3b,
  0x27, 0x00, 0x00, 0x00, 0x70, 0x72, 0x61, 0x68, 0x61, 0x72, 0x69, 0x5f,
  0x64, 0x73, 0x63, 0x6e, 0x6e, 0x5f, 0x76, 0x35, 0x5f, 0x31, 0x2f, 0x64,
  0x73, 0x31, 0x5f, 0x70, 0x77, 0x5f, 0x31, 0x2f, 0x63, 0x6f, 0x6e, 0x76,
  0x6f, 0x6c, 0x75, 0x74, 0x69, 0x6f, 0x6e, 0x00, 0x04, 0x00, 0x00, 0x00,
  0x10, 0x00, 0x00, 0x00, 0x01, 0x00, 0x00, 0x00, 0x01, 0x00, 0x00, 0x00,
  0x08, 0x00, 0x00, 0x00, 0xde, 0xe2, 0xff, 0xff, 0x00, 0x00, 0x00, 0x01,
  0x14, 0x00, 0x00, 0x00, 0xe8, 0x00, 0x00, 0x00, 0x10, 0x00, 0x00, 0x00,
  0x00, 0x00, 0x00, 0x02, 0x8c, 0x01, 0x00, 0x00, 0xe4, 0xe1, 0xff, 0xff,
  0x08, 0x00, 0x00, 0x00, 0x8c, 0x00, 0x00, 0x00, 0x10, 0x00, 0x00, 0x00,
  0x00, 0x00, 0x00, 0x00, 0x00, 0x00, 0x00, 0x00, 0x00, 0x00, 0x00, 0x00,
  0x00, 0x00, 0x00, 0x00, 0x00, 0x00, 0x00, 0x00, 0x00, 0x00, 0x00, 0x00,
  0x00, 0x00, 0x00, 0x00, 0x00, 0x00, 0x00, 0x00, 0x00, 0x00, 0x00, 0x00,
  0x00, 0x00, 0x00, 0x00, 0x00, 0x00, 0x00, 0x00, 0x00, 0x00, 0x00, 0x00,
  0x00, 0x00, 0x00, 0x00, 0x00, 0x00, 0x00, 0x00, 0x00, 0x00, 0x00, 0x00,
  0x00, 0x00, 0x00, 0x00, 0x00, 0x00, 0x00, 0x00, 0x00, 0x00, 0x00, 0x00,
  0x00, 0x00, 0x00, 0x00, 0x00, 0x00, 0x00, 0x00, 0x00, 0x00, 0x00, 0x00,
  0x00, 0x00, 0x00, 0x00, 0x00, 0x00, 0x00, 0x00, 0x00, 0x00, 0x00, 0x00,
  0x00, 0x00, 0x00, 0x00, 0x00, 0x00, 0x00, 0x00, 0x00, 0x00, 0x00, 0x00,
  0x00, 0x00, 0x00, 0x00, 0x00, 0x00, 0x00, 0x00, 0x00, 0x00, 0x00, 0x00,
  0x00, 0x00, 0x00, 0x00, 0x00, 0x00, 0x00, 0x00, 0x00, 0x00, 0x00, 0x00,
  0x10, 0x00, 0x00, 0x00, 0x31, 0xd6, 0x7f, 0x39, 0xb4, 0x73, 0x79, 0x39,
  0x45, 0xbf, 0xcb, 0x39, 0x5d, 0x35, 0xfb, 0x39, 0xdc, 0x65, 0x8a, 0x39,
  0x4e, 0xd6, 0xc0, 0x39, 0x01, 0xed, 0x1b, 0x39, 0x30, 0xd8, 0x91, 0x39,
  0x7f, 0x81, 0x81, 0x39, 0x17, 0xf1, 0x22, 0x39, 0x41, 0x85, 0xad, 0x39,
  0x26, 0x52, 0x80, 0x39, 0xf7, 0x72, 0xfe, 0x39, 0xfc, 0x7f, 0xb0, 0x39,
  0x69, 0x06, 0x84, 0x39, 0xf3, 0x78, 0x09, 0x39, 0xa9, 0x00, 0x00, 0x00,
  0x70, 0x72, 0x61, 0x68, 0x61, 0x72, 0x69, 0x5f, 0x64, 0x73, 0x63, 0x6e,
  0x6e, 0x5f, 0x76, 0x35, 0x5f, 0x31, 0x2f, 0x64, 0x73, 0x31, 0x5f, 0x70,
  0x77, 0x5f, 0x72, 0x65, 0x6c, 0x75, 0x5f, 0x31, 0x2f, 0x52, 0x65, 0x6c,
  0x75, 0x3b, 0x70, 0x72, 0x61, 0x68, 0x61, 0x72, 0x69, 0x5f, 0x64, 0x73,
  0x63, 0x6e, 0x6e, 0x5f, 0x76, 0x35, 0x5f, 0x31, 0x2f, 0x64, 0x73, 0x31,
  0x5f, 0x70, 0x77, 0x5f, 0x62, 0x6e, 0x5f, 0x31, 0x2f, 0x62, 0x61, 0x74,
  0x63, 0x68, 0x6e, 0x6f, 0x72, 0x6d, 0x2f, 0x61, 0x64, 0x64, 0x5f, 0x31,
  0x3b, 0x70, 0x72, 0x61, 0x68, 0x61, 0x72, 0x69, 0x5f, 0x64, 0x73, 0x63,
  0x6e, 0x6e, 0x5f, 0x76, 0x35, 0x5f, 0x31, 0x2f, 0x64, 0x73, 0x31, 0x5f,
  0x70, 0x77, 0x5f, 0x31, 0x2f, 0x63, 0x6f, 0x6e, 0x76, 0x6f, 0x6c, 0x75,
  0x74, 0x69, 0x6f, 0x6e, 0x3b, 0x70, 0x72, 0x61, 0x68, 0x61, 0x72, 0x69,
  0x5f, 0x64, 0x73, 0x63, 0x6e, 0x6e, 0x5f, 0x76, 0x35, 0x5f, 0x31, 0x2f,
  0x64, 0x73, 0x31, 0x5f, 0x70, 0x77, 0x5f, 0x62, 0x6e, 0x5f, 0x31, 0x2f,
  0x62, 0x61, 0x74, 0x63, 0x68, 0x6e, 0x6f, 0x72, 0x6d, 0x2f, 0x73, 0x75,
  0x62, 0x00, 0x00, 0x00, 0x01, 0x00, 0x00, 0x00, 0x10, 0x00, 0x00, 0x00,
  0x8a, 0xe4, 0xff, 0xff, 0x00, 0x00, 0x00, 0x01, 0x14, 0x00, 0x00, 0x00,
  0xec, 0x00, 0x00, 0x00, 0x0f, 0x00, 0x00, 0x00, 0x00, 0x00, 0x00, 0x09,
  0x68, 0x01, 0x00, 0x00, 0x8a, 0xee, 0xff, 0xff, 0x03, 0x00, 0x00, 0x00,
  0x08, 0x00, 0x00, 0x00, 0x8c, 0x00, 0x00, 0x00, 0x10, 0x00, 0x00, 0x00,
  0x00, 0x00, 0x00, 0x00, 0x00, 0x00, 0x00, 0x00, 0x00, 0x00, 0x00, 0x00,
  0x00, 0x00, 0x00, 0x00, 0x00, 0x00, 0x00, 0x00, 0x00, 0x00, 0x00, 0x00,
  0x00, 0x00, 0x00, 0x00, 0x00, 0x00, 0x00, 0x00, 0x00, 0x00, 0x00, 0x00,
  0x00, 0x00, 0x00, 0x00, 0x00, 0x00, 0x00, 0x00, 0x00, 0x00, 0x00, 0x00,
  0x00, 0x00, 0x00, 0x00, 0x00, 0x00, 0x00, 0x00, 0x00, 0x00, 0x00, 0x00,
  0x00, 0x00, 0x00, 0x00, 0x00, 0x00, 0x00, 0x00, 0x00, 0x00, 0x00, 0x00,
  0x00, 0x00, 0x00, 0x00, 0x00, 0x00, 0x00, 0x00, 0x00, 0x00, 0x00, 0x00,
  0x00, 0x00, 0x00, 0x00, 0x00, 0x00, 0x00, 0x00, 0x00, 0x00, 0x00, 0x00,
  0x00, 0x00, 0x00, 0x00, 0x00, 0x00, 0x00, 0x00, 0x00, 0x00, 0x00, 0x00,
  0x00, 0x00, 0x00, 0x00, 0x00, 0x00, 0x00, 0x00, 0x00, 0x00, 0x00, 0x00,
  0x00, 0x00, 0x00, 0x00, 0x00, 0x00, 0x00, 0x00, 0x00, 0x00, 0x00, 0x00,
  0x10, 0x00, 0x00, 0x00, 0xc1, 0x40, 0x8f, 0x3b, 0xd5, 0x89, 0x8c, 0x3b,
  0x99, 0xaa, 0x44, 0x3b, 0x5d, 0xc1, 0xa9, 0x3b, 0x94, 0x12, 0xd6, 0x3b,
  0x8f, 0x6f, 0x62, 0x3b, 0xe8, 0xde, 0xf3, 0x3b, 0x91, 0x60, 0x86, 0x3b,
  0x4b, 0xa3, 0x46, 0x3b, 0x73, 0x37, 0x1a, 0x3c, 0xd0, 0x6a, 0x14, 0x3c,
  0x67, 0xb1, 0xc1, 0x3b, 0xc6, 0x76, 0x86, 0x3b, 0xf2, 0x59, 0x82, 0x3b,
  0x9a, 0x42, 0xc1, 0x3b, 0x84, 0x56, 0x3a, 0x3c, 0x81, 0x00, 0x00, 0x00,
  0x70, 0x72, 0x61, 0x68, 0x61, 0x72, 0x69, 0x5f, 0x64, 0x73, 0x63, 0x6e,
  0x6e, 0x5f, 0x76, 0x35, 0x5f, 0x31, 0x2f, 0x64, 0x73, 0x32, 0x5f, 0x64,
  0x77, 0x5f, 0x62, 0x6e, 0x5f, 0x31, 0x2f, 0x62, 0x61, 0x74, 0x63, 0x68,
  0x6e, 0x6f, 0x72, 0x6d, 0x2f, 0x6d, 0x75, 0x6c, 0x5f, 0x31, 0x3b, 0x70,
  0x72, 0x61, 0x68, 0x61, 0x72, 0x69, 0x5f, 0x64, 0x73, 0x63, 0x6e, 0x6e,
  0x5f, 0x76, 0x35, 0x5f, 0x31, 0x2f, 0x64, 0x73, 0x32, 0x5f, 0x64, 0x77,
  0x5f, 0x31, 0x2f, 0x64, 0x65, 0x70, 0x74, 0x68, 0x77, 0x69, 0x73, 0x65,
  0x3b, 0x70, 0x72, 0x61, 0x68, 0x61, 0x72, 0x69, 0x5f, 0x64, 0x73, 0x63,
  0x6e, 0x6e, 0x5f, 0x76, 0x35, 0x5f, 0x31, 0x2f, 0x64, 0x73, 0x32, 0x5f,
  0x64, 0x77, 0x5f, 0x62, 0x6e, 0x5f, 0x31, 0x2f, 0x62, 0x61, 0x74, 0x63,
  0x68, 0x6e, 0x6f, 0x72, 0x6d, 0x2f, 0x6d, 0x75, 0x6c, 0x00, 0x00, 0x00,
  0x04, 0x00, 0x00, 0x00, 0x01, 0x00, 0x00, 0x00, 0x05, 0x00, 0x00, 0x00,
  0x03, 0x00, 0x00, 0x00, 0x10, 0x00, 0x00, 0x00, 0x1e, 0xe6, 0xff, 0xff,
  0x00, 0x00, 0x00, 0x01, 0x14, 0x00, 0x00, 0x00, 0xe4, 0x00, 0x00, 0x00,
  0x0e, 0x00, 0x00, 0x00, 0x00, 0x00, 0x00, 0x02, 0xe0, 0x01, 0x00, 0x00,
  0x24, 0xe5, 0xff, 0xff, 0x08, 0x00, 0x00, 0x00, 0x88, 0x00, 0x00, 0x00,
  0x10, 0x00, 0x00, 0x00, 0x00, 0x00, 0x00, 0x00, 0x00, 0x00, 0x00, 0x00,
  0x00, 0x00, 0x00, 0x00, 0x00, 0x00, 0x00, 0x00, 0x00, 0x00, 0x00, 0x00,
  0x00, 0x00, 0x00, 0x00, 0x00, 0x00, 0x00, 0x00, 0x00, 0x00, 0x00, 0x00,
  0x00, 0x00, 0x00, 0x00, 0x00, 0x00, 0x00, 0x00, 0x00, 0x00, 0x00, 0x00,
  0x00, 0x00, 0x00, 0x00, 0x00, 0x00, 0x00, 0x00, 0x00, 0x00, 0x00, 0x00,
  0x00, 0x00, 0x00, 0x00, 0x00, 0x00, 0x00, 0x00, 0x00, 0x00, 0x00, 0x00,
  0x00, 0x00, 0x00, 0x00, 0x00, 0x00, 0x00, 0x00, 0x00, 0x00, 0x00, 0x00,
  0x00, 0x00, 0x00, 0x00, 0x00, 0x00, 0x00, 0x00, 0x00, 0x00, 0x00, 0x00,
  0x00, 0x00, 0x00, 0x00, 0x00, 0x00, 0x00, 0x00, 0x00, 0x00, 0x00, 0x00,
  0x00, 0x00, 0x00, 0x00, 0x00, 0x00, 0x00, 0x00, 0x00, 0x00, 0x00, 0x00,
  0x00, 0x00, 0x00, 0x00, 0x00, 0x00, 0x00, 0x00, 0x00, 0x00, 0x00, 0x00,
  0x10, 0x00, 0x00, 0x00, 0x33, 0x5e, 0x22, 0x39, 0x8d, 0x4a, 0x1f, 0x39,
  0x9f, 0xe8, 0xde, 0x38, 0x1e, 0x68, 0x40, 0x39, 0x30, 0xa3, 0x72, 0x39,
  0x3e, 0x53, 0x00, 0x39, 0xb4, 0x34, 0x8a, 0x39, 0xd3, 0x4e, 0x18, 0x39,
  0xa9, 0x24, 0xe1, 0x38, 0x69, 0xcb, 0xae, 0x39, 0xab, 0x38, 0xa8, 0x39,
  0xdb, 0x89, 0x5b, 0x39, 0xfe, 0x67, 0x18, 0x39, 0xae, 0xbe, 0x13, 0x39,
  0x45, 0x0c, 0x5b, 0x39, 0xb9, 0x33, 0xd3, 0x39, 0x03, 0x01, 0x00, 0x00,
  0x70, 0x72, 0x61, 0x68, 0x61, 0x72, 0x69, 0x5f, 0x64, 0x73, 0x63, 0x6e,
  0x6e, 0x5f, 0x76, 0x35, 0x5f, 0x31, 0x2f, 0x64, 0x73, 0x32, 0x5f, 0x64,
  0x77, 0x5f, 0x72, 0x65, 0x6c, 0x75, 0x5f, 0x31, 0x2f, 0x52, 0x65, 0x6c,
  0x75, 0x3b, 0x70, 0x72, 0x61, 0x68, 0x61, 0x72, 0x69, 0x5f, 0x64, 0x73,
  0x63, 0x6e, 0x6e, 0x5f, 0x76, 0x35, 0x5f, 0x31, 0x2f, 0x64, 0x73, 0x32,
  0x5f, 0x64, 0x77, 0x5f, 0x62, 0x6e, 0x5f, 0x31, 0x2f, 0x62, 0x61, 0x74,
  0x63, 0x68, 0x6e, 0x6f, 0x72, 0x6d, 0x2f, 0x61, 0x64, 0x64, 0x5f, 0x31,
  0x3b, 0x70, 0x72, 0x61, 0x68, 0x61, 0x72, 0x69, 0x5f, 0x64, 0x73, 0x63,
  0x6e, 0x6e, 0x5f, 0x76, 0x35, 0x5f, 0x31, 0x2f, 0x64, 0x73, 0x32, 0x5f,
  0x64, 0x77, 0x5f, 0x62, 0x6e, 0x5f, 0x31, 0x2f, 0x62, 0x61, 0x74, 0x63,
  0x68, 0x6e, 0x6f, 0x72, 0x6d, 0x2f, 0x6d, 0x75, 0x6c, 0x5f, 0x31, 0x3b,
  0x70, 0x72, 0x61, 0x68, 0x61, 0x72, 0x69, 0x5f, 0x64, 0x73, 0x63, 0x6e,
  0x6e, 0x5f, 0x76, 0x35, 0x5f, 0x31, 0x2f, 0x64, 0x73, 0x32, 0x5f, 0x64,
  0x77, 0x5f, 0x31, 0x2f, 0x64, 0x65, 0x70, 0x74, 0x68, 0x77, 0x69, 0x73,
  0x65, 0x3b, 0x70, 0x72, 0x61, 0x68, 0x61, 0x72, 0x69, 0x5f, 0x64, 0x73,
  0x63, 0x6e, 0x6e, 0x5f, 0x76, 0x35, 0x5f, 0x31, 0x2f, 0x64, 0x73, 0x32,
  0x5f, 0x64, 0x77, 0x5f, 0x62, 0x6e, 0x5f, 0x31, 0x2f, 0x62, 0x61, 0x74,
  0x63, 0x68, 0x6e, 0x6f, 0x72, 0x6d, 0x2f, 0x6d, 0x75, 0x6c, 0x3b, 0x70,
  0x72, 0x61, 0x68, 0x61, 0x72, 0x69, 0x5f, 0x64, 0x73, 0x63, 0x6e, 0x6e,
  0x5f, 0x76, 0x35, 0x5f, 0x31, 0x2f, 0x64, 0x73, 0x32, 0x5f, 0x64, 0x77,
  0x5f, 0x62, 0x6e, 0x5f, 0x31, 0x2f, 0x62, 0x61, 0x74, 0x63, 0x68, 0x6e,
  0x6f, 0x72, 0x6d, 0x2f, 0x73, 0x75, 0x62, 0x00, 0x01, 0x00, 0x00, 0x00,
  0x10, 0x00, 0x00, 0x00, 0x1e, 0xe8, 0xff, 0xff, 0x00, 0x00, 0x00, 0x01,
  0x14, 0x00, 0x00, 0x00, 0xa4, 0x01, 0x00, 0x00, 0x0d, 0x00, 0x00, 0x00,
  0x00, 0x00, 0x00, 0x09, 0xc4, 0x01, 0x00, 0x00, 0x24, 0xe7, 0xff, 0xff,
  0x08, 0x00, 0x00, 0x00, 0x08, 0x01, 0x00, 0x00, 0x20, 0x00, 0x00, 0x00,
  0x00, 0x00, 0x00, 0x00, 0x00, 0x00, 0x00, 0x00, 0x00, 0x00, 0x00, 0x00,
  0x00, 0x00, 0x00, 0x00, 0x00, 0x00, 0x00, 0x00, 0x00, 0x00, 0x00, 0x00,
  0x00, 0x00, 0x00, 0x00, 0x00, 0x00, 0x00, 0x00, 0x00, 0x00, 0x00, 0x00,
  0x00, 0x00, 0x00, 0x00, 0x00, 0x00, 0x00, 0x00, 0x00, 0x00, 0x00, 0x00,
  0x00, 0x00, 0x00, 0x00, 0x00, 0x00, 0x00, 0x00, 0x00, 0x00, 0x00, 0x00,
  0x00, 0x00, 0x00, 0x00, 0x00, 0x00, 0x00, 0x00, 0x00, 0x00, 0x00, 0x00,
  0x00, 0x00, 0x00, 0x00, 0x00, 0x00, 0x00, 0x00, 0x00, 0x00, 0x00, 0x00,
  0x00, 0x00, 0x00, 0x00, 0x00, 0x00, 0x00, 0x00, 0x00, 0x00, 0x00, 0x00,
  0x00, 0x00, 0x00, 0x00, 0x00, 0x00, 0x00, 0x00, 0x00, 0x00, 0x00, 0x00,
  0x00, 0x00, 0x00, 0x00, 0x00, 0x00, 0x00, 0x00, 0x00, 0x00, 0x00, 0x00,
  0x00, 0x00, 0x00, 0x00, 0x00, 0x00, 0x00, 0x00, 0x00, 0x00, 0x00, 0x00,
  0x00, 0x00, 0x00, 0x00, 0x00, 0x00, 0x00, 0x00, 0x00, 0x00, 0x00, 0x00,
  0x00, 0x00, 0x00, 0x00, 0x00, 0x00, 0x00, 0x00, 0x00, 0x00, 0x00, 0x00,
  0x00, 0x00, 0x00, 0x00, 0x00, 0x00, 0x00, 0x00, 0x00, 0x00, 0x00, 0x00,
  0x00, 0x00, 0x00, 0x00, 0x00, 0x00, 0x00, 0x00, 0x00, 0x00, 0x00, 0x00,
  0x00, 0x00, 0x00, 0x00, 0x00, 0x00, 0x00, 0x00, 0x00, 0x00, 0x00, 0x00,
  0x00, 0x00, 0x00, 0x00, 0x00, 0x00, 0x00, 0x00, 0x00, 0x00, 0x00, 0x00,
  0x00, 0x00, 0x00, 0x00, 0x00, 0x00, 0x00, 0x00, 0x00, 0x00, 0x00, 0x00,
  0x00, 0x00, 0x00, 0x00, 0x00, 0x00, 0x00, 0x00, 0x00, 0x00, 0x00, 0x00,
  0x00, 0x00, 0x00, 0x00, 0x00, 0x00, 0x00, 0x00, 0x00, 0x00, 0x00, 0x00,
  0x00, 0x00, 0x00, 0x00, 0x00, 0x00, 0x00, 0x00, 0x00, 0x00, 0x00, 0x00,
  0x00, 0x00, 0x00, 0x00, 0x20, 0x00, 0x00, 0x00, 0x5b, 0xf8, 0x22, 0x3b,
  0x10, 0xd8, 0x05, 0x3b, 0x88, 0x56, 0x87, 0x3a, 0xfa, 0xe2, 0x38, 0x3b,
  0x69, 0x51, 0x01, 0x3b, 0x25, 0x32, 0x11, 0x3b, 0x15, 0x04, 0x6f, 0x3b,
  0x84, 0x05, 0x11, 0x3b, 0xdf, 0x0c, 0x44, 0x3b, 0x21, 0x6c, 0x03, 0x3b,
  0x87, 0x7d, 0x49, 0x3b, 0x9e, 0xf1, 0x15, 0x3b, 0x0e, 0x5e, 0x32, 0x3b,
  0x64, 0xba, 0x2c, 0x3b, 0x9c, 0xf1, 0xc8, 0x3a, 0x71, 0xf4, 0x4d, 0x3b,
  0xfb, 0x37, 0x0b, 0x3b, 0x1f, 0xd8, 0xc1, 0x3a, 0xbc, 0x2d, 0x0c, 0x3b,
  0xd7, 0xe5, 0x58, 0x3b, 0x47, 0x66, 0x1c, 0x3b, 0x74, 0x37, 0x20, 0x3b,
  0xaa, 0x2b, 0xbf, 0x3a, 0x5f, 0x9b, 0xfe, 0x3a, 0xf7, 0xab, 0xc1, 0x3a,
  0xe4, 0xcb, 0xeb, 0x3a, 0x54, 0x61, 0x58, 0x3b, 0x64, 0xd3, 0x31, 0x3b,
  0x7b, 0x47, 0x0a, 0x3b, 0x4c, 0xfe, 0x07, 0x3b, 0xf4, 0x5f, 0x90, 0x3a,
  0x21, 0x83, 0xf6, 0x3a, 0x27, 0x00, 0x00, 0x00, 0x70, 0x72, 0x61, 0x68,
  0x61, 0x72, 0x69, 0x5f, 0x64, 0x73, 0x63, 0x6e, 0x6e, 0x5f, 0x76, 0x35,
  0x5f, 0x31, 0x2f, 0x64, 0x73, 0x32, 0x5f, 0x70, 0x77, 0x5f, 0x31, 0x2f,
  0x63, 0x6f, 0x6e, 0x76, 0x6f, 0x6c, 0x75, 0x74, 0x69, 0x6f, 0x6e, 0x00,
  0x04, 0x00, 0x00, 0x00, 0x20, 0x00, 0x00, 0x00, 0x01, 0x00, 0x00, 0x00,
  0x01, 0x00, 0x00, 0x00, 0x10, 0x00, 0x00, 0x00, 0x0e, 0xea, 0xff, 0xff,
  0x00, 0x00, 0x00, 0x01, 0x14, 0x00, 0x00, 0x00, 0xa8, 0x01, 0x00, 0x00,
  0x0c, 0x00, 0x00, 0x00, 0x00, 0x00, 0x00, 0x02, 0x4c, 0x02, 0x00, 0x00,
  0x14, 0xe9, 0xff, 0xff, 0x08, 0x00, 0x00, 0x00, 0x0c, 0x01, 0x00, 0x00,
  0x20, 0x00, 0x00, 0x00, 0x00, 0x00, 0x00, 0x00, 0x00, 0x00, 0x00, 0x00,
  0x00, 0x00, 0x00, 0x00, 0x00, 0x00, 0x00, 0x00, 0x00, 0x00, 0x00, 0x00,
  0x00, 0x00, 0x00, 0x00, 0x00, 0x00, 0x00, 0x00, 0x00, 0x00, 0x00, 0x00,
  0x00, 0x00, 0x00, 0x00, 0x00, 0x00, 0x00, 0x00, 0x00, 0x00, 0x00, 0x00,
  0x00, 0x00, 0x00, 0x00, 0x00, 0x00, 0x00, 0x00, 0x00, 0x00, 0x00, 0x00,
  0x00, 0x00, 0x00, 0x00, 0x00, 0x00, 0x00, 0x00, 0x00, 0x00, 0x00, 0x00,
  0x00, 0x00, 0x00, 0x00, 0x00, 0x00, 0x00, 0x00, 0x00, 0x00, 0x00, 0x00,
  0x00, 0x00, 0x00, 0x00, 0x00, 0x00, 0x00, 0x00, 0x00, 0x00, 0x00, 0x00,
  0x00, 0x00, 0x00, 0x00, 0x00, 0x00, 0x00, 0x00, 0x00, 0x00, 0x00, 0x00,
  0x00, 0x00, 0x00, 0x00, 0x00, 0x00, 0x00, 0x00, 0x00, 0x00, 0x00, 0x00,
  0x00, 0x00, 0x00, 0x00, 0x00, 0x00, 0x00, 0x00, 0x00, 0x00, 0x00, 0x00,
  0x00, 0x00, 0x00, 0x00, 0x00, 0x00, 0x00, 0x00, 0x00, 0x00, 0x00, 0x00,
  0x00, 0x00, 0x00, 0x00, 0x00, 0x00, 0x00, 0x00, 0x00, 0x00, 0x00, 0x00,
  0x00, 0x00, 0x00, 0x00, 0x00, 0x00, 0x00, 0x00, 0x00, 0x00, 0x00, 0x00,
  0x00, 0x00, 0x00, 0x00, 0x00, 0x00, 0x00, 0x00, 0x00, 0x00, 0x00, 0x00,
  0x00, 0x00, 0x00, 0x00, 0x00, 0x00, 0x00, 0x00, 0x00, 0x00, 0x00, 0x00,
  0x00, 0x00, 0x00, 0x00, 0x00, 0x00, 0x00, 0x00, 0x00, 0x00, 0x00, 0x00,
  0x00, 0x00, 0x00, 0x00, 0x00, 0x00, 0x00, 0x00, 0x00, 0x00, 0x00, 0x00,
  0x00, 0x00, 0x00, 0x00, 0x00, 0x00, 0x00, 0x00, 0x00, 0x00, 0x00, 0x00,
  0x00, 0x00, 0x00, 0x00, 0x00, 0x00, 0x00, 0x00, 0x00, 0x00, 0x00, 0x00,
  0x00, 0x00, 0x00, 0x00, 0x00, 0x00, 0x00, 0x00, 0x00, 0x00, 0x00, 0x00,
  0x00, 0x00, 0x00, 0x00, 0x00, 0x00, 0x00, 0x00, 0x00, 0x00, 0x00, 0x00,
  0x20, 0x00, 0x00, 0x00, 0xaf, 0x01, 0xc8, 0x38, 0xe1, 0x42, 0xa4, 0x38,
  0x45, 0x18, 0x26, 0x38, 0x5e, 0xe7, 0xe2, 0x38, 0xea, 0xb4, 0x9e, 0x38,
  0x65, 0x31, 0xb2, 0x38, 0xd0, 0xaa, 0x12, 0x39, 0xa0, 0xfa, 0xb1, 0x38,
  0xbf, 0x9a, 0xf0, 0x38, 0x10, 0x4a, 0xa1, 0x38, 0xe5, 0x47, 0xf7, 0x38,
  0x18, 0x05, 0xb8, 0x38, 0x2b, 0xe7, 0xda, 0x38, 0x6b, 0xfb, 0xd3, 0x38,
  0x2e, 0x9c, 0x76, 0x38, 0x8c, 0xc2, 0xfc, 0x38, 0x7d, 0xdb, 0xaa, 0x38,
  0xa7, 0xe5, 0x6d, 0x38, 0x18, 0x09, 0xac, 0x38, 0x4b, 0x18, 0x05, 0x39,
  0x56, 0xf1, 0xbf, 0x38, 0x96, 0xa0, 0xc4, 0x38, 0xa5, 0x9d, 0x6a, 0x38,
  0xfc, 0x3b, 0x9c, 0x38, 0x76, 0xaf, 0x6d, 0x38, 0x11, 0xb1, 0x90, 0x38,
  0xfb, 0xc6, 0x04, 0x39, 0xfe, 0x3c, 0xda, 0x38, 0x55, 0xb4, 0xa9, 0x38,
  0x29, 0xe6, 0xa6, 0x38, 0x70, 0x2f, 0x31, 0x38, 0x66, 0x44, 0x97, 0x38,
  0xa9, 0x00, 0x00, 0x00, 0x70, 0x72, 0x61, 0x68, 0x61, 0x72, 0x69, 0x5f,
  0x64, 0x73, 0x63, 0x6e, 0x6e, 0x5f, 0x76, 0x35, 0x5f, 0x31, 0x2f, 0x64,
  0x73, 0x32, 0x5f, 0x70, 0x77, 0x5f, 0x72, 0x65, 0x6c, 0x75, 0x5f, 0x31,
  0x2f, 0x52, 0x65, 0x6c, 0x75, 0x3b, 0x70, 0x72, 0x61, 0x68, 0x61, 0x72,
  0x69, 0x5f, 0x64, 0x73, 0x63, 0x6e, 0x6e, 0x5f, 0x76, 0x35, 0x5f, 0x31,
  0x2f, 0x64, 0x73, 0x32, 0x5f, 0x70, 0x77, 0x5f, 0x62, 0x6e, 0x5f, 0x31,
  0x2f, 0x62, 0x61, 0x74, 0x63, 0x68, 0x6e, 0x6f, 0x72, 0x6d, 0x2f, 0x61,
  0x64, 0x64, 0x5f, 0x31, 0x3b, 0x70, 0x72, 0x61, 0x68, 0x61, 0x72, 0x69,
  0x5f, 0x64, 0x73, 0x63, 0x6e, 0x6e, 0x5f, 0x76, 0x35, 0x5f, 0x31, 0x2f,
  0x64, 0x73, 0x32, 0x5f, 0x70, 0x77, 0x5f, 0x31, 0x2f, 0x63, 0x6f, 0x6e,
  0x76, 0x6f, 0x6c, 0x75, 0x74, 0x69, 0x6f, 0x6e, 0x3b, 0x70, 0x72, 0x61,
  0x68, 0x61, 0x72, 0x69, 0x5f, 0x64, 0x73, 0x63, 0x6e, 0x6e, 0x5f, 0x76,
  0x35, 0x5f, 0x31, 0x2f, 0x64, 0x73, 0x32, 0x5f, 0x70, 0x77, 0x5f, 0x62,
  0x6e, 0x5f, 0x31, 0x2f, 0x62, 0x61, 0x74, 0x63, 0x68, 0x6e, 0x6f, 0x72,
  0x6d, 0x2f, 0x73, 0x75, 0x62, 0x00, 0x00, 0x00, 0x01, 0x00, 0x00, 0x00,
  0x20, 0x00, 0x00, 0x00, 0x7a, 0xec, 0xff, 0xff, 0x00, 0x00, 0x00, 0x01,
  0x14, 0x00, 0x00, 0x00, 0xac, 0x01, 0x00, 0x00, 0x0b, 0x00, 0x00, 0x00,
  0x00, 0x00, 0x00, 0x09, 0x28, 0x02, 0x00, 0x00, 0x7a, 0xf6, 0xff, 0xff,
  0x03, 0x00, 0x00, 0x00, 0x08, 0x00, 0x00, 0x00, 0x0c, 0x01, 0x00, 0x00,
  0x20, 0x00, 0x00, 0x00, 0x00, 0x00, 0x00, 0x00, 0x00, 0x00, 0x00, 0x00,
  0x00, 0x00, 0x00, 0x00, 0x00, 0x00, 0x00, 0x00, 0x00, 0x00, 0x00, 0x00,
  0x00, 0x00, 0x00, 0x00, 0x00, 0x00, 0x00, 0x00, 0x00, 0x00, 0x00, 0x00,
  0x00, 0x00, 0x00, 0x00, 0x00, 0x00, 0x00, 0x00, 0x00, 0x00, 0x00, 0x00,
  0x00, 0x00, 0x00, 0x00, 0x00, 0x00, 0x00, 0x00, 0x00, 0x00, 0x00, 0x00,
  0x00, 0x00, 0x00, 0x00, 0x00, 0x00, 0x00, 0x00, 0x00, 0x00, 0x00, 0x00,
  0x00, 0x00, 0x00, 0x00, 0x00, 0x00, 0x00, 0x00, 0x00, 0x00, 0x00, 0x00,
  0x00, 0x00, 0x00, 0x00, 0x00, 0x00, 0x00, 0x00, 0x00, 0x00, 0x00, 0x00,
  0x00, 0x00, 0x00, 0x00, 0x00, 0x00, 0x00, 0x00, 0x00, 0x00, 0x00, 0x00,
  0x00, 0x00, 0x00, 0x00, 0x00, 0x00, 0x00, 0x00, 0x00, 0x00, 0x00, 0x00,
  0x00, 0x00, 0x00, 0x00, 0x00, 0x00, 0x00, 0x00, 0x00, 0x00, 0x00, 0x00,
  0x00, 0x00, 0x00, 0x00, 0x00, 0x00, 0x00, 0x00, 0x00, 0x00, 0x00, 0x00,
  0x00, 0x00, 0x00, 0x00, 0x00, 0x00, 0x00, 0x00, 0x00, 0x00, 0x00, 0x00,
  0x00, 0x00, 0x00, 0x00, 0x00, 0x00, 0x00, 0x00, 0x00, 0x00, 0x00, 0x00,
  0x00, 0x00, 0x00, 0x00, 0x00, 0x00, 0x00, 0x00, 0x00, 0x00, 0x00, 0x00,
  0x00, 0x00, 0x00, 0x00, 0x00, 0x00, 0x00, 0x00, 0x00, 0x00, 0x00, 0x00,
  0x00, 0x00, 0x00, 0x00, 0x00, 0x00, 0x00, 0x00, 0x00, 0x00, 0x00, 0x00,
  0x00, 0x00, 0x00, 0x00, 0x00, 0x00, 0x00, 0x00, 0x00, 0x00, 0x00, 0x00,
  0x00, 0x00, 0x00, 0x00, 0x00, 0x00, 0x00, 0x00, 0x00, 0x00, 0x00, 0x00,
  0x00, 0x00, 0x00, 0x00, 0x00, 0x00, 0x00, 0x00, 0x00, 0x00, 0x00, 0x00,
  0x00, 0x00, 0x00, 0x00, 0x00, 0x00, 0x00, 0x00, 0x00, 0x00, 0x00, 0x00,
  0x00, 0x00, 0x00, 0x00, 0x00, 0x00, 0x00, 0x00, 0x00, 0x00, 0x00, 0x00,
  0x20, 0x00, 0x00, 0x00, 0x11, 0xd9, 0xde, 0x3c, 0x4d, 0x9e, 0x8b, 0x3c,
  0x9f, 0xa0, 0x05, 0x3d, 0x3e, 0x1a, 0xc3, 0x3c, 0xe9, 0x0d, 0xce, 0x3c,
  0x63, 0x64, 0x8f, 0x3c, 0x04, 0x8e, 0xd3, 0x3c, 0xf5, 0x07, 0xb9, 0x3c,
  0x02, 0x0d, 0x76, 0x3c, 0x1f, 0xe8, 0x9f, 0x3c, 0xd1, 0xbb, 0xda, 0x3c,
  0x6e, 0x3e, 0x01, 0x3d, 0x1d, 0xad, 0x97, 0x3c, 0xf5, 0x21, 0x94, 0x3c,
  0xed, 0xdd, 0xed, 0x3c, 0xe4, 0x82, 0x3b, 0x3c, 0xfb, 0x10, 0xbb, 0x3c,
  0x3b, 0x78, 0xc2, 0x3c, 0x85, 0xbb, 0x5f, 0x3c, 0xfe, 0x6e, 0xe0, 0x3c,
  0xcc, 0xe0, 0x0f, 0x3d, 0xa4, 0xeb, 0x72, 0x3c, 0x77, 0x1a, 0x2b, 0x3d,
  0x0f, 0x2b, 0x86, 0x3c, 0xa2, 0xe7, 0xf4, 0x3c, 0x74, 0x9d, 0xd3, 0x3c,
  0x67, 0x00, 0xaf, 0x3c, 0xfc, 0x93, 0x1b, 0x3d, 0x32, 0xf7, 0x00, 0x3d,
  0x2f, 0x36, 0x43, 0x3c, 0x9e, 0x16, 0xb7, 0x3c, 0x4b, 0xa1, 0xac, 0x3c,
  0x81, 0x00, 0x00, 0x00, 0x70, 0x72, 0x61, 0x68, 0x61, 0x72, 0x69, 0x5f,
  0x64, 0x73, 0x63, 0x6e, 0x6e, 0x5f, 0x76, 0x35, 0x5f, 0x31, 0x2f, 0x64,
  0x73, 0x33, 0x5f, 0x64, 0x77, 0x5f, 0x62, 0x6e, 0x5f, 0x31, 0x2f, 0x62,
  0x61, 0x74, 0x63, 0x68, 0x6e, 0x6f, 0x72, 0x6d, 0x2f, 0x6d, 0x75, 0x6c,
  0x5f, 0x31, 0x3b, 0x70, 0x72, 0x61, 0x68, 0x61, 0x72, 0x69, 0x5f, 0x64,
  0x73, 0x63, 0x6e, 0x6e, 0x5f, 0x76, 0x35, 0x5f, 0x31, 0x2f, 0x64, 0x73,
  0x33, 0x5f, 0x64, 0x77, 0x5f, 0x31, 0x2f, 0x64, 0x65, 0x70, 0x74, 0x68,
  0x77, 0x69, 0x73, 0x65, 0x3b, 0x70, 0x72, 0x61, 0x68, 0x61, 0x72, 0x69,
  0x5f, 0x64, 0x73, 0x63, 0x6e, 0x6e, 0x5f, 0x76, 0x35, 0x5f, 0x31, 0x2f,
  0x64, 0x73, 0x33, 0x5f, 0x64, 0x77, 0x5f, 0x62, 0x6e, 0x5f, 0x31, 0x2f,
  0x62, 0x61, 0x74, 0x63, 0x68, 0x6e, 0x6f, 0x72, 0x6d, 0x2f, 0x6d, 0x75,
  0x6c, 0x00, 0x00, 0x00, 0x04, 0x00, 0x00, 0x00, 0x01, 0x00, 0x00, 0x00,
  0x05, 0x00, 0x00, 0x00, 0x03, 0x00, 0x00, 0x00, 0x20, 0x00, 0x00, 0x00,
  0xce, 0xee, 0xff, 0xff, 0x00, 0x00, 0x00, 0x01, 0x14, 0x00, 0x00, 0x00,
  0xa4, 0x01, 0x00, 0x00, 0x0a, 0x00, 0x00, 0x00, 0x00, 0x00, 0x00, 0x02,
  0xa0, 0x02, 0x00, 0x00, 0xd4, 0xed, 0xff, 0xff, 0x08, 0x00, 0x00, 0x00,
  0x08, 0x01, 0x00, 0x00, 0x20, 0x00, 0x00, 0x00, 0x00, 0x00, 0x00, 0x00,
  0x00, 0x00, 0x00, 0x00, 0x00, 0x00, 0x00, 0x00, 0x00, 0x00, 0x00, 0x00,
  0x00, 0x00, 0x00, 0x00, 0x00, 0x00, 0x00, 0x00, 0x00, 0x00, 0x00, 0x00,
  0x00, 0x00, 0x00, 0x00, 0x00, 0x00, 0x00, 0x00, 0x00, 0x00, 0x00, 0x00,
  0x00, 0x00, 0x00, 0x00, 0x00, 0x00, 0x00, 0x00, 0x00, 0x00, 0x00, 0x00,
  0x00, 0x00, 0x00, 0x00, 0x00, 0x00, 0x00, 0x00, 0x00, 0x00, 0x00, 0x00,
  0x00, 0x00, 0x00, 0x00, 0x00, 0x00, 0x00, 0x00, 0x00, 0x00, 0x00, 0x00,
  0x00, 0x00, 0x00, 0x00, 0x00, 0x00, 0x00, 0x00, 0x00, 0x00, 0x00, 0x00,
  0x00, 0x00, 0x00, 0x00, 0x00, 0x00, 0x00, 0x00, 0x00, 0x00, 0x00, 0x00,
  0x00, 0x00, 0x00, 0x00, 0x00, 0x00, 0x00, 0x00, 0x00, 0x00, 0x00, 0x00,
  0x00, 0x00, 0x00, 0x00, 0x00, 0x00, 0x00, 0x00, 0x00, 0x00, 0x00, 0x00,
  0x00, 0x00, 0x00, 0x00, 0x00, 0x00, 0x00, 0x00, 0x00, 0x00, 0x00, 0x00,
  0x00, 0x00, 0x00, 0x00, 0x00, 0x00, 0x00, 0x00, 0x00, 0x00, 0x00, 0x00,
  0x00, 0x00, 0x00, 0x00, 0x00, 0x00, 0x00, 0x00, 0x00, 0x00, 0x00, 0x00,
  0x00, 0x00, 0x00, 0x00, 0x00, 0x00, 0x00, 0x00, 0x00, 0x00, 0x00, 0x00,
  0x00, 0x00, 0x00, 0x00, 0x00, 0x00, 0x00, 0x00, 0x00, 0x00, 0x00, 0x00,
  0x00, 0x00, 0x00, 0x00, 0x00, 0x00, 0x00, 0x00, 0x00, 0x00, 0x00, 0x00,
  0x00, 0x00, 0x00, 0x00, 0x00, 0x00, 0x00, 0x00, 0x00, 0x00, 0x00, 0x00,
  0x00, 0x00, 0x00, 0x00, 0x00, 0x00, 0x00, 0x00, 0x00, 0x00, 0x00, 0x00,
  0x00, 0x00, 0x00, 0x00, 0x00, 0x00, 0x00, 0x00, 0x00, 0x00, 0x00, 0x00,
  0x00, 0x00, 0x00, 0x00, 0x00, 0x00, 0x00, 0x00, 0x00, 0x00, 0x00, 0x00,
  0x00, 0x00, 0x00, 0x00, 0x00, 0x00, 0x00, 0x00, 0x00, 0x00, 0x00, 0x00,
  0x20, 0x00, 0x00, 0x00, 0x9a, 0xce, 0xaf, 0x39, 0xf2, 0x4a, 0x5c, 0x39,
  0x13, 0xd7, 0xd2, 0x39, 0x1c, 0xeb, 0x99, 0x39, 0xf4, 0x8e, 0xa2, 0x39,
  0x41, 0x3f, 0x62, 0x39, 0xd2, 0xe5, 0xa6, 0x39, 0x13, 0xf9, 0x91, 0x39,
  0xaf, 0x1c, 0x42, 0x39, 0xdd, 0x4d, 0x7c, 0x39, 0xae, 0x8f, 0xac, 0x39,
  0x75, 0xec, 0xcb, 0x39, 0x62, 0x51, 0x6f, 0x39, 0x0d, 0xba, 0x69, 0x39,
  0xda, 0xa7, 0xbb, 0x39, 0xfb, 0xed, 0x13, 0x39, 0x1d, 0x94, 0x93, 0x39,
  0x4c, 0x6b, 0x99, 0x39, 0x41, 0x81, 0x30, 0x39, 0xd7, 0x0e, 0xb1, 0x39,
  0x8d, 0x03, 0xe3, 0x39, 0x7a, 0xa4, 0x3f, 0x39, 0x38, 0xfc, 0x06, 0x3a,
  0x81, 0xb1, 0x53, 0x39, 0x3c, 0x35, 0xc1, 0x39, 0x00, 0xf2, 0xa6, 0x39,
  0x81, 0x0f, 0x8a, 0x39, 0x6c, 0x79, 0xf5, 0x39, 0x10, 0x7c, 0xcb, 0x39,
  0x27, 0x01, 0x1a, 0x39, 0xb8, 0x70, 0x90, 0x39, 0x8c, 0x30, 0x88, 0x39,
  0x03, 0x01, 0x00, 0x00, 0x70, 0x72, 0x61, 0x68, 0x61, 0x72, 0x69, 0x5f,
  0x64, 0x73, 0x63, 0x6e, 0x6e, 0x5f, 0x76, 0x35, 0x5f, 0x31, 0x2f, 0x64,
  0x73, 0x33, 0x5f, 0x64, 0x77, 0x5f, 0x72, 0x65, 0x6c, 0x75, 0x5f, 0x31,
  0x2f, 0x52, 0x65, 0x6c, 0x75, 0x3b, 0x70, 0x72, 0x61, 0x68, 0x61, 0x72,
  0x69, 0x5f, 0x64, 0x73, 0x63, 0x6e, 0x6e, 0x5f, 0x76, 0x35, 0x5f, 0x31,
  0x2f, 0x64, 0x73, 0x33, 0x5f, 0x64, 0x77, 0x5f, 0x62, 0x6e, 0x5f, 0x31,
  0x2f, 0x62, 0x61, 0x74, 0x63, 0x68, 0x6e, 0x6f, 0x72, 0x6d, 0x2f, 0x61,
  0x64, 0x64, 0x5f, 0x31, 0x3b, 0x70, 0x72, 0x61, 0x68, 0x61, 0x72, 0x69,
  0x5f, 0x64, 0x73, 0x63, 0x6e, 0x6e, 0x5f, 0x76, 0x35, 0x5f, 0x31, 0x2f,
  0x64, 0x73, 0x33, 0x5f, 0x64, 0x77, 0x5f, 0x62, 0x6e, 0x5f, 0x31, 0x2f,
  0x62, 0x61, 0x74, 0x63, 0x68, 0x6e, 0x6f, 0x72, 0x6d, 0x2f, 0x6d, 0x75,
  0x6c, 0x5f, 0x31, 0x3b, 0x70, 0x72, 0x61, 0x68, 0x61, 0x72, 0x69, 0x5f,
  0x64, 0x73, 0x63, 0x6e, 0x6e, 0x5f, 0x76, 0x35, 0x5f, 0x31, 0x2f, 0x64,
  0x73, 0x33, 0x5f, 0x64, 0x77, 0x5f, 0x31, 0x2f, 0x64, 0x65, 0x70, 0x74,
  0x68, 0x77, 0x69, 0x73, 0x65, 0x3b, 0x70, 0x72, 0x61, 0x68, 0x61, 0x72,
  0x69, 0x5f, 0x64, 0x73, 0x63, 0x6e, 0x6e, 0x5f, 0x76, 0x35, 0x5f, 0x31,
  0x2f, 0x64, 0x73, 0x33, 0x5f, 0x64, 0x77, 0x5f, 0x62, 0x6e, 0x5f, 0x31,
  0x2f, 0x62, 0x61, 0x74, 0x63, 0x68, 0x6e, 0x6f, 0x72, 0x6d, 0x2f, 0x6d,
  0x75, 0x6c, 0x3b, 0x70, 0x72, 0x61, 0x68, 0x61, 0x72, 0x69, 0x5f, 0x64,
  0x73, 0x63, 0x6e, 0x6e, 0x5f, 0x76, 0x35, 0x5f, 0x31, 0x2f, 0x64, 0x73,
  0x33, 0x5f, 0x64, 0x77, 0x5f, 0x62, 0x6e, 0x5f, 0x31, 0x2f, 0x62, 0x61,
  0x74, 0x63, 0x68, 0x6e, 0x6f, 0x72, 0x6d, 0x2f, 0x73, 0x75, 0x62, 0x00,
  0x01, 0x00, 0x00, 0x00, 0x20, 0x00, 0x00, 0x00, 0x8e, 0xf1, 0xff, 0xff,
  0x00, 0x00, 0x00, 0x01, 0x14, 0x00, 0x00, 0x00, 0xa4, 0x01, 0x00, 0x00,
  0x09, 0x00, 0x00, 0x00, 0x00, 0x00, 0x00, 0x09, 0xc4, 0x01, 0x00, 0x00,
  0x94, 0xf0, 0xff, 0xff, 0x08, 0x00, 0x00, 0x00, 0x08, 0x01, 0x00, 0x00,
  0x20, 0x00, 0x00, 0x00, 0x00, 0x00, 0x00, 0x00, 0x00, 0x00, 0x00, 0x00,
  0x00, 0x00, 0x00, 0x00, 0x00, 0x00, 0x00, 0x00, 0x00, 0x00, 0x00, 0x00,
  0x00, 0x00, 0x00, 0x00, 0x00, 0x00, 0x00, 0x00, 0x00, 0x00, 0x00, 0x00,
  0x00, 0x00, 0x00, 0x00, 0x00, 0x00, 0x00, 0x00, 0x00, 0x00, 0x00, 0x00,
  0x00, 0x00, 0x00, 0x00, 0x00, 0x00, 0x00, 0x00, 0x00, 0x00, 0x00, 0x00,
  0x00, 0x00, 0x00, 0x00, 0x00, 0x00, 0x00, 0x00, 0x00, 0x00, 0x00, 0x00,
  0x00, 0x00, 0x00, 0x00, 0x00, 0x00, 0x00, 0x00, 0x00, 0x00, 0x00, 0x00,
  0x00, 0x00, 0x00, 0x00, 0x00, 0x00, 0x00, 0x00, 0x00, 0x00, 0x00, 0x00,
  0x00, 0x00, 0x00, 0x00, 0x00, 0x00, 0x00, 0x00, 0x00, 0x00, 0x00, 0x00,
  0x00, 0x00, 0x00, 0x00, 0x00, 0x00, 0x00, 0x00, 0x00, 0x00, 0x00, 0x00,
  0x00, 0x00, 0x00, 0x00, 0x00, 0x00, 0x00, 0x00, 0x00, 0x00, 0x00, 0x00,
  0x00, 0x00, 0x00, 0x00, 0x00, 0x00, 0x00, 0x00, 0x00, 0x00, 0x00, 0x00,
  0x00, 0x00, 0x00, 0x00, 0x00, 0x00, 0x00, 0x00, 0x00, 0x00, 0x00, 0x00,
  0x00, 0x00, 0x00, 0x00, 0x00, 0x00, 0x00, 0x00, 0x00, 0x00, 0x00, 0x00,
  0x00, 0x00, 0x00, 0x00, 0x00, 0x00, 0x00, 0x00, 0x00, 0x00, 0x00, 0x00,
  0x00, 0x00, 0x00, 0x00, 0x00, 0x00, 0x00, 0x00, 0x00, 0x00, 0x00, 0x00,
  0x00, 0x00, 0x00, 0x00, 0x00, 0x00, 0x00, 0x00, 0x00, 0x00, 0x00, 0x00,
  0x00, 0x00, 0x00, 0x00, 0x00, 0x00, 0x00, 0x00, 0x00, 0x00, 0x00, 0x00,
  0x00, 0x00, 0x00, 0x00, 0x00, 0x00, 0x00, 0x00, 0x00, 0x00, 0x00, 0x00,
  0x00, 0x00, 0x00, 0x00, 0x00, 0x00, 0x00, 0x00, 0x00, 0x00, 0x00, 0x00,
  0x00, 0x00, 0x00, 0x00, 0x00, 0x00, 0x00, 0x00, 0x00, 0x00, 0x00, 0x00,
  0x00, 0x00, 0x00, 0x00, 0x00, 0x00, 0x00, 0x00, 0x20, 0x00, 0x00, 0x00,
  0xd1, 0x26, 0x1a, 0x3b, 0xd8, 0x09, 0xa1, 0x3b, 0x47, 0x22, 0x9b, 0x3b,
  0x0f, 0xab, 0x5d, 0x3b, 0xeb, 0xc8, 0x90, 0x3b, 0x78, 0x16, 0x47, 0x3b,
  0x82, 0x22, 0x83, 0x3b, 0xe3, 0x45, 0x8e, 0x3b, 0x65, 0x73, 0x9b, 0x3b,
  0x67, 0x19, 0xc8, 0x3b, 0xd3, 0xa9, 0x22, 0x3b, 0x83, 0x52, 0x42, 0x3b,
  0xf0, 0x01, 0x85, 0x3b, 0x9f, 0xae, 0x4e, 0x3b, 0xe9, 0x42, 0x36, 0x3b,
  0x1e, 0xfd, 0xd3, 0x3b, 0x9a, 0xbc, 0x86, 0x3b, 0x4c, 0xd6, 0xe2, 0x3b,
  0xdc, 0x73, 0x97, 0x3b, 0x62, 0x2c, 0x85, 0x3b, 0xbf, 0xf7, 0x80, 0x3b,
  0x1f, 0xdd, 0x74, 0x3b, 0x0e, 0xb7, 0x6e, 0x3b, 0x0d, 0xca, 0x9a, 0x3b,
  0x9a, 0x74, 0x9c, 0x3b, 0x24, 0x04, 0x6c, 0x3b, 0xdc, 0xfa, 0x98, 0x3b,
  0x5d, 0x17, 0x8b, 0x3b, 0x44, 0x25, 0x84, 0x3b, 0xf4, 0x25, 0x91, 0x3b,
  0x28, 0xb1, 0x84, 0x3b, 0xaa, 0xfa, 0xaf, 0x3b, 0x27, 0x00, 0x00, 0x00,
  0x70, 0x72, 0x61, 0x68, 0x61, 0x72, 0x69, 0x5f, 0x64, 0x73, 0x63, 0x6e,
  0x6e, 0x5f, 0x76, 0x35, 0x5f, 0x31, 0x2f, 0x64, 0x73, 0x33, 0x5f, 0x70,
  0x77, 0x5f, 0x31, 0x2f, 0x63, 0x6f, 0x6e, 0x76, 0x6f, 0x6c, 0x75, 0x74,
  0x69, 0x6f, 0x6e, 0x00, 0x04, 0x00, 0x00, 0x00, 0x20, 0x00, 0x00, 0x00,
  0x01, 0x00, 0x00, 0x00, 0x01, 0x00, 0x00, 0x00, 0x20, 0x00, 0x00, 0x00,
  0x7e, 0xf3, 0xff, 0xff, 0x00, 0x00, 0x00, 0x01, 0x14, 0x00, 0x00, 0x00,
  0xa4, 0x01, 0x00, 0x00, 0x08, 0x00, 0x00, 0x00, 0x00, 0x00, 0x00, 0x02,
  0x48, 0x02, 0x00, 0x00, 0x84, 0xf2, 0xff, 0xff, 0x08, 0x00, 0x00, 0x00,
  0x08, 0x01, 0x00, 0x00, 0x20, 0x00, 0x00, 0x00, 0x00, 0x00, 0x00, 0x00,
  0x00, 0x00, 0x00, 0x00, 0x00, 0x00, 0x00, 0x00, 0x00, 0x00, 0x00, 0x00,
  0x00, 0x00, 0x00, 0x00, 0x00, 0x00, 0x00, 0x00, 0x00, 0x00, 0x00, 0x00,
  0x00, 0x00, 0x00, 0x00, 0x00, 0x00, 0x00, 0x00, 0x00, 0x00, 0x00, 0x00,
  0x00, 0x00, 0x00, 0x00, 0x00, 0x00, 0x00, 0x00, 0x00, 0x00, 0x00, 0x00,
  0x00, 0x00, 0x00, 0x00, 0x00, 0x00, 0x00, 0x00, 0x00, 0x00, 0x00, 0x00,
  0x00, 0x00, 0x00, 0x00, 0x00, 0x00, 0x00, 0x00, 0x00, 0x00, 0x00, 0x00,
  0x00, 0x00, 0x00, 0x00, 0x00, 0x00, 0x00, 0x00, 0x00, 0x00, 0x00, 0x00,
  0x00, 0x00, 0x00, 0x00, 0x00, 0x00, 0x00, 0x00, 0x00, 0x00, 0x00, 0x00,
  0x00, 0x00, 0x00, 0x00, 0x00, 0x00, 0x00, 0x00, 0x00, 0x00, 0x00, 0x00,
  0x00, 0x00, 0x00, 0x00, 0x00, 0x00, 0x00, 0x00, 0x00, 0x00, 0x00, 0x00,
  0x00, 0x00, 0x00, 0x00, 0x00, 0x00, 0x00, 0x00, 0x00, 0x00, 0x00, 0x00,
  0x00, 0x00, 0x00, 0x00, 0x00, 0x00, 0x00, 0x00, 0x00, 0x00, 0x00, 0x00,
  0x00, 0x00, 0x00, 0x00, 0x00, 0x00, 0x00, 0x00, 0x00, 0x00, 0x00, 0x00,
  0x00, 0x00, 0x00, 0x00, 0x00, 0x00, 0x00, 0x00, 0x00, 0x00, 0x00, 0x00,
  0x00, 0x00, 0x00, 0x00, 0x00, 0x00, 0x00, 0x00, 0x00, 0x00, 0x00, 0x00,
  0x00, 0x00, 0x00, 0x00, 0x00, 0x00, 0x00, 0x00, 0x00, 0x00, 0x00, 0x00,
  0x00, 0x00, 0x00, 0x00, 0x00, 0x00, 0x00, 0x00, 0x00, 0x00, 0x00, 0x00,
  0x00, 0x00, 0x00, 0x00, 0x00, 0x00, 0x00, 0x00, 0x00, 0x00, 0x00, 0x00,
  0x00, 0x00, 0x00, 0x00, 0x00, 0x00, 0x00, 0x00, 0x00, 0x00, 0x00, 0x00,
  0x00, 0x00, 0x00, 0x00, 0x00, 0x00, 0x00, 0x00, 0x00, 0x00, 0x00, 0x00,
  0x00, 0x00, 0x00, 0x00, 0x00, 0x00, 0x00, 0x00, 0x00, 0x00, 0x00, 0x00,
  0x20, 0x00, 0x00, 0x00, 0xb9, 0x04, 0xb4, 0x38, 0x96, 0x0f, 0x3c, 0x39,
  0x61, 0x2a, 0x35, 0x39, 0xa4, 0x6e, 0x01, 0x39, 0x74, 0x14, 0x29, 0x39,
  0xb3, 0x7e, 0xe8, 0x38, 0xad, 0x23, 0x19, 0x39, 0x85, 0x25, 0x26, 0x39,
  0x1b, 0x89, 0x35, 0x39, 0x15, 0xad, 0x69, 0x39, 0x5f, 0xf5, 0xbd, 0x38,
  0x08, 0xee, 0xe2, 0x38, 0x8e, 0x53, 0x1b, 0x39, 0x15, 0x5d, 0xf1, 0x38,
  0x54, 0xd8, 0xd4, 0x38, 0x89, 0x8f, 0x77, 0x39, 0x80, 0x58, 0x1d, 0x39,
  0x48, 0x73, 0x84, 0x39, 0xd2, 0xdd, 0x30, 0x39, 0x20, 0x85, 0x1b, 0x39,
  0xd3, 0x9b, 0x16, 0x39, 0xe1, 0xf9, 0x0e, 0x39, 0xc8, 0x62, 0x0b, 0x39,
  0x59, 0xc3, 0x34, 0x39, 0x79, 0xb5, 0x36, 0x39, 0x5b, 0xcf, 0x09, 0x39,
  0x6f, 0xa6, 0x32, 0x39, 0x52, 0x6e, 0x22, 0x39, 0xdb, 0x51, 0x1a, 0x39,
  0x1a, 0x81, 0x29, 0x39, 0x38, 0xf5, 0x1a, 0x39, 0x38, 0x82, 0x4d, 0x39,
  0xa9, 0x00, 0x00, 0x00, 0x70, 0x72, 0x61, 0x68, 0x61, 0x72, 0x69, 0x5f,
  0x64, 0x73, 0x63, 0x6e, 0x6e, 0x5f, 0x76, 0x35, 0x5f, 0x31, 0x2f, 0x64,
  0x73, 0x33, 0x5f, 0x70, 0x77, 0x5f, 0x72, 0x65, 0x6c, 0x75, 0x5f, 0x31,
  0x2f, 0x52, 0x65, 0x6c, 0x75, 0x3b, 0x70, 0x72, 0x61, 0x68, 0x61, 0x72,
  0x69, 0x5f, 0x64, 0x73, 0x63, 0x6e, 0x6e, 0x5f, 0x76, 0x35, 0x5f, 0x31,
  0x2f, 0x64, 0x73, 0x33, 0x5f, 0x70, 0x77, 0x5f, 0x62, 0x6e, 0x5f, 0x31,
  0x2f, 0x62, 0x61, 0x74, 0x63, 0x68, 0x6e, 0x6f, 0x72, 0x6d, 0x2f, 0x61,
  0x64, 0x64, 0x5f, 0x31, 0x3b, 0x70, 0x72, 0x61, 0x68, 0x61, 0x72, 0x69,
  0x5f, 0x64, 0x73, 0x63, 0x6e, 0x6e, 0x5f, 0x76, 0x35, 0x5f, 0x31, 0x2f,
  0x64, 0x73, 0x33, 0x5f, 0x70, 0x77, 0x5f, 0x31, 0x2f, 0x63, 0x6f, 0x6e,
  0x76, 0x6f, 0x6c, 0x75, 0x74, 0x69, 0x6f, 0x6e, 0x3b, 0x70, 0x72, 0x61,
  0x68, 0x61, 0x72, 0x69, 0x5f, 0x64, 0x73, 0x63, 0x6e, 0x6e, 0x5f, 0x76,
  0x35, 0x5f, 0x31, 0x2f, 0x64, 0x73, 0x33, 0x5f, 0x70, 0x77, 0x5f, 0x62,
  0x6e, 0x5f, 0x31, 0x2f, 0x62, 0x61, 0x74, 0x63, 0x68, 0x6e, 0x6f, 0x72,
  0x6d, 0x2f, 0x73, 0x75, 0x62, 0x00, 0x00, 0x00, 0x01, 0x00, 0x00, 0x00,
  0x20, 0x00, 0x00, 0x00, 0x00, 0x00, 0x16, 0x00, 0x1e, 0x00, 0x18, 0x00,
  0x17, 0x00, 0x10, 0x00, 0x0c, 0x00, 0x08, 0x00, 0x00, 0x00, 0x00, 0x00,
  0x00, 0x00, 0x07, 0x00, 0x16, 0x00, 0x00, 0x00, 0x00, 0x00, 0x00, 0x01,
  0x28, 0x00, 0x00, 0x00, 0xc0, 0x01, 0x00, 0x00, 0x07, 0x00, 0x00, 0x00,
  0x00, 0x00, 0x00, 0x09, 0x3c, 0x02, 0x00, 0x00, 0x00, 0x00, 0x12, 0x00,
  0x10, 0x00, 0x00, 0x00, 0x00, 0x00, 0x0c, 0x00, 0x08, 0x00, 0x00, 0x00,
  0x00, 0x00, 0x04, 0x00, 0x12, 0x00, 0x00, 0x00, 0x03, 0x00, 0x00, 0x00,
  0x08, 0x00, 0x00, 0x00, 0x0c, 0x01, 0x00, 0x00, 0x20, 0x00, 0x00, 0x00,
  0x00, 0x00, 0x00, 0x00, 0x00, 0x00, 0x00, 0x00, 0x00, 0x00, 0x00, 0x00,
  0x00, 0x00, 0x00, 0x00, 0x00, 0x00, 0x00, 0x00, 0x00, 0x00, 0x00, 0x00,
  0x00, 0x00, 0x00, 0x00, 0x00, 0x00, 0x00, 0x00, 0x00, 0x00, 0x00, 0x00,
  0x00, 0x00, 0x00, 0x00, 0x00, 0x00, 0x00, 0x00, 0x00, 0x00, 0x00, 0x00,
  0x00, 0x00, 0x00, 0x00, 0x00, 0x00, 0x00, 0x00, 0x00, 0x00, 0x00, 0x00,
  0x00, 0x00, 0x00, 0x00, 0x00, 0x00, 0x00, 0x00, 0x00, 0x00, 0x00, 0x00,
  0x00, 0x00, 0x00, 0x00, 0x00, 0x00, 0x00, 0x00, 0x00, 0x00, 0x00, 0x00,
  0x00, 0x00, 0x00, 0x00, 0x00, 0x00, 0x00, 0x00, 0x00, 0x00, 0x00, 0x00,
  0x00, 0x00, 0x00, 0x00, 0x00, 0x00, 0x00, 0x00, 0x00, 0x00, 0x00, 0x00,
  0x00, 0x00, 0x00, 0x00, 0x00, 0x00, 0x00, 0x00, 0x00, 0x00, 0x00, 0x00,
  0x00, 0x00, 0x00, 0x00, 0x00, 0x00, 0x00, 0x00, 0x00, 0x00, 0x00, 0x00,
  0x00, 0x00, 0x00, 0x00, 0x00, 0x00, 0x00, 0x00, 0x00, 0x00, 0x00, 0x00,
  0x00, 0x00, 0x00, 0x00, 0x00, 0x00, 0x00, 0x00, 0x00, 0x00, 0x00, 0x00,
  0x00, 0x00, 0x00, 0x00, 0x00, 0x00, 0x00, 0x00, 0x00, 0x00, 0x00, 0x00,
  0x00, 0x00, 0x00, 0x00, 0x00, 0x00, 0x00, 0x00, 0x00, 0x00, 0x00, 0x00,
  0x00, 0x00, 0x00, 0x00, 0x00, 0x00, 0x00, 0x00, 0x00, 0x00, 0x00, 0x00,
  0x00, 0x00, 0x00, 0x00, 0x00, 0x00, 0x00, 0x00, 0x00, 0x00, 0x00, 0x00,
  0x00, 0x00, 0x00, 0x00, 0x00, 0x00, 0x00, 0x00, 0x00, 0x00, 0x00, 0x00,
  0x00, 0x00, 0x00, 0x00, 0x00, 0x00, 0x00, 0x00, 0x00, 0x00, 0x00, 0x00,
  0x00, 0x00, 0x00, 0x00, 0x00, 0x00, 0x00, 0x00, 0x00, 0x00, 0x00, 0x00,
  0x00, 0x00, 0x00, 0x00, 0x00, 0x00, 0x00, 0x00, 0x00, 0x00, 0x00, 0x00,
  0x00, 0x00, 0x00, 0x00, 0x00, 0x00, 0x00, 0x00, 0x20, 0x00, 0x00, 0x00,
  0xee, 0xe5, 0x11, 0x3c, 0x33, 0xbf, 0x2e, 0x3c, 0x2e, 0xb7, 0xed, 0x3b,
  0x8e, 0xf4, 0x60, 0x3c, 0xcb, 0x06, 0xd3, 0x3b, 0xbe, 0x5d, 0x21, 0x3c,
  0x85, 0x24, 0xc5, 0x3b, 0x68, 0x71, 0x00, 0x3c, 0xbc, 0xca, 0xd0, 0x3b,
  0xd4, 0x9a, 0xe9, 0x3b, 0x79, 0xd3, 0x59, 0x3c, 0x74, 0x69, 0x23, 0x3c,
  0x08, 0xdd, 0x18, 0x3c, 0x55, 0x99, 0x24, 0x3c, 0x6c, 0xa7, 0x5b, 0x3c,
  0x0f, 0xea, 0x1f, 0x3b, 0x19, 0x78, 0x1a, 0x3c, 0x63, 0x60, 0x0f, 0x3c,
  0xf1, 0xad, 0xbe, 0x3b, 0x47, 0xbd, 0x30, 0x3c, 0x82, 0xde, 0x15, 0x3c,
  0xb6, 0x56, 0xef, 0x3b, 0xd4, 0x18, 0x46, 0x3c, 0x9d, 0x49, 0x9f, 0x3b,
  0x5f, 0xa6, 0x02, 0x3c, 0x16, 0xa9, 0x0a, 0x3c, 0xbc, 0xab, 0x9c, 0x3b,
  0x51, 0x57, 0x55, 0x3c, 0x0c, 0xb8, 0xcd, 0x3b, 0x29, 0x0c, 0xe3, 0x3b,
  0xeb, 0x7c, 0x26, 0x3c, 0xa7, 0xd9, 0xd2, 0x3b, 0x81, 0x00, 0x00, 0x00,
  0x70, 0x72, 0x61, 0x68, 0x61, 0x72, 0x69, 0x5f, 0x64, 0x73, 0x63, 0x6e,
  0x6e, 0x5f, 0x76, 0x35, 0x5f, 0x31, 0x2f, 0x64, 0x73, 0x34, 0x5f, 0x64,
  0x77, 0x5f, 0x62, 0x6e, 0x5f, 0x31, 0x2f, 0x62, 0x61, 0x74, 0x63, 0x68,
  0x6e, 0x6f, 0x72, 0x6d, 0x2f, 0x6d, 0x75, 0x6c, 0x5f, 0x31, 0x3b, 0x70,
  0x72, 0x61, 0x68, 0x61, 0x72, 0x69, 0x5f, 0x64, 0x73, 0x63, 0x6e, 0x6e,
  0x5f, 0x76, 0x35, 0x5f, 0x31, 0x2f, 0x64, 0x73, 0x34, 0x5f, 0x64, 0x77,
  0x5f, 0x31, 0x2f, 0x64, 0x65, 0x70, 0x74, 0x68, 0x77, 0x69, 0x73, 0x65,
  0x3b, 0x70, 0x72, 0x61, 0x68, 0x61, 0x72, 0x69, 0x5f, 0x64, 0x73, 0x63,
  0x6e, 0x6e, 0x5f, 0x76, 0x35, 0x5f, 0x31, 0x2f, 0x64, 0x73, 0x34, 0x5f,
  0x64, 0x77, 0x5f, 0x62, 0x6e, 0x5f, 0x31, 0x2f, 0x62, 0x61, 0x74, 0x63,
  0x68, 0x6e, 0x6f, 0x72, 0x6d, 0x2f, 0x6d, 0x75, 0x6c, 0x00, 0x00, 0x00,
  0x04, 0x00, 0x00, 0x00, 0x01, 0x00, 0x00, 0x00, 0x05, 0x00, 0x00, 0x00,
  0x03, 0x00, 0x00, 0x00, 0x20, 0x00, 0x00, 0x00, 0x66, 0xf8, 0xff, 0xff,
  0x00, 0x00, 0x00, 0x01, 0x14, 0x00, 0x00, 0x00, 0xa4, 0x01, 0x00, 0x00,
  0x06, 0x00, 0x00, 0x00, 0x00, 0x00, 0x00, 0x02, 0xa0, 0x02, 0x00, 0x00,
  0x6c, 0xf7, 0xff, 0xff, 0x08, 0x00, 0x00, 0x00, 0x08, 0x01, 0x00, 0x00,
  0x20, 0x00, 0x00, 0x00, 0x00, 0x00, 0x00, 0x00, 0x00, 0x00, 0x00, 0x00,
  0x00, 0x00, 0x00, 0x00, 0x00, 0x00, 0x00, 0x00, 0x00, 0x00, 0x00, 0x00,
  0x00, 0x00, 0x00, 0x00, 0x00, 0x00, 0x00, 0x00, 0x00, 0x00, 0x00, 0x00,
  0x00, 0x00, 0x00, 0x00, 0x00, 0x00, 0x00, 0x00, 0x00, 0x00, 0x00, 0x00,
  0x00, 0x00, 0x00, 0x00, 0x00, 0x00, 0x00, 0x00, 0x00, 0x00, 0x00, 0x00,
  0x00, 0x00, 0x00, 0x00, 0x00, 0x00, 0x00, 0x00, 0x00, 0x00, 0x00, 0x00,
  0x00, 0x00, 0x00, 0x00, 0x00, 0x00, 0x00, 0x00, 0x00, 0x00, 0x00, 0x00,
  0x00, 0x00, 0x00, 0x00, 0x00, 0x00, 0x00, 0x00, 0x00, 0x00, 0x00, 0x00,
  0x00, 0x00, 0x00, 0x00, 0x00, 0x00, 0x00, 0x00, 0x00, 0x00, 0x00, 0x00,
  0x00, 0x00, 0x00, 0x00, 0x00, 0x00, 0x00, 0x00, 0x00, 0x00, 0x00, 0x00,
  0x00, 0x00, 0x00, 0x00, 0x00, 0x00, 0x00, 0x00, 0x00, 0x00, 0x00, 0x00,
  0x00, 0x00, 0x00, 0x00, 0x00, 0x00, 0x00, 0x00, 0x00, 0x00, 0x00, 0x00,
  0x00, 0x00, 0x00, 0x00, 0x00, 0x00, 0x00, 0x00, 0x00, 0x00, 0x00, 0x00,
  0x00, 0x00, 0x00, 0x00, 0x00, 0x00, 0x00, 0x00, 0x00, 0x00, 0x00, 0x00,
  0x00, 0x00, 0x00, 0x00, 0x00, 0x00, 0x00, 0x00, 0x00, 0x00, 0x00, 0x00,
  0x00, 0x00, 0x00, 0x00, 0x00, 0x00, 0x00, 0x00, 0x00, 0x00, 0x00, 0x00,
  0x00, 0x00, 0x00, 0x00, 0x00, 0x00, 0x00, 0x00, 0x00, 0x00, 0x00, 0x00,
  0x00, 0x00, 0x00, 0x00, 0x00, 0x00, 0x00, 0x00, 0x00, 0x00, 0x00, 0x00,
  0x00, 0x00, 0x00, 0x00, 0x00, 0x00, 0x00, 0x00, 0x00, 0x00, 0x00, 0x00,
  0x00, 0x00, 0x00, 0x00, 0x00, 0x00, 0x00, 0x00, 0x00, 0x00, 0x00, 0x00,
  0x00, 0x00, 0x00, 0x00, 0x00, 0x00, 0x00, 0x00, 0x00, 0x00, 0x00, 0x00,
  0x00, 0x00, 0x00, 0x00, 0x00, 0x00, 0x00, 0x00, 0x20, 0x00, 0x00, 0x00,
  0xc8, 0xa5, 0x79, 0x39, 0x63, 0x81, 0x95, 0x39, 0xe8, 0x60, 0x4b, 0x39,
  0x22, 0x76, 0xc0, 0x39, 0x6e, 0x8b, 0x34, 0x39, 0xb9, 0x0e, 0x8a, 0x39,
  0x8e, 0xaa, 0x28, 0x39, 0xa7, 0xc7, 0x5b, 0x39, 0x00, 0xa2, 0x32, 0x39,
  0x90, 0xdc, 0x47, 0x39, 0xad, 0x5c, 0xba, 0x39, 0xca, 0xce, 0x8b, 0x39,
  0x6e, 0xc8, 0x82, 0x39, 0xc6, 0xd2, 0x8c, 0x39, 0x08, 0xed, 0xbb, 0x39,
  0xbb, 0xd0, 0x88, 0x38, 0x1f, 0x28, 0x84, 0x39, 0x30, 0x55, 0x75, 0x39,
  0xf9, 0x22, 0x23, 0x39, 0xca, 0x35, 0x97, 0x39, 0xa1, 0x38, 0x80, 0x39,
  0x6a, 0xc4, 0x4c, 0x39, 0x93, 0x7b, 0xa9, 0x39, 0x76, 0x47, 0x08, 0x39,
  0x5e, 0x8e, 0x5f, 0x39, 0x5d, 0x43, 0x6d, 0x39, 0x57, 0x0a, 0x06, 0x39,
  0x5d, 0x86, 0xb6, 0x39, 0xf3, 0x00, 0x30, 0x39, 0x5f, 0x40, 0x42, 0x39,
  0x82, 0x70, 0x8e, 0x39, 0xcf, 0x64, 0x34, 0x39, 0x03, 0x01, 0x00, 0x00,
  0x70, 0x72, 0x61, 0x68, 0x61, 0x72, 0x69, 0x5f, 0x64, 0x73, 0x63, 0x6e,
  0x6e, 0x5f, 0x76, 0x35, 0x5f, 0x31, 0x2f, 0x64, 0x73, 0x34, 0x5f, 0x64,
  0x77, 0x5f, 0x72, 0x65, 0x6c, 0x75, 0x5f, 0x31, 0x2f, 0x52, 0x65, 0x6c,
  0x75, 0x3b, 0x70, 0x72, 0x61, 0x68, 0x61, 0x72, 0x69, 0x5f, 0x64, 0x73,
  0x63, 0x6e, 0x6e, 0x5f, 0x76, 0x35, 0x5f, 0x31, 0x2f, 0x64, 0x73, 0x34,
  0x5f, 0x64, 0x77, 0x5f, 0x62, 0x6e, 0x5f, 0x31, 0x2f, 0x62, 0x61, 0x74,
  0x63, 0x68, 0x6e, 0x6f, 0x72, 0x6d, 0x2f, 0x61, 0x64, 0x64, 0x5f, 0x31,
  0x3b, 0x70, 0x72, 0x61, 0x68, 0x61, 0x72, 0x69, 0x5f, 0x64, 0x73, 0x63,
  0x6e, 0x6e, 0x5f, 0x76, 0x35, 0x5f, 0x31, 0x2f, 0x64, 0x73, 0x34, 0x5f,
  0x64, 0x77, 0x5f, 0x62, 0x6e, 0x5f, 0x31, 0x2f, 0x62, 0x61, 0x74, 0x63,
  0x68, 0x6e, 0x6f, 0x72, 0x6d, 0x2f, 0x6d, 0x75, 0x6c, 0x5f, 0x31, 0x3b,
  0x70, 0x72, 0x61, 0x68, 0x61, 0x72, 0x69, 0x5f, 0x64, 0x73, 0x63, 0x6e,
  0x6e, 0x5f, 0x76, 0x35, 0x5f, 0x31, 0x2f, 0x64, 0x73, 0x34, 0x5f, 0x64,
  0x77, 0x5f, 0x31, 0x2f, 0x64, 0x65, 0x70, 0x74, 0x68, 0x77, 0x69, 0x73,
  0x65, 0x3b, 0x70, 0x72, 0x61, 0x68, 0x61, 0x72, 0x69, 0x5f, 0x64, 0x73,
  0x63, 0x6e, 0x6e, 0x5f, 0x76, 0x35, 0x5f, 0x31, 0x2f, 0x64, 0x73, 0x34,
  0x5f, 0x64, 0x77, 0x5f, 0x62, 0x6e, 0x5f, 0x31, 0x2f, 0x62, 0x61, 0x74,
  0x63, 0x68, 0x6e, 0x6f, 0x72, 0x6d, 0x2f, 0x6d, 0x75, 0x6c, 0x3b, 0x70,
  0x72, 0x61, 0x68, 0x61, 0x72, 0x69, 0x5f, 0x64, 0x73, 0x63, 0x6e, 0x6e,
  0x5f, 0x76, 0x35, 0x5f, 0x31, 0x2f, 0x64, 0x73, 0x34, 0x5f, 0x64, 0x77,
  0x5f, 0x62, 0x6e, 0x5f, 0x31, 0x2f, 0x62, 0x61, 0x74, 0x63, 0x68, 0x6e,
  0x6f, 0x72, 0x6d, 0x2f, 0x73, 0x75, 0x62, 0x00, 0x01, 0x00, 0x00, 0x00,
  0x20, 0x00, 0x00, 0x00, 0x26, 0xfb, 0xff, 0xff, 0x00, 0x00, 0x00, 0x01,
  0x14, 0x00, 0x00, 0x00, 0xa4, 0x01, 0x00, 0x00, 0x05, 0x00, 0x00, 0x00,
  0x00, 0x00, 0x00, 0x09, 0xc4, 0x01, 0x00, 0x00, 0x2c, 0xfa, 0xff, 0xff,
  0x08, 0x00, 0x00, 0x00, 0x08, 0x01, 0x00, 0x00, 0x20, 0x00, 0x00, 0x00,
  0x00, 0x00, 0x00, 0x00, 0x00, 0x00, 0x00, 0x00, 0x00, 0x00, 0x00, 0x00,
  0x00, 0x00, 0x00, 0x00, 0x00, 0x00, 0x00, 0x00, 0x00, 0x00, 0x00, 0x00,
  0x00, 0x00, 0x00, 0x00, 0x00, 0x00, 0x00, 0x00, 0x00, 0x00, 0x00, 0x00,
  0x00, 0x00, 0x00, 0x00, 0x00, 0x00, 0x00, 0x00, 0x00, 0x00, 0x00, 0x00,
  0x00, 0x00, 0x00, 0x00, 0x00, 0x00, 0x00, 0x00, 0x00, 0x00, 0x00, 0x00,
  0x00, 0x00, 0x00, 0x00, 0x00, 0x00, 0x00, 0x00, 0x00, 0x00, 0x00, 0x00,
  0x00, 0x00, 0x00, 0x00, 0x00, 0x00, 0x00, 0x00, 0x00, 0x00, 0x00, 0x00,
  0x00, 0x00, 0x00, 0x00, 0x00, 0x00, 0x00, 0x00, 0x00, 0x00, 0x00, 0x00,
  0x00, 0x00, 0x00, 0x00, 0x00, 0x00, 0x00, 0x00, 0x00, 0x00, 0x00, 0x00,
  0x00, 0x00, 0x00, 0x00, 0x00, 0x00, 0x00, 0x00, 0x00, 0x00, 0x00, 0x00,
  0x00, 0x00, 0x00, 0x00, 0x00, 0x00, 0x00, 0x00, 0x00, 0x00, 0x00, 0x00,
  0x00, 0x00, 0x00, 0x00, 0x00, 0x00, 0x00, 0x00, 0x00, 0x00, 0x00, 0x00,
  0x00, 0x00, 0x00, 0x00, 0x00, 0x00, 0x00, 0x00, 0x00, 0x00, 0x00, 0x00,
  0x00, 0x00, 0x00, 0x00, 0x00, 0x00, 0x00, 0x00, 0x00, 0x00, 0x00, 0x00,
  0x00, 0x00, 0x00, 0x00, 0x00, 0x00, 0x00, 0x00, 0x00, 0x00, 0x00, 0x00,
  0x00, 0x00, 0x00, 0x00, 0x00, 0x00, 0x00, 0x00, 0x00, 0x00, 0x00, 0x00,
  0x00, 0x00, 0x00, 0x00, 0x00, 0x00, 0x00, 0x00, 0x00, 0x00, 0x00, 0x00,
  0x00, 0x00, 0x00, 0x00, 0x00, 0x00, 0x00, 0x00, 0x00, 0x00, 0x00, 0x00,
  0x00, 0x00, 0x00, 0x00, 0x00, 0x00, 0x00, 0x00, 0x00, 0x00, 0x00, 0x00,
  0x00, 0x00, 0x00, 0x00, 0x00, 0x00, 0x00, 0x00, 0x00, 0x00, 0x00, 0x00,
  0x00, 0x00, 0x00, 0x00, 0x00, 0x00, 0x00, 0x00, 0x00, 0x00, 0x00, 0x00,
  0x00, 0x00, 0x00, 0x00, 0x20, 0x00, 0x00, 0x00, 0x5b, 0x06, 0xfc, 0x3b,
  0xa2, 0x7c, 0xeb, 0x3b, 0x5f, 0x74, 0xee, 0x3b, 0xd2, 0x9a, 0x08, 0x3c,
  0x05, 0x72, 0xf0, 0x3b, 0xcc, 0xf3, 0xed, 0x3b, 0xb0, 0xe2, 0x1a, 0x3c,
  0x73, 0x81, 0x18, 0x3c, 0x9e, 0x05, 0xf3, 0x3b, 0xc4, 0x72, 0xff, 0x3b,
  0x15, 0x98, 0xf1, 0x3b, 0xc6, 0xbd, 0x0c, 0x3c, 0x10, 0xdd, 0x13, 0x3c,
  0xfd, 0x81, 0x11, 0x3c, 0xfd, 0x1b, 0x10, 0x3c, 0xac, 0x4c, 0x4a, 0x3c,
  0xff, 0xa9, 0x13, 0x3c, 0xce, 0x4c, 0x17, 0x3c, 0x9f, 0x8f, 0x03, 0x3c,
  0x9f, 0xa6, 0x01, 0x3c, 0xc4, 0x96, 0xdd, 0x3b, 0x55, 0x2e, 0x47, 0x3c,
  0xb7, 0x2b, 0xe4, 0x3b, 0xe3, 0x80, 0x0f, 0x3c, 0xe5, 0xf1, 0x41, 0x3c,
  0x0e, 0xbd, 0x33, 0x3c, 0x3e, 0x6b, 0x1b, 0x3c, 0x81, 0xb9, 0x19, 0x3c,
  0xbc, 0x22, 0xec, 0x3b, 0xbc, 0x7b, 0x1d, 0x3c, 0x33, 0x30, 0x05, 0x3c,
  0x2a, 0xca, 0x14, 0x3c, 0x27, 0x00, 0x00, 0x00, 0x70, 0x72, 0x61, 0x68,
  0x61, 0x72, 0x69, 0x5f, 0x64, 0x73, 0x63, 0x6e, 0x6e, 0x5f, 0x76, 0x35,
  0x5f, 0x31, 0x2f, 0x64, 0x73, 0x34, 0x5f, 0x70, 0x77, 0x5f, 0x31, 0x2f,
  0x63, 0x6f, 0x6e, 0x76, 0x6f, 0x6c, 0x75, 0x74, 0x69, 0x6f, 0x6e, 0x00,
  0x04, 0x00, 0x00, 0x00, 0x20, 0x00, 0x00, 0x00, 0x01, 0x00, 0x00, 0x00,
  0x01, 0x00, 0x00, 0x00, 0x20, 0x00, 0x00, 0x00, 0x16, 0xfd, 0xff, 0xff,
  0x00, 0x00, 0x00, 0x01, 0x14, 0x00, 0x00, 0x00, 0xa4, 0x01, 0x00, 0x00,
  0x04, 0x00, 0x00, 0x00, 0x00, 0x00, 0x00, 0x02, 0x48, 0x02, 0x00, 0x00,
  0x1c, 0xfc, 0xff, 0xff, 0x08, 0x00, 0x00, 0x00, 0x08, 0x01, 0x00, 0x00,
  0x20, 0x00, 0x00, 0x00, 0x00, 0x00, 0x00, 0x00, 0x00, 0x00, 0x00, 0x00,
  0x00, 0x00, 0x00, 0x00, 0x00, 0x00, 0x00, 0x00, 0x00, 0x00, 0x00, 0x00,
  0x00, 0x00, 0x00, 0x00, 0x00, 0x00, 0x00, 0x00, 0x00, 0x00, 0x00, 0x00,
  0x00, 0x00, 0x00, 0x00, 0x00, 0x00, 0x00, 0x00, 0x00, 0x00, 0x00, 0x00,
  0x00, 0x00, 0x00, 0x00, 0x00, 0x00, 0x00, 0x00, 0x00, 0x00, 0x00, 0x00,
  0x00, 0x00, 0x00, 0x00, 0x00, 0x00, 0x00, 0x00, 0x00, 0x00, 0x00, 0x00,
  0x00, 0x00, 0x00, 0x00, 0x00, 0x00, 0x00, 0x00, 0x00, 0x00, 0x00, 0x00,
  0x00, 0x00, 0x00, 0x00, 0x00, 0x00, 0x00, 0x00, 0x00, 0x00, 0x00, 0x00,
  0x00, 0x00, 0x00, 0x00, 0x00, 0x00, 0x00, 0x00, 0x00, 0x00, 0x00, 0x00,
  0x00, 0x00, 0x00, 0x00, 0x00, 0x00, 0x00, 0x00, 0x00, 0x00, 0x00, 0x00,
  0x00, 0x00, 0x00, 0x00, 0x00, 0x00, 0x00, 0x00, 0x00, 0x00, 0x00, 0x00,
  0x00, 0x00, 0x00, 0x00, 0x00, 0x00, 0x00, 0x00, 0x00, 0x00, 0x00, 0x00,
  0x00, 0x00, 0x00, 0x00, 0x00, 0x00, 0x00, 0x00, 0x00, 0x00, 0x00, 0x00,
  0x00, 0x00, 0x00, 0x00, 0x00, 0x00, 0x00, 0x00, 0x00, 0x00, 0x00, 0x00,
  0x00, 0x00, 0x00, 0x00, 0x00, 0x00, 0x00, 0x00, 0x00, 0x00, 0x00, 0x00,
  0x00, 0x00, 0x00, 0x00, 0x00, 0x00, 0x00, 0x00, 0x00, 0x00, 0x00, 0x00,
  0x00, 0x00, 0x00, 0x00, 0x00, 0x00, 0x00, 0x00, 0x00, 0x00, 0x00, 0x00,
  0x00, 0x00, 0x00, 0x00, 0x00, 0x00, 0x00, 0x00, 0x00, 0x00, 0x00, 0x00,
  0x00, 0x00, 0x00, 0x00, 0x00, 0x00, 0x00, 0x00, 0x00, 0x00, 0x00, 0x00,
  0x00, 0x00, 0x00, 0x00, 0x00, 0x00, 0x00, 0x00, 0x00, 0x00, 0x00, 0x00,
  0x00, 0x00, 0x00, 0x00, 0x00, 0x00, 0x00, 0x00, 0x00, 0x00, 0x00, 0x00,
  0x00, 0x00, 0x00, 0x00, 0x00, 0x00, 0x00, 0x00, 0x20, 0x00, 0x00, 0x00,
  0x37, 0xd0, 0xa1, 0x39, 0xf1, 0x31, 0x97, 0x39, 0xbc, 0x19, 0x99, 0x39,
  0x41, 0x6a, 0xaf, 0x39, 0xf4, 0x60, 0x9a, 0x39, 0x2e, 0xc7, 0x98, 0x39,
  0xb3, 0xe3, 0xc6, 0x39, 0x60, 0xd5, 0xc3, 0x39, 0x74, 0x08, 0x9c, 0x39,
  0xeb, 0x02, 0xa4, 0x39, 0xc2, 0x1d, 0x9b, 0x39, 0x10, 0xba, 0xb4, 0x39,
  0x5c, 0xdf, 0xbd, 0x39, 0xf3, 0xd8, 0xba, 0x39, 0x3d, 0x0d, 0xb9, 0x39,
  0x15, 0xe3, 0x01, 0x3a, 0xc9, 0x9d, 0xbd, 0x39, 0x0b, 0x49, 0xc2, 0x39,
  0x37, 0xf0, 0xa8, 0x39, 0x4a, 0x7c, 0xa6, 0x39, 0x9a, 0x45, 0x8e, 0x39,
  0x03, 0xc5, 0xff, 0x39, 0x6d, 0x7f, 0x92, 0x39, 0x12, 0x46, 0xb8, 0x39,
  0xbf, 0x0b, 0xf9, 0x39, 0xa8, 0xcd, 0xe6, 0x39, 0x0d, 0x93, 0xc7, 0x39,
  0x16, 0x66, 0xc5, 0x39, 0x96, 0x9c, 0x97, 0x39, 0xb1, 0x39, 0xca, 0x39,
  0x26, 0x07, 0xab, 0x39, 0xd3, 0x0f, 0xbf, 0x39, 0xa9, 0x00, 0x00, 0x00,
  0x70, 0x72, 0x61, 0x68, 0x61, 0x72, 0x69, 0x5f, 0x64, 0x73, 0x63, 0x6e,
  0x6e, 0x5f, 0x76, 0x35, 0x5f, 0x31, 0x2f, 0x64, 0x73, 0x34, 0x5f, 0x70,
  0x77, 0x5f, 0x72, 0x65, 0x6c, 0x75, 0x5f, 0x31, 0x2f, 0x52, 0x65, 0x6c,
  0x75, 0x3b, 0x70, 0x72, 0x61, 0x68, 0x61, 0x72, 0x69, 0x5f, 0x64, 0x73,
  0x63, 0x6e, 0x6e, 0x5f, 0x76, 0x35, 0x5f, 0x31, 0x2f, 0x64, 0x73, 0x34,
  0x5f, 0x70, 0x77, 0x5f, 0x62, 0x6e, 0x5f, 0x31, 0x2f, 0x62, 0x61, 0x74,
  0x63, 0x68, 0x6e, 0x6f, 0x72, 0x6d, 0x2f, 0x61, 0x64, 0x64, 0x5f, 0x31,
  0x3b, 0x70, 0x72, 0x61, 0x68, 0x61, 0x72, 0x69, 0x5f, 0x64, 0x73, 0x63,
  0x6e, 0x6e, 0x5f, 0x76, 0x35, 0x5f, 0x31, 0x2f, 0x64, 0x73, 0x34, 0x5f,
  0x70, 0x77, 0x5f, 0x31, 0x2f, 0x63, 0x6f, 0x6e, 0x76, 0x6f, 0x6c, 0x75,
  0x74, 0x69, 0x6f, 0x6e, 0x3b, 0x70, 0x72, 0x61, 0x68, 0x61, 0x72, 0x69,
  0x5f, 0x64, 0x73, 0x63, 0x6e, 0x6e, 0x5f, 0x76, 0x35, 0x5f, 0x31, 0x2f,
  0x64, 0x73, 0x34, 0x5f, 0x70, 0x77, 0x5f, 0x62, 0x6e, 0x5f, 0x31, 0x2f,
  0x62, 0x61, 0x74, 0x63, 0x68, 0x6e, 0x6f, 0x72, 0x6d, 0x2f, 0x73, 0x75,
  0x62, 0x00, 0x00, 0x00, 0x01, 0x00, 0x00, 0x00, 0x20, 0x00, 0x00, 0x00,
  0x7e, 0xff, 0xff, 0xff, 0x00, 0x00, 0x00, 0x01, 0x14, 0x00, 0x00, 0x00,
  0x34, 0x00, 0x00, 0x00, 0x03, 0x00, 0x00, 0x00, 0x00, 0x00, 0x00, 0x09,
  0x54, 0x00, 0x00, 0x00, 0x84, 0xfe, 0xff, 0xff, 0x08, 0x00, 0x00, 0x00,
  0x14, 0x00, 0x00, 0x00, 0x01, 0x00, 0x00, 0x00, 0x00, 0x00, 0x00, 0x00,
  0x00, 0x00, 0x00, 0x00, 0x00, 0x00, 0x00, 0x00, 0x01, 0x00, 0x00, 0x00,
  0xe6, 0xe5, 0x68, 0x3b, 0x26, 0x00, 0x00, 0x00, 0x70, 0x72, 0x61, 0x68,
  0x61, 0x72, 0x69, 0x5f, 0x64, 0x73, 0x63, 0x6e, 0x6e, 0x5f, 0x76, 0x35,
  0x5f, 0x31, 0x2f, 0x73, 0x63, 0x6f, 0x72, 0x65, 0x5f, 0x31, 0x2f, 0x63,
  0x6f, 0x6e, 0x76, 0x6f, 0x6c, 0x75, 0x74, 0x69, 0x6f, 0x6e, 0x00, 0x00,
  0x04, 0x00, 0x00, 0x00, 0x01, 0x00, 0x00, 0x00, 0x01, 0x00, 0x00, 0x00,
  0x01, 0x00, 0x00, 0x00, 0x20, 0x00, 0x00, 0x00, 0x00, 0x00, 0x16, 0x00,
  0x1c, 0x00, 0x18, 0x00, 0x17, 0x00, 0x10, 0x00, 0x0c, 0x00, 0x08, 0x00,
  0x00, 0x00, 0x00, 0x00, 0x00, 0x00, 0x07, 0x00, 0x16, 0x00, 0x00, 0x00,
  0x00, 0x00, 0x00, 0x01, 0x14, 0x00, 0x00, 0x00, 0x30, 0x00, 0x00, 0x00,
  0x02, 0x00, 0x00, 0x00, 0x00, 0x00, 0x00, 0x02, 0x94, 0x00, 0x00, 0x00,
  0x1c, 0xff, 0xff, 0xff, 0x08, 0x00, 0x00, 0x00, 0x10, 0x00, 0x00, 0x00,
  0x01, 0x00, 0x00, 0x00, 0x00, 0x00, 0x00, 0x00, 0x00, 0x00, 0x00, 0x00,
  0x01, 0x00, 0x00, 0x00, 0x75, 0x76, 0x8b, 0x39, 0x68, 0x00, 0x00, 0x00,
  0x70, 0x72, 0x61, 0x68, 0x61, 0x72, 0x69, 0x5f, 0x64, 0x73, 0x63, 0x6e,
  0x6e, 0x5f, 0x76, 0x35, 0x5f, 0x31, 0x2f, 0x73, 0x63, 0x6f, 0x72, 0x65,
  0x5f, 0x31, 0x2f, 0x41, 0x64, 0x64, 0x3b, 0x70, 0x72, 0x61, 0x68, 0x61,
  0x72, 0x69, 0x5f, 0x64, 0x73, 0x63, 0x6e, 0x6e, 0x5f, 0x76, 0x35, 0x5f,
  0x31, 0x2f, 0x73, 0x63, 0x6f, 0x72, 0x65, 0x5f, 0x31, 0x2f, 0x63, 0x6f,
  0x6e, 0x76, 0x6f, 0x6c, 0x75, 0x74, 0x69, 0x6f, 0x6e, 0x3b, 0x70, 0x72,
  0x61, 0x68, 0x61, 0x72, 0x69, 0x5f, 0x64, 0x73, 0x63, 0x6e, 0x6e, 0x5f,
  0x76, 0x35, 0x5f, 0x31, 0x2f, 0x73, 0x63, 0x6f, 0x72, 0x65, 0x5f, 0x31,
  0x2f, 0x52, 0x65, 0x73, 0x68, 0x61, 0x70, 0x65, 0x00, 0x00, 0x00, 0x00,
  0x01, 0x00, 0x00, 0x00, 0x01, 0x00, 0x00, 0x00, 0x00, 0x00, 0x16, 0x00,
  0x20, 0x00, 0x1c, 0x00, 0x1b, 0x00, 0x14, 0x00, 0x10, 0x00, 0x0c, 0x00,
  0x00, 0x00, 0x00, 0x00, 0x08, 0x00, 0x07, 0x00, 0x16, 0x00, 0x00, 0x00,
  0x00, 0x00, 0x00, 0x01, 0x18, 0x00, 0x00, 0x00, 0x34, 0x00, 0x00, 0x00,
  0x50, 0x00, 0x00, 0x00, 0x01, 0x00, 0x00, 0x00, 0x00, 0x00, 0x00, 0x09,
  0x64, 0x00, 0x00, 0x00, 0x04, 0x00, 0x00, 0x00, 0xff, 0xff, 0xff, 0xff,
  0x62, 0x00, 0x00, 0x00, 0x28, 0x00, 0x00, 0x00, 0x01, 0x00, 0x00, 0x00,
  0x0c, 0x00, 0x0c, 0x00, 0x00, 0x00, 0x00, 0x00, 0x08, 0x00, 0x04, 0x00,
  0x0c, 0x00, 0x00, 0x00, 0x08, 0x00, 0x00, 0x00, 0x10, 0x00, 0x00, 0x00,
  0x01, 0x00, 0x00, 0x00, 0xdd, 0xff, 0xff, 0xff, 0xff, 0xff, 0xff, 0xff,
  0x01, 0x00, 0x00, 0x00, 0x0b, 0x18, 0x90, 0x3c, 0x18, 0x00, 0x00, 0x00,
  0x73, 0x65, 0x72, 0x76, 0x69, 0x6e, 0x67, 0x5f, 0x64, 0x65, 0x66, 0x61,
  0x75, 0x6c, 0x74, 0x5f, 0x6c, 0x6f, 0x67, 0x6d, 0x65, 0x6c, 0x3a, 0x30,
  0x00, 0x00, 0x00, 0x00, 0x04, 0x00, 0x00, 0x00, 0x01, 0x00, 0x00, 0x00,
  0x62, 0x00, 0x00, 0x00, 0x28, 0x00, 0x00, 0x00, 0x01, 0x00, 0x00, 0x00,
  0x06, 0x00, 0x00, 0x00, 0x80, 0x00, 0x00, 0x00, 0x60, 0x00, 0x00, 0x00,
  0x4c, 0x00, 0x00, 0x00, 0x40, 0x00, 0x00, 0x00, 0x24, 0x00, 0x00, 0x00,
  0x04, 0x00, 0x00, 0x00, 0xa4, 0xff, 0xff, 0xff, 0x0e, 0x00, 0x00, 0x00,
  0x02, 0x00, 0x00, 0x00, 0x00, 0x00, 0x00, 0x0e, 0x0c, 0x00, 0x0e, 0x00,
  0x0d, 0x00, 0x00, 0x00, 0x08, 0x00, 0x04, 0x00, 0x0c, 0x00, 0x00, 0x00,
  0x01, 0x00, 0x00, 0x00, 0x02, 0x00, 0x00, 0x00, 0x00, 0x01, 0x0a, 0x00,
  0x08, 0x00, 0x00, 0x00, 0x00, 0x00, 0x04, 0x00, 0x0a, 0x00, 0x00, 0x00,
  0x02, 0x00, 0x00, 0x00, 0xe0, 0xff, 0xff, 0xff, 0x04, 0x00, 0x00, 0x00,
  0x03, 0x00, 0x00, 0x00, 0x00, 0x00, 0x00, 0x04, 0xf0, 0xff, 0xff, 0xff,
  0x11, 0x00, 0x00, 0x00, 0x02, 0x00, 0x00, 0x00, 0x00, 0x00, 0x00, 0x11,
  0x0c, 0x00, 0x10, 0x00, 0x0f, 0x00, 0x00, 0x00, 0x08, 0x00, 0x04, 0x00,
  0x0c, 0x00, 0x00, 0x00, 0x03, 0x00, 0x00, 0x00, 0x03, 0x00, 0x00, 0x00,
  0x00, 0x00, 0x00, 0x03,
};
const unsigned int prahari_model_tflite_len = 21208;
