#pragma once
#include <cstdint>

alignas(16) const unsigned char prahari_model_tflite[] = {
  0x1c, 0x00, 0x00, 0x00, 0x54, 0x46, 0x4c, 0x33, 0x14, 0x00, 0x20, 0x00,
  0x1c, 0x00, 0x18, 0x00, 0x14, 0x00, 0x10, 0x00, 0x0c, 0x00, 0x00, 0x00,
  0x08, 0x00, 0x04, 0x00, 0x14, 0x00, 0x00, 0x00, 0x1c, 0x00, 0x00, 0x00,
  0x84, 0x00, 0x00, 0x00, 0xdc, 0x00, 0x00, 0x00, 0x58, 0x17, 0x00, 0x00,
  0x68, 0x17, 0x00, 0x00, 0x10, 0x52, 0x00, 0x00, 0x03, 0x00, 0x00, 0x00,
  0x01, 0x00, 0x00, 0x00, 0x04, 0x00, 0x00, 0x00, 0x26, 0xe8, 0xff, 0xff,
  0x0c, 0x00, 0x00, 0x00, 0x1c, 0x00, 0x00, 0x00, 0x3c, 0x00, 0x00, 0x00,
  0x0f, 0x00, 0x00, 0x00, 0x73, 0x65, 0x72, 0x76, 0x69, 0x6e, 0x67, 0x5f,
  0x64, 0x65, 0x66, 0x61, 0x75, 0x6c, 0x74, 0x00, 0x01, 0x00, 0x00, 0x00,
  0x04, 0x00, 0x00, 0x00, 0x98, 0xff, 0xff, 0xff, 0x25, 0x00, 0x00, 0x00,
  0x04, 0x00, 0x00, 0x00, 0x08, 0x00, 0x00, 0x00, 0x6f, 0x75, 0x74, 0x70,
  0x75, 0x74, 0x5f, 0x30, 0x00, 0x00, 0x00, 0x00, 0x01, 0x00, 0x00, 0x00,
  0x04, 0x00, 0x00, 0x00, 0x2e, 0xe9, 0xff, 0xff, 0x04, 0x00, 0x00, 0x00,
  0x06, 0x00, 0x00, 0x00, 0x6c, 0x6f, 0x67, 0x6d, 0x65, 0x6c, 0x00, 0x00,
  0x02, 0x00, 0x00, 0x00, 0x34, 0x00, 0x00, 0x00, 0x04, 0x00, 0x00, 0x00,
  0xdc, 0xff, 0xff, 0xff, 0x28, 0x00, 0x00, 0x00, 0x04, 0x00, 0x00, 0x00,
  0x13, 0x00, 0x00, 0x00, 0x43, 0x4f, 0x4e, 0x56, 0x45, 0x52, 0x53, 0x49,
  0x4f, 0x4e, 0x5f, 0x4d, 0x45, 0x54, 0x41, 0x44, 0x41, 0x54, 0x41, 0x00,
  0x08, 0x00, 0x0c, 0x00, 0x08, 0x00, 0x04, 0x00, 0x08, 0x00, 0x00, 0x00,
  0x27, 0x00, 0x00, 0x00, 0x04, 0x00, 0x00, 0x00, 0x13, 0x00, 0x00, 0x00,
  0x6d, 0x69, 0x6e, 0x5f, 0x72, 0x75, 0x6e, 0x74, 0x69, 0x6d, 0x65, 0x5f,
  0x76, 0x65, 0x72, 0x73, 0x69, 0x6f, 0x6e, 0x00, 0x29, 0x00, 0x00, 0x00,
  0x78, 0x16, 0x00, 0x00, 0x70, 0x16, 0x00, 0x00, 0x5c, 0x16, 0x00, 0x00,
  0x24, 0x16, 0x00, 0x00, 0x94, 0x15, 0x00, 0x00, 0x84, 0x11, 0x00, 0x00,
  0xf4, 0x10, 0x00, 0x00, 0x04, 0x0f, 0x00, 0x00, 0x74, 0x0e, 0x00, 0x00,
  0x64, 0x0a, 0x00, 0x00, 0xd4, 0x09, 0x00, 0x00, 0xe4, 0x07, 0x00, 0x00,
  0x54, 0x07, 0x00, 0x00, 0x44, 0x05, 0x00, 0x00, 0xf4, 0x04, 0x00, 0x00,
  0xf4, 0x03, 0x00, 0x00, 0xa4, 0x03, 0x00, 0x00, 0x14, 0x03, 0x00, 0x00,
  0xe4, 0x02, 0x00, 0x00, 0x5c, 0x02, 0x00, 0x00, 0x2c, 0x02, 0x00, 0x00,
  0x1c, 0x01, 0x00, 0x00, 0x14, 0x01, 0x00, 0x00, 0x0c, 0x01, 0x00, 0x00,
  0x04, 0x01, 0x00, 0x00, 0xfc, 0x00, 0x00, 0x00, 0xf4, 0x00, 0x00, 0x00,
  0xec, 0x00, 0x00, 0x00, 0xe4, 0x00, 0x00, 0x00, 0xdc, 0x00, 0x00, 0x00,
  0xd4, 0x00, 0x00, 0x00, 0xcc, 0x00, 0x00, 0x00, 0xc4, 0x00, 0x00, 0x00,
  0xbc, 0x00, 0x00, 0x00, 0xb4, 0x00, 0x00, 0x00, 0xac, 0x00, 0x00, 0x00,
  0xa4, 0x00, 0x00, 0x00, 0x9c, 0x00, 0x00, 0x00, 0x94, 0x00, 0x00, 0x00,
  0x74, 0x00, 0x00, 0x00, 0x04, 0x00, 0x00, 0x00, 0x46, 0xea, 0xff, 0xff,
  0x04, 0x00, 0x00, 0x00, 0x60, 0x00, 0x00, 0x00, 0x0c, 0x00, 0x00, 0x00,
  0x08, 0x00, 0x0e, 0x00, 0x08, 0x00, 0x04, 0x00, 0x08, 0x00, 0x00, 0x00,
  0x10, 0x00, 0x00, 0x00, 0x28, 0x00, 0x00, 0x00, 0x00, 0x00, 0x06, 0x00,
  0x08, 0x00, 0x04, 0x00, 0x06, 0x00, 0x00, 0x00, 0x04, 0x00, 0x00, 0x00,
  0x01, 0x00, 0x00, 0x00, 0xeb, 0x03, 0x00, 0x00, 0x0c, 0x00, 0x18, 0x00,
  0x14, 0x00, 0x10, 0x00, 0x0c, 0x00, 0x04, 0x00, 0x0c, 0x00, 0x00, 0x00,
  0xfd, 0x27, 0x9b, 0x61, 0x41, 0xe9, 0x0b, 0xb0, 0x02, 0x00, 0x00, 0x00,
  0x02, 0x00, 0x00, 0x00, 0x04, 0x00, 0x00, 0x00, 0x06, 0x00, 0x00, 0x00,
  0x32, 0x2e, 0x32, 0x31, 0x2e, 0x30, 0x00, 0x00, 0xb2, 0xea, 0xff, 0xff,
  0x04, 0x00, 0x00, 0x00, 0x10, 0x00, 0x00, 0x00, 0x31, 0x2e, 0x31, 0x34,
  0x2e, 0x30, 0x00, 0x00, 0x00, 0x00, 0x00, 0x00, 0x00, 0x00, 0x00, 0x00,
  0x88, 0xe8, 0xff, 0xff, 0x8c, 0xe8, 0xff, 0xff, 0x90, 0xe8, 0xff, 0xff,
  0x94, 0xe8, 0xff, 0xff, 0x98, 0xe8, 0xff, 0xff, 0x9c, 0xe8, 0xff, 0xff,
  0xa0, 0xe8, 0xff, 0xff, 0xa4, 0xe8, 0xff, 0xff, 0xa8, 0xe8, 0xff, 0xff,
  0xac, 0xe8, 0xff, 0xff, 0xb0, 0xe8, 0xff, 0xff, 0xb4, 0xe8, 0xff, 0xff,
  0xb8, 0xe8, 0xff, 0xff, 0xbc, 0xe8, 0xff, 0xff, 0xc0, 0xe8, 0xff, 0xff,
  0xc4, 0xe8, 0xff, 0xff, 0xc8, 0xe8, 0xff, 0xff, 0x12, 0xeb, 0xff, 0xff,
  0x04, 0x00, 0x00, 0x00, 0x00, 0x01, 0x00, 0x00, 0xfd, 0x04, 0x4e, 0x44,
  0x7f, 0x75, 0x20, 0xab, 0xbc, 0xd7, 0xde, 0xec, 0xe9, 0xf6, 0xbe, 0x83,
  0xdf, 0xbd, 0xe7, 0x3d, 0x7a, 0x72, 0x03, 0xca, 0xbf, 0xdd, 0xf2, 0x06,
  0xe7, 0x25, 0xfc, 0xed, 0xcb, 0xf2, 0xec, 0xe7, 0xf0, 0xe2, 0xf2, 0xde,
  0x0c, 0x4b, 0x5f, 0x1d, 0xe7, 0xf4, 0xf8, 0xf2, 0xec, 0xf2, 0xe3, 0xee,
  0xee, 0xf4, 0xe2, 0xf8, 0x13, 0x4b, 0x7f, 0x38, 0xe2, 0xe6, 0xe9, 0x0b,
  0xe1, 0xda, 0xe8, 0x33, 0x24, 0xfd, 0xdb, 0xd2, 0xfb, 0x6b, 0x7f, 0x40,
  0x16, 0x3a, 0x46, 0xfa, 0x32, 0x5a, 0x1a, 0xf0, 0xea, 0xe8, 0xb7, 0xac,
  0xd6, 0x03, 0x28, 0x37, 0x6d, 0x46, 0x2a, 0x06, 0xb2, 0x0b, 0xd9, 0xc9,
  0xe5, 0xfd, 0x10, 0xbc, 0xd5, 0x1b, 0x5b, 0x45, 0x18, 0xf9, 0xfa, 0xee,
  0xc2, 0xf1, 0xe7, 0xc0, 0xed, 0x07, 0x06, 0xcd, 0xd8, 0x16, 0x7f, 0x4d,
  0x10, 0x07, 0x01, 0x19, 0xff, 0x35, 0x27, 0xdf, 0x88, 0x06, 0xf8, 0xfe,
  0xd6, 0xec, 0x11, 0x19, 0xfe, 0xfe, 0xf0, 0xd2, 0xd1, 0x22, 0x32, 0xca,
  0x81, 0xf9, 0xfa, 0xef, 0xe4, 0xf9, 0x20, 0x4c, 0x23, 0xeb, 0xdb, 0xe9,
  0x5d, 0x2f, 0x16, 0x0b, 0xfa, 0x0c, 0x25, 0xce, 0xa8, 0xee, 0x92, 0xe6,
  0xb8, 0xe7, 0xb1, 0xaa, 0x7f, 0x60, 0x27, 0x3f, 0x12, 0x31, 0x26, 0xed,
  0xf4, 0x03, 0x8f, 0xdb, 0xc1, 0xd2, 0xa7, 0xbb, 0x3e, 0x31, 0x07, 0x03,
  0xf7, 0x24, 0x29, 0x1b, 0x5d, 0x7f, 0x31, 0xca, 0xad, 0xd5, 0xf0, 0xf4,
  0x0a, 0x24, 0xf0, 0xfa, 0xf2, 0x11, 0x19, 0x03, 0x45, 0x71, 0x21, 0xd8,
  0xb8, 0xf4, 0x1e, 0x03, 0xeb, 0xef, 0x84, 0xda, 0xad, 0x85, 0xfd, 0x40,
  0x1e, 0xa6, 0x81, 0x9c, 0xf5, 0x72, 0x3d, 0xf8, 0xe9, 0xe4, 0xec, 0x1f,
  0x1c, 0xa4, 0x33, 0x3f, 0xfa, 0xcc, 0x96, 0xb6, 0x28, 0x4c, 0x68, 0x1d,
  0x1e, 0xec, 0xff, 0xff, 0x04, 0x00, 0x00, 0x00, 0x20, 0x00, 0x00, 0x00,
  0x43, 0x27, 0x00, 0x00, 0x7b, 0x13, 0x00, 0x00, 0x53, 0xe8, 0xff, 0xff,
  0x9e, 0xf7, 0xff, 0xff, 0xbb, 0x6d, 0x00, 0x00, 0xb7, 0xa3, 0x00, 0x00,
  0x01, 0xd4, 0xff, 0xff, 0x2c, 0x67, 0x00, 0x00, 0x4a, 0xec, 0xff, 0xff,
  0x04, 0x00, 0x00, 0x00, 0x78, 0x00, 0x00, 0x00, 0xc6, 0xec, 0xd4, 0xff,
  0xc4, 0xf4, 0x9c, 0x03, 0xf2, 0xd5, 0xb8, 0xa3, 0x81, 0xe1, 0x81, 0x15,
  0x36, 0xf9, 0x89, 0x06, 0x1d, 0xe6, 0xe4, 0x35, 0xf3, 0x07, 0x32, 0x81,
  0xa7, 0x04, 0xe4, 0xbb, 0xb5, 0xcf, 0xf7, 0xa4, 0xbe, 0xf6, 0xe3, 0x00,
  0x81, 0xbf, 0xce, 0x27, 0xe1, 0x03, 0xda, 0xf9, 0x02, 0xe1, 0x19, 0xbb,
  0xe5, 0x4d, 0x02, 0xa8, 0xf9, 0x81, 0x3a, 0x86, 0x00, 0x7f, 0x15, 0x81,
  0x9c, 0xbd, 0x05, 0xf5, 0x15, 0x64, 0xee, 0xc9, 0x04, 0xcf, 0xfe, 0xcd,
  0xf7, 0xf9, 0x19, 0x09, 0xf4, 0xb4, 0x1e, 0xba, 0xed, 0xf9, 0x3c, 0xa7,
  0xe6, 0xd4, 0x26, 0xa7, 0x0d, 0x02, 0x12, 0xde, 0x10, 0xc7, 0xcc, 0x4c,
  0x18, 0x04, 0x58, 0x14, 0x15, 0x00, 0x25, 0x26, 0x38, 0xd8, 0x60, 0xee,
  0x30, 0xf4, 0x7f, 0x0a, 0x08, 0xcb, 0x3c, 0xc7, 0xce, 0xec, 0xff, 0xff,
  0x04, 0x00, 0x00, 0x00, 0x20, 0x00, 0x00, 0x00, 0x50, 0x59, 0x00, 0x00,
  0x1a, 0x41, 0x00, 0x00, 0xc3, 0x04, 0x00, 0x00, 0x21, 0x2f, 0x00, 0x00,
  0x03, 0x2b, 0x00, 0x00, 0x12, 0xee, 0xff, 0xff, 0x39, 0x1e, 0x00, 0x00,
  0x01, 0x5c, 0x00, 0x00, 0xfa, 0xec, 0xff, 0xff, 0x04, 0x00, 0x00, 0x00,
  0x80, 0x00, 0x00, 0x00, 0xd3, 0x10, 0xd8, 0x12, 0x01, 0x7f, 0x44, 0xb3,
  0x38, 0xc3, 0x7f, 0x03, 0x8f, 0xe8, 0x5f, 0xb3, 0x3b, 0x8a, 0x4c, 0xbf,
  0x1c, 0xe2, 0x81, 0x13, 0xc1, 0x7f, 0x56, 0x33, 0xda, 0x10, 0x96, 0xfe,
  0xd8, 0x25, 0x86, 0x6c, 0xde, 0x0f, 0x7f, 0x4e, 0x81, 0x0a, 0xed, 0xac,
  0xce, 0x3b, 0x22, 0x9e, 0x24, 0xe0, 0x7f, 0xbd, 0xc4, 0x30, 0xdf, 0xff,
  0xf6, 0x01, 0xf6, 0xf0, 0x27, 0x0a, 0x7f, 0xea, 0xe7, 0x91, 0x7f, 0xa5,
  0xb9, 0xb9, 0x14, 0x7d, 0x81, 0xa8, 0x17, 0x1c, 0x33, 0xf6, 0x05, 0x15,
  0xdc, 0x1f, 0xf8, 0xbc, 0xff, 0x32, 0x52, 0x7f, 0x2b, 0xdf, 0xdf, 0xf1,
  0x19, 0xdd, 0x81, 0xcc, 0xfe, 0xdf, 0x08, 0x81, 0xa9, 0xc2, 0x7d, 0x30,
  0x25, 0xd8, 0x7f, 0xfb, 0x1f, 0xaa, 0x29, 0xcb, 0x7f, 0xa6, 0xc3, 0xcc,
  0x2f, 0xa3, 0x4a, 0xff, 0xcd, 0x15, 0x43, 0x62, 0x7f, 0x7d, 0x93, 0xa4,
  0x86, 0xed, 0xff, 0xff, 0x04, 0x00, 0x00, 0x00, 0x40, 0x00, 0x00, 0x00,
  0xf9, 0xf8, 0xff, 0xff, 0x75, 0xea, 0xff, 0xff, 0xe0, 0x11, 0x00, 0x00,
  0xc8, 0x0a, 0x00, 0x00, 0xf4, 0xee, 0xff, 0xff, 0x76, 0x20, 0x00, 0x00,
  0xd8, 0x03, 0x00, 0x00, 0x35, 0xf7, 0xff, 0xff, 0xba, 0x08, 0x00, 0x00,
  0x4d, 0x0d, 0x00, 0x00, 0x85, 0xfb, 0xff, 0xff, 0x58, 0x1a, 0x00, 0x00,
  0x7a, 0xfe, 0xff, 0xff, 0x3f, 0x00, 0x00, 0x00, 0x41, 0xf7, 0xff, 0xff,
  0xc8, 0x06, 0x00, 0x00, 0xd2, 0xed, 0xff, 0xff, 0x04, 0x00, 0x00, 0x00,
  0xf0, 0x00, 0x00, 0x00, 0xf3, 0xcd, 0xba, 0xfe, 0xec, 0x0a, 0xe7, 0xb5,
  0x5f, 0x27, 0x1c, 0x82, 0x38, 0x19, 0xee, 0x4e, 0xeb, 0x2e, 0x30, 0x20,
  0xb2, 0x09, 0x1d, 0x81, 0x2f, 0xfb, 0xe4, 0x05, 0xda, 0x14, 0xc9, 0xb7,
  0xba, 0x3a, 0x0c, 0x7f, 0x55, 0xf8, 0x1a, 0xce, 0xe4, 0xb2, 0x49, 0x09,
  0xfa, 0xdb, 0x3c, 0xe8, 0xfe, 0x19, 0xe5, 0xf9, 0x28, 0xc3, 0x19, 0xfd,
  0xe5, 0xfe, 0x0b, 0x9c, 0x7f, 0xb7, 0xd5, 0x37, 0xfa, 0x27, 0x4e, 0x04,
  0x81, 0xee, 0x4f, 0xc9, 0x78, 0xef, 0x1a, 0x14, 0x2d, 0x7f, 0xc6, 0xd1,
  0xd8, 0x20, 0x1b, 0x5a, 0xce, 0x81, 0xd2, 0x21, 0x81, 0xea, 0x49, 0xd6,
  0x16, 0xe5, 0x50, 0x08, 0x59, 0xe8, 0xb1, 0xe3, 0xcc, 0x97, 0xb8, 0xdf,
  0xd0, 0x16, 0x0a, 0xab, 0xe5, 0xeb, 0x12, 0x24, 0x5d, 0x7f, 0x63, 0xd2,
  0xc3, 0xf8, 0xfb, 0xc8, 0x0e, 0x48, 0x4e, 0xf0, 0x39, 0x0f, 0x0b, 0x1a,
  0xf6, 0x32, 0x7f, 0x0d, 0xd2, 0xf0, 0x81, 0x35, 0xd5, 0xd7, 0x06, 0x81,
  0x6e, 0x31, 0x7f, 0x7f, 0x4e, 0xe1, 0xbc, 0xf5, 0xee, 0xd2, 0xe6, 0xd0,
  0x14, 0xcd, 0x81, 0xf2, 0xde, 0x27, 0x30, 0x00, 0x7f, 0xfc, 0x25, 0x08,
  0xe5, 0x26, 0xb9, 0xbc, 0x3c, 0x7f, 0xfb, 0xef, 0x35, 0x24, 0x52, 0x12,
  0x1a, 0x1b, 0x52, 0x05, 0xe4, 0x47, 0xc2, 0x26, 0xfa, 0x4f, 0xd2, 0xb2,
  0x05, 0xe1, 0x29, 0x72, 0x0c, 0xf5, 0xe9, 0xe0, 0xe5, 0xe5, 0xf5, 0x87,
  0xee, 0xe4, 0xbb, 0x2f, 0xf2, 0xe0, 0x2a, 0xf4, 0x11, 0xfe, 0xdc, 0xe7,
  0xc9, 0x1e, 0xe7, 0xf0, 0x33, 0x08, 0xf6, 0xea, 0x35, 0x2d, 0x4a, 0x08,
  0x3e, 0x1a, 0x6d, 0x00, 0x19, 0x40, 0x14, 0x29, 0x10, 0x2e, 0x10, 0xda,
  0x20, 0xf8, 0x0c, 0x3e, 0xce, 0xee, 0xff, 0xff, 0x04, 0x00, 0x00, 0x00,
  0x40, 0x00, 0x00, 0x00, 0x6b, 0xfd, 0xff, 0xff, 0x2c, 0x00, 0x00, 0x00,
  0x64, 0xf7, 0xff, 0xff, 0x86, 0x0c, 0x00, 0x00, 0x3c, 0x28, 0x00, 0x00,
  0x25, 0x0f, 0x00, 0x00, 0x6e, 0x11, 0x00, 0x00, 0xf6, 0x1c, 0x00, 0x00,
  0x70, 0xf7, 0xff, 0xff, 0x09, 0xf9, 0xff, 0xff, 0x63, 0x02, 0x00, 0x00,
  0xcd, 0x2a, 0x00, 0x00, 0xfa, 0xf3, 0xff, 0xff, 0x08, 0xfe, 0xff, 0xff,
  0x31, 0x03, 0x00, 0x00, 0xd4, 0xfb, 0xff, 0xff, 0x1a, 0xef, 0xff, 0xff,
  0x04, 0x00, 0x00, 0x00, 0x00, 0x02, 0x00, 0x00, 0x97, 0x19, 0xeb, 0x13,
  0x15, 0x1d, 0x13, 0xe7, 0xd6, 0x81, 0xdc, 0x29, 0x15, 0xfd, 0x57, 0xfe,
  0xe2, 0x11, 0xb8, 0x09, 0x29, 0xe1, 0x3a, 0xd0, 0xf5, 0xc3, 0x10, 0x73,
  0x1e, 0x04, 0x32, 0x81, 0xd7, 0xc5, 0x43, 0x06, 0x07, 0x51, 0x0f, 0xc9,
  0x4a, 0x18, 0x95, 0x0b, 0x44, 0xe5, 0x94, 0x7f, 0x25, 0xe1, 0xdb, 0x03,
  0x0b, 0xf8, 0x81, 0x98, 0xdd, 0xc6, 0xe8, 0x23, 0x40, 0x2d, 0xf1, 0xfb,
  0xb5, 0xa8, 0x10, 0xf0, 0x3d, 0x8a, 0x6b, 0xca, 0x57, 0xfc, 0xfb, 0xfc,
  0xae, 0x51, 0xe6, 0x81, 0x81, 0xfb, 0xe9, 0x18, 0xda, 0x0a, 0xa4, 0xee,
  0xec, 0x1b, 0x20, 0xc5, 0x0c, 0x24, 0x10, 0xe0, 0x11, 0xdc, 0x23, 0xe4,
  0x00, 0xe8, 0x1e, 0xde, 0xfb, 0x02, 0x7f, 0xc1, 0x3e, 0xd5, 0xde, 0xf8,
  0xf6, 0x81, 0x0f, 0xfb, 0xcd, 0x02, 0xfd, 0xe6, 0x00, 0xd4, 0x1d, 0xfe,
  0xc0, 0x15, 0x22, 0x00, 0x09, 0x95, 0xdc, 0x38, 0x0b, 0x0c, 0x35, 0x2d,
  0xd9, 0xe4, 0xd3, 0xed, 0xef, 0x81, 0x01, 0x14, 0xdf, 0xe0, 0x47, 0x12,
  0x06, 0xe6, 0xba, 0x2b, 0xe2, 0xe9, 0x25, 0xd7, 0x98, 0x01, 0x81, 0x11,
  0x9b, 0xc7, 0xcc, 0x3b, 0x5d, 0x40, 0xca, 0xd1, 0xa9, 0x59, 0x7f, 0x40,
  0xd5, 0x2c, 0x2a, 0x8f, 0xb8, 0xb9, 0xed, 0x09, 0x9a, 0xb8, 0x43, 0x81,
  0x1e, 0xda, 0x3d, 0xfe, 0x42, 0xf5, 0x30, 0xf0, 0x0e, 0x04, 0xc3, 0x50,
  0x1e, 0x05, 0xea, 0x7f, 0x01, 0x1b, 0x41, 0xa1, 0xba, 0xd7, 0x1d, 0xdb,
  0xe4, 0xf8, 0xea, 0x81, 0x24, 0x24, 0xf8, 0xed, 0xf3, 0x1e, 0x07, 0xf2,
  0x11, 0xf6, 0xed, 0x24, 0xd1, 0xed, 0x1a, 0xac, 0x03, 0x65, 0x27, 0xe8,
  0x81, 0x10, 0x47, 0x86, 0x07, 0x0d, 0xbc, 0x05, 0xe6, 0x8c, 0x7f, 0x2e,
  0xb3, 0x08, 0xf9, 0x1b, 0xdf, 0x0b, 0x1b, 0x0b, 0xeb, 0xf0, 0xfa, 0xfd,
  0xd6, 0xdf, 0x81, 0xf6, 0xde, 0x47, 0x1d, 0xa8, 0x24, 0x20, 0x1e, 0x43,
  0x22, 0xef, 0xc7, 0xf2, 0xee, 0xac, 0xbc, 0x2d, 0xf4, 0xe3, 0x09, 0x81,
  0xdd, 0x13, 0x06, 0x85, 0xf6, 0xd4, 0x0c, 0x13, 0x81, 0xe2, 0xdc, 0x00,
  0x31, 0x0f, 0x25, 0x16, 0xfd, 0xdf, 0x1c, 0x09, 0x11, 0xf2, 0x45, 0xdb,
  0x81, 0xdc, 0xce, 0x22, 0xed, 0xd8, 0xc7, 0xdf, 0xff, 0xfc, 0x3e, 0x42,
  0xfa, 0x24, 0xfd, 0x03, 0x81, 0xf5, 0xd8, 0x47, 0x28, 0x6c, 0xdd, 0xc2,
  0xff, 0xd3, 0x47, 0xee, 0xe4, 0x3a, 0xe2, 0xa8, 0xc6, 0xee, 0xf7, 0x1f,
  0x0c, 0xee, 0x23, 0xc6, 0xd9, 0x18, 0xe3, 0x1e, 0xf9, 0x02, 0x7f, 0x2b,
  0x90, 0x94, 0x4f, 0xfc, 0x18, 0x81, 0x12, 0x18, 0x54, 0x94, 0x40, 0x0e,
  0xd3, 0xd1, 0xe1, 0xc9, 0x82, 0xd8, 0xb4, 0xcb, 0xf3, 0x4d, 0x33, 0xf5,
  0xfd, 0x33, 0x53, 0xe8, 0xae, 0xbd, 0x7f, 0x02, 0xdd, 0xe9, 0x2c, 0x15,
  0xc2, 0xd6, 0x98, 0xf9, 0x1f, 0x7f, 0x01, 0xbe, 0x9e, 0x25, 0xe2, 0xee,
  0xee, 0xef, 0x40, 0x56, 0x28, 0x1a, 0xf0, 0xdf, 0xbf, 0xc0, 0x04, 0xe1,
  0x81, 0xfc, 0xd3, 0xa1, 0xdb, 0x2a, 0x23, 0xb6, 0x8d, 0x12, 0x02, 0xf3,
  0x21, 0xe5, 0xd5, 0x81, 0xc1, 0x8b, 0x09, 0x03, 0x0b, 0x22, 0x1c, 0xfc,
  0x81, 0x0b, 0xa9, 0xc6, 0xc7, 0x1b, 0x28, 0x6b, 0x14, 0x51, 0xfb, 0xb1,
  0xf6, 0x81, 0xc0, 0x46, 0xb2, 0xc6, 0xc7, 0xe2, 0xee, 0x17, 0x20, 0x31,
  0x0e, 0x28, 0x2c, 0xe9, 0x04, 0xed, 0xb0, 0x0a, 0x5a, 0x3f, 0xab, 0x66,
  0x0c, 0xf1, 0x0f, 0xc9, 0x81, 0xd4, 0x5c, 0x16, 0x1b, 0x33, 0x42, 0x78,
  0x2a, 0x81, 0x43, 0xfb, 0x6a, 0x39, 0xe8, 0x41, 0x00, 0xdb, 0x01, 0x4d,
  0xda, 0xc3, 0xe6, 0x1b, 0xd5, 0x81, 0xe6, 0x3b, 0xe0, 0xeb, 0xd0, 0x1a,
  0xe5, 0x28, 0x52, 0xcb, 0x26, 0xf1, 0xff, 0xff, 0x04, 0x00, 0x00, 0x00,
  0x80, 0x00, 0x00, 0x00, 0x05, 0xf2, 0xff, 0xff, 0x62, 0xf1, 0xff, 0xff,
  0x65, 0xfb, 0xff, 0xff, 0xba, 0x02, 0x00, 0x00, 0x3e, 0x07, 0x00, 0x00,
  0x33, 0x08, 0x00, 0x00, 0xf5, 0xfb, 0xff, 0xff, 0x70, 0x02, 0x00, 0x00,
  0xb4, 0xf7, 0xff, 0xff, 0xc7, 0x0e, 0x00, 0x00, 0x0f, 0xfc, 0xff, 0xff,
  0x6f, 0x05, 0x00, 0x00, 0xa1, 0x00, 0x00, 0x00, 0xfd, 0x02, 0x00, 0x00,
  0x88, 0x04, 0x00, 0x00, 0x5c, 0xf3, 0xff, 0xff, 0x8a, 0x01, 0x00, 0x00,
  0x47, 0x0d, 0x00, 0x00, 0x55, 0xee, 0xff, 0xff, 0x31, 0xfd, 0xff, 0xff,
  0x94, 0xf3, 0xff, 0xff, 0xfd, 0xed, 0xff, 0xff, 0x3a, 0x03, 0x00, 0x00,
  0x1c, 0xed, 0xff, 0xff, 0xe0, 0x0c, 0x00, 0x00, 0xee, 0x02, 0x00, 0x00,
  0x4c, 0x16, 0x00, 0x00, 0xd6, 0xf3, 0xff, 0xff, 0xb7, 0xfc, 0xff, 0xff,
  0x80, 0xf8, 0xff, 0xff, 0x29, 0xe0, 0xff, 0xff, 0xa2, 0xfd, 0xff, 0xff,
  0xb2, 0xf1, 0xff, 0xff, 0x04, 0x00, 0x00, 0x00, 0xe0, 0x01, 0x00, 0x00,
  0xea, 0x31, 0x03, 0x20, 0xcb, 0xe7, 0x29, 0x49, 0xe6, 0xdd, 0x32, 0x4b,
  0x7c, 0x52, 0xee, 0x7f, 0x4b, 0xff, 0xdb, 0x7f, 0xc8, 0xda, 0x7f, 0x0f,
  0xfa, 0x1c, 0x22, 0xd1, 0x3f, 0x17, 0xea, 0x81, 0xf2, 0xf1, 0xdc, 0x06,
  0x04, 0x03, 0x63, 0xee, 0xe2, 0xfd, 0xef, 0xf5, 0x1b, 0x1d, 0x02, 0x58,
  0x13, 0x4e, 0xe3, 0x02, 0xe6, 0xd2, 0x3a, 0xc7, 0x25, 0xa0, 0xe7, 0xdc,
  0x16, 0x65, 0x9b, 0xf7, 0x2a, 0x58, 0x2b, 0xeb, 0xeb, 0x47, 0xed, 0x81,
  0xe4, 0xcb, 0x1a, 0x26, 0x01, 0xbc, 0xfe, 0x29, 0xe1, 0xef, 0xcf, 0x45,
  0xc3, 0xfe, 0x75, 0xf3, 0x04, 0x54, 0xf6, 0x19, 0x12, 0x70, 0x81, 0x31,
  0xbc, 0x3c, 0x34, 0xc9, 0xf6, 0x1c, 0x30, 0x0d, 0xf4, 0xdf, 0x06, 0x3f,
  0x6a, 0x0d, 0x7f, 0x19, 0x7f, 0x92, 0xd8, 0xdd, 0x52, 0x3d, 0x61, 0x63,
  0xbd, 0x30, 0x7f, 0xeb, 0x25, 0xac, 0x13, 0xfb, 0xde, 0xe0, 0x2a, 0x09,
  0x07, 0xf2, 0xec, 0xf7, 0xef, 0xf2, 0xb8, 0xd4, 0xbb, 0x36, 0xcb, 0x1b,
  0x46, 0x54, 0xf4, 0x23, 0xf8, 0xd3, 0x11, 0xea, 0xcb, 0x99, 0xb7, 0xdb,
  0x24, 0xec, 0xe8, 0xd5, 0x52, 0x7f, 0x7f, 0xf5, 0xdc, 0x43, 0xe7, 0x8b,
  0xd3, 0xef, 0x22, 0xdc, 0xa5, 0x0c, 0xc2, 0x0c, 0xd3, 0x0b, 0xd6, 0x6d,
  0xcd, 0x21, 0x5f, 0x18, 0xda, 0xd2, 0xda, 0x4e, 0xe3, 0xbe, 0xd2, 0xfb,
  0x12, 0x4c, 0x1e, 0xc2, 0x7f, 0xc4, 0x7f, 0x1e, 0x11, 0xad, 0x1e, 0x16,
  0x7f, 0x00, 0x4f, 0x07, 0x22, 0xcc, 0xf4, 0xbb, 0x5a, 0x14, 0xb4, 0x62,
  0xe5, 0x7f, 0x36, 0x12, 0xde, 0x4d, 0xe8, 0xd3, 0xc6, 0x08, 0x2f, 0xde,
  0x4c, 0xb3, 0x29, 0x25, 0xf7, 0xef, 0x81, 0xbd, 0xf2, 0xfa, 0x0c, 0xf4,
  0x2d, 0x1b, 0x1d, 0x06, 0x09, 0xb9, 0xe7, 0xdf, 0xaf, 0xef, 0x5b, 0x04,
  0x12, 0x30, 0xb9, 0xb3, 0x7f, 0x6f, 0x46, 0x33, 0x64, 0x81, 0x1e, 0xcd,
  0xd3, 0xa5, 0x67, 0xe1, 0xe2, 0x7f, 0x8a, 0x00, 0x0f, 0x02, 0x2c, 0xc2,
  0x5e, 0x24, 0x84, 0x21, 0x81, 0xc6, 0xd1, 0x63, 0x64, 0x0a, 0x03, 0x00,
  0x12, 0x19, 0xf9, 0xd7, 0x1b, 0xfd, 0xd6, 0x09, 0x01, 0x0c, 0xfc, 0xf6,
  0x4f, 0x16, 0xb4, 0x14, 0x08, 0x7b, 0x53, 0xf4, 0xdb, 0xa9, 0xde, 0x27,
  0x59, 0xed, 0xd0, 0x20, 0xc4, 0xfc, 0xec, 0xa5, 0xdd, 0xef, 0xec, 0xd0,
  0xf9, 0xd1, 0x0a, 0xeb, 0xfc, 0x1b, 0xa5, 0xfe, 0xea, 0x0e, 0xcc, 0xe2,
  0xf1, 0xef, 0xe5, 0xf1, 0x81, 0xed, 0xd8, 0xf4, 0x49, 0x20, 0x28, 0xf8,
  0xcf, 0xe1, 0x27, 0xd5, 0xc2, 0x59, 0xe6, 0xfb, 0xda, 0xa7, 0xa1, 0xbf,
  0xdb, 0x81, 0x3f, 0x3f, 0x04, 0x61, 0xd8, 0x14, 0x4a, 0xa7, 0xee, 0xd1,
  0x36, 0x3d, 0x9f, 0xf5, 0x7d, 0xdc, 0xf0, 0x1e, 0xf4, 0xb5, 0x5b, 0x02,
  0xe6, 0x5c, 0xf5, 0x81, 0xf5, 0xdf, 0x12, 0x3d, 0xc2, 0x1e, 0x0a, 0x81,
  0xed, 0xc2, 0xcf, 0x01, 0xf1, 0x7f, 0x69, 0xf9, 0xb9, 0xc6, 0x98, 0x2f,
  0x3b, 0x34, 0xfd, 0x7f, 0x84, 0x81, 0x1e, 0xf8, 0x08, 0x21, 0x0e, 0xbf,
  0xef, 0x09, 0x59, 0xff, 0xd4, 0x24, 0xe5, 0xd4, 0xeb, 0xea, 0xea, 0xa9,
  0xf9, 0x9a, 0x81, 0x20, 0xec, 0x66, 0x32, 0x04, 0x0f, 0x17, 0x0a, 0x42,
  0xc3, 0xa2, 0x36, 0xef, 0xa2, 0x36, 0xfb, 0xf3, 0x19, 0x03, 0xdf, 0xe7,
  0x81, 0xda, 0x2e, 0xf4, 0x0f, 0xac, 0xe1, 0xca, 0x25, 0x08, 0xdd, 0xcb,
  0xd2, 0x7f, 0xef, 0x81, 0x3e, 0xc9, 0x0b, 0xc2, 0x81, 0xc0, 0x2d, 0xf6,
  0x9e, 0xf3, 0xff, 0xff, 0x04, 0x00, 0x00, 0x00, 0x80, 0x00, 0x00, 0x00,
  0x80, 0x01, 0x00, 0x00, 0xe0, 0xeb, 0xff, 0xff, 0x4d, 0xfd, 0xff, 0xff,
  0xb7, 0x0f, 0x00, 0x00, 0x80, 0xf5, 0xff, 0xff, 0x65, 0x0b, 0x00, 0x00,
  0x8d, 0xfb, 0xff, 0xff, 0x1f, 0x0c, 0x00, 0x00, 0x6a, 0x05, 0x00, 0x00,
  0x39, 0x10, 0x00, 0x00, 0x37, 0x03, 0x00, 0x00, 0x06, 0x0d, 0x00, 0x00,
  0x0a, 0x01, 0x00, 0x00, 0xb2, 0xfa, 0xff, 0xff, 0x83, 0x15, 0x00, 0x00,
  0x2d, 0x05, 0x00, 0x00, 0xd9, 0xf1, 0xff, 0xff, 0x94, 0xfe, 0xff, 0xff,
  0xa4, 0x02, 0x00, 0x00, 0xf2, 0xfd, 0xff, 0xff, 0xdb, 0x01, 0x00, 0x00,
  0xe9, 0xfe, 0xff, 0xff, 0x92, 0xfe, 0xff, 0xff, 0x57, 0xfe, 0xff, 0xff,
  0x16, 0x0e, 0x00, 0x00, 0x05, 0xfd, 0xff, 0xff, 0xfa, 0xff, 0xff, 0xff,
  0xab, 0x01, 0x00, 0x00, 0xd4, 0x1c, 0x00, 0x00, 0xd6, 0x10, 0x00, 0x00,
  0x69, 0x08, 0x00, 0x00, 0x40, 0x1d, 0x00, 0x00, 0x2a, 0xf4, 0xff, 0xff,
  0x04, 0x00, 0x00, 0x00, 0x00, 0x04, 0x00, 0x00, 0xcf, 0xba, 0x12, 0x81,
  0x28, 0x44, 0x31, 0xe6, 0xbf, 0xfe, 0x94, 0x9d, 0x01, 0x2d, 0xd2, 0xe8,
  0x02, 0x27, 0x5c, 0x48, 0xf5, 0xb2, 0x3b, 0x03, 0x55, 0x44, 0xe4, 0xa7,
  0x0b, 0x2e, 0x40, 0x92, 0x02, 0xd5, 0x0b, 0x3b, 0xc9, 0xfb, 0xfb, 0xc4,
  0xd8, 0xd5, 0xf0, 0x36, 0xfb, 0xf2, 0xfd, 0x13, 0xda, 0x0f, 0xd8, 0x15,
  0xe9, 0xfe, 0x2b, 0x3d, 0x0c, 0x45, 0x3a, 0x89, 0x38, 0x81, 0xe2, 0xfe,
  0x1a, 0x47, 0xd3, 0x09, 0x03, 0x05, 0xe6, 0xc5, 0x0c, 0x40, 0xb4, 0xfd,
  0xf8, 0xfc, 0x23, 0x81, 0x14, 0xfe, 0xc0, 0x36, 0xae, 0xbc, 0x1e, 0xe3,
  0xd3, 0x07, 0x1c, 0xeb, 0x30, 0xbf, 0xb3, 0x43, 0x1d, 0x20, 0x0b, 0xac,
  0xeb, 0xb9, 0x81, 0x0a, 0x1d, 0x1a, 0xf1, 0x8f, 0xdd, 0xf5, 0x11, 0xd4,
  0x4e, 0xe6, 0xb3, 0xe0, 0xc6, 0xe6, 0xd6, 0xfe, 0xcb, 0xe5, 0xe8, 0xfd,
  0x07, 0xed, 0xf5, 0xe3, 0x31, 0xc8, 0xe5, 0x0c, 0xf3, 0xdf, 0x2b, 0x2b,
  0xec, 0x02, 0xd8, 0xbd, 0x0c, 0xc5, 0xc4, 0xd9, 0xe8, 0x04, 0x3f, 0x02,
  0x16, 0x27, 0x14, 0xeb, 0xee, 0xc4, 0xeb, 0xf5, 0xf1, 0x0d, 0x81, 0x11,
  0x28, 0x81, 0xca, 0xf4, 0x9b, 0xfa, 0xcb, 0xeb, 0xf3, 0xee, 0x3a, 0xcd,
  0x09, 0x04, 0xf8, 0xf1, 0x0a, 0x34, 0x1e, 0xd2, 0xb9, 0x03, 0x2c, 0xd1,
  0x31, 0xfa, 0xd6, 0xbf, 0xab, 0x05, 0x31, 0x9d, 0xb7, 0x0b, 0xff, 0xf2,
  0xfd, 0xeb, 0xf4, 0x4b, 0xa9, 0xa3, 0xab, 0x47, 0xcd, 0xa7, 0xe8, 0xb2,
  0x2a, 0xef, 0xce, 0x62, 0xb0, 0x21, 0x27, 0xd9, 0x18, 0xca, 0xf1, 0xf1,
  0x81, 0x06, 0x53, 0x05, 0xde, 0xe3, 0xae, 0xe4, 0x7a, 0x26, 0xf5, 0x07,
  0xea, 0x01, 0x3a, 0x6d, 0xa3, 0xd0, 0x0a, 0x19, 0xdb, 0x0c, 0x0d, 0x7f,
  0x1d, 0xff, 0x5e, 0x0f, 0x63, 0xc9, 0x35, 0xe8, 0xf2, 0xcc, 0x05, 0xc5,
  0xf7, 0xf3, 0x81, 0x4d, 0x06, 0x08, 0x2e, 0x0c, 0x5c, 0x67, 0xea, 0x0d,
  0x11, 0xf4, 0xcc, 0x1b, 0x0a, 0xb5, 0xdc, 0xdc, 0x0b, 0xe1, 0x0b, 0xfb,
  0x2f, 0x44, 0xac, 0x02, 0x31, 0x01, 0xfc, 0x1a, 0xe0, 0x44, 0xce, 0x20,
  0x93, 0xcf, 0xe4, 0xdf, 0x3a, 0x3e, 0x3b, 0x44, 0xea, 0x29, 0x6c, 0xd2,
  0x04, 0x26, 0x62, 0x00, 0xdd, 0xb3, 0xe5, 0x30, 0x42, 0x31, 0xd7, 0x01,
  0xe3, 0x81, 0xfd, 0xf7, 0x1e, 0x26, 0x19, 0x81, 0xa9, 0xe4, 0xee, 0xec,
  0xe4, 0xe9, 0x04, 0xdb, 0xed, 0x1f, 0xe2, 0xc4, 0x2c, 0xde, 0xba, 0xbb,
  0xd4, 0x2d, 0xdc, 0x0f, 0xec, 0xa3, 0xfd, 0x5a, 0x01, 0xee, 0xf6, 0x9e,
  0xda, 0x21, 0x09, 0xf6, 0x32, 0x27, 0xfd, 0xe3, 0x2f, 0x63, 0x1e, 0x35,
  0x81, 0xcd, 0x1c, 0xf4, 0xcc, 0x5c, 0x96, 0xfc, 0x35, 0xe5, 0x1a, 0xf7,
  0x01, 0x23, 0xed, 0x12, 0x59, 0xa3, 0xc0, 0x1e, 0xe4, 0x36, 0xff, 0x12,
  0x24, 0x16, 0xea, 0xe3, 0xdb, 0x09, 0x19, 0x7f, 0xcc, 0xe1, 0x03, 0xed,
  0x25, 0x16, 0xe4, 0xf3, 0x06, 0xca, 0x21, 0xdf, 0x68, 0xe5, 0x1b, 0xea,
  0xca, 0xdb, 0xfa, 0xdc, 0xe5, 0xcb, 0x06, 0x13, 0x28, 0xb6, 0xf3, 0xd3,
  0x10, 0xf0, 0x5d, 0x15, 0xc4, 0xbc, 0x0c, 0xd1, 0xc4, 0x7f, 0xc1, 0x02,
  0x1f, 0xd9, 0x29, 0xd7, 0x18, 0xd0, 0x01, 0xec, 0x39, 0x00, 0x24, 0x07,
  0xd5, 0xdc, 0x94, 0x4a, 0x4f, 0xbf, 0xe4, 0xc8, 0xf6, 0x2f, 0x3a, 0xcb,
  0x81, 0xaa, 0x5d, 0xe8, 0xd3, 0x37, 0x45, 0x6d, 0x3d, 0xb8, 0x42, 0xbe,
  0x2f, 0xcb, 0x40, 0xc8, 0x29, 0xfb, 0xc6, 0xf6, 0xe9, 0x11, 0xd8, 0x37,
  0xb3, 0xd1, 0x1b, 0xbb, 0xff, 0x54, 0x56, 0x7b, 0xcd, 0xe4, 0xca, 0xde,
  0xa4, 0xd5, 0x43, 0xfc, 0x81, 0x22, 0xfc, 0x05, 0x95, 0xf5, 0x17, 0xca,
  0x22, 0xec, 0x22, 0x5f, 0xf6, 0xee, 0xff, 0xa5, 0xe4, 0xae, 0x43, 0xb0,
  0xd7, 0xb8, 0xa6, 0xcd, 0xd5, 0x5f, 0xaf, 0x03, 0x3d, 0x0c, 0x81, 0xdc,
  0x0c, 0xd8, 0x27, 0xcf, 0xab, 0x21, 0x9a, 0xed, 0x0b, 0xf6, 0xfd, 0x03,
  0x02, 0xd9, 0xfd, 0x78, 0xe0, 0x01, 0xd9, 0x91, 0xf5, 0xeb, 0x1f, 0x57,
  0x51, 0xff, 0x81, 0x4e, 0xd8, 0xe4, 0xe7, 0xc9, 0xe0, 0xf9, 0xe5, 0xeb,
  0x17, 0x51, 0x15, 0xb0, 0xf3, 0x3b, 0x2d, 0xee, 0x3f, 0xf7, 0xa4, 0x12,
  0x4d, 0x12, 0xde, 0xc0, 0xb1, 0xb5, 0xd9, 0xc9, 0xda, 0xf5, 0xb6, 0xe2,
  0x42, 0x05, 0xf8, 0x1e, 0x48, 0xfd, 0x4d, 0x00, 0xd3, 0x6c, 0xaf, 0x81,
  0x79, 0xab, 0x12, 0x12, 0x96, 0xf2, 0xfb, 0xef, 0x25, 0x07, 0x12, 0xa9,
  0x14, 0xf6, 0x21, 0xdf, 0x81, 0xa9, 0x27, 0xd9, 0xbb, 0x15, 0x25, 0x4b,
  0x2d, 0x65, 0x31, 0x1f, 0xe4, 0x9d, 0x1d, 0xf8, 0x92, 0x0a, 0xe1, 0xed,
  0xc5, 0xcc, 0x81, 0x01, 0x34, 0xb6, 0xcd, 0xc2, 0xc3, 0xe1, 0x42, 0xeb,
  0xad, 0xc6, 0x50, 0xbb, 0xab, 0x35, 0x32, 0x65, 0x3d, 0xd9, 0x45, 0xbf,
  0x46, 0xcd, 0x4f, 0xdc, 0x12, 0xc6, 0xfe, 0x38, 0x1c, 0xeb, 0x81, 0xe3,
  0x09, 0x87, 0x01, 0xdb, 0x5c, 0x03, 0x67, 0xdf, 0xef, 0x00, 0xfd, 0x57,
  0xec, 0x50, 0xd9, 0xd0, 0x9e, 0x4e, 0xa0, 0x9a, 0xf3, 0x2e, 0x31, 0xa0,
  0x40, 0x02, 0xec, 0xfb, 0x48, 0x6a, 0xce, 0x6d, 0x13, 0xd2, 0x31, 0xd4,
  0x42, 0x52, 0x09, 0xd0, 0xfd, 0x0c, 0xdc, 0xb7, 0xcc, 0x2a, 0x17, 0xef,
  0xff, 0x12, 0x0d, 0xd5, 0x3b, 0x17, 0xda, 0xfb, 0xc8, 0x2b, 0x81, 0x36,
  0xcd, 0x36, 0xec, 0x29, 0x21, 0x54, 0xf3, 0x21, 0x7f, 0x72, 0x44, 0x11,
  0xf2, 0xe1, 0xfd, 0x36, 0xae, 0xc9, 0x0a, 0x42, 0x0b, 0x07, 0x17, 0xf7,
  0xc4, 0xec, 0xda, 0x0b, 0x2b, 0xac, 0xb5, 0xdd, 0xd7, 0xe4, 0xf4, 0x2a,
  0x30, 0x0e, 0xa9, 0x02, 0x49, 0x14, 0x3c, 0x3f, 0xdc, 0xfc, 0xb0, 0xf1,
  0xfd, 0x16, 0x81, 0x8f, 0xc9, 0xe9, 0xa5, 0x1f, 0xd5, 0xdf, 0xa9, 0xc3,
  0xeb, 0xe0, 0x9c, 0xf1, 0x86, 0xb7, 0xf5, 0xfc, 0xec, 0x81, 0xe9, 0xc4,
  0xe4, 0xdf, 0x77, 0x6c, 0x18, 0xcd, 0x05, 0xd5, 0x34, 0xab, 0xfe, 0x10,
  0xef, 0xeb, 0xe1, 0xa0, 0xc3, 0x0d, 0xe5, 0xc9, 0xf0, 0xbe, 0x1e, 0xe9,
  0xf6, 0xce, 0x17, 0x50, 0xfe, 0xbf, 0x4a, 0x15, 0x36, 0xf2, 0x08, 0xc0,
  0xc2, 0x16, 0x2f, 0xd5, 0x34, 0x63, 0x2e, 0x1b, 0x19, 0x02, 0x7f, 0xde,
  0xff, 0x2c, 0x95, 0xad, 0xc7, 0x49, 0xce, 0xf2, 0xa6, 0xe3, 0x2c, 0xed,
  0xa9, 0xb8, 0x38, 0x15, 0x32, 0x34, 0x15, 0xe2, 0x14, 0xe6, 0x73, 0xd6,
  0x29, 0xc2, 0xcd, 0xfd, 0x04, 0x1d, 0xdb, 0xdb, 0xc2, 0xf1, 0xcf, 0x12,
  0x81, 0x39, 0xc9, 0xc1, 0xe5, 0xf4, 0x04, 0xf2, 0xff, 0x0a, 0xf3, 0xfc,
  0xb9, 0xc4, 0xae, 0x1b, 0xf3, 0x16, 0xf5, 0xba, 0xea, 0xa0, 0x2d, 0xd9,
  0xd1, 0x6c, 0x81, 0x48, 0xed, 0x2a, 0xec, 0xce, 0xee, 0xfe, 0xe0, 0x49,
  0x33, 0x0c, 0xf2, 0xc3, 0x13, 0x09, 0x7f, 0xe2, 0x3b, 0xfa, 0x2c, 0xf0,
  0xde, 0x0c, 0xf7, 0xe3, 0x2a, 0x14, 0x16, 0x14, 0x08, 0x10, 0xdd, 0x07,
  0x03, 0xcd, 0xad, 0xbe, 0x1e, 0x47, 0xe8, 0xf0, 0x19, 0x3a, 0xea, 0x22,
  0x12, 0x0f, 0xe4, 0x93, 0xec, 0xcc, 0x31, 0xe5, 0x81, 0xa2, 0x00, 0xa8,
  0xe5, 0x25, 0xb1, 0x2d, 0x43, 0xfa, 0x35, 0xfe, 0x45, 0xb0, 0xdf, 0xfd,
  0x06, 0xdf, 0xfe, 0xe5, 0x6a, 0xc8, 0x4a, 0x35, 0x31, 0xac, 0x27, 0x07,
  0x05, 0x1b, 0x27, 0x10, 0x06, 0xfc, 0xd0, 0xe9, 0x2b, 0x41, 0x2e, 0x06,
  0x24, 0x61, 0xf2, 0x81, 0xf6, 0x36, 0xfa, 0xd8, 0x27, 0xd3, 0x06, 0xe8,
  0x36, 0xf8, 0xff, 0xff, 0x04, 0x00, 0x00, 0x00, 0x80, 0x00, 0x00, 0x00,
  0x95, 0xfb, 0xff, 0xff, 0xcb, 0xf8, 0xff, 0xff, 0xc1, 0xff, 0xff, 0xff,
  0x27, 0x1f, 0x00, 0x00, 0xba, 0x0d, 0x00, 0x00, 0x2b, 0x09, 0x00, 0x00,
  0x04, 0x08, 0x00, 0x00, 0x29, 0xe4, 0xff, 0xff, 0xd9, 0xe6, 0xff, 0xff,
  0x68, 0xe0, 0xff, 0xff, 0x4f, 0x2b, 0x00, 0x00, 0x43, 0xed, 0xff, 0xff,
  0xbe, 0xef, 0xff, 0xff, 0x54, 0xf8, 0xff, 0xff, 0x71, 0xee, 0xff, 0xff,
  0x4d, 0xea, 0xff, 0xff, 0xfc, 0x22, 0x00, 0x00, 0x9d, 0xf7, 0xff, 0xff,
  0x85, 0x08, 0x00, 0x00, 0x74, 0x02, 0x00, 0x00, 0x7f, 0xff, 0xff, 0xff,
  0x88, 0x00, 0x00, 0x00, 0xd2, 0xf0, 0xff, 0xff, 0xfb, 0xdb, 0xff, 0xff,
  0x40, 0x11, 0x00, 0x00, 0xc3, 0x09, 0x00, 0x00, 0x83, 0xf1, 0xff, 0xff,
  0x6d, 0x10, 0x00, 0x00, 0xdc, 0x0d, 0x00, 0x00, 0x95, 0xf6, 0xff, 0xff,
  0xa5, 0x21, 0x00, 0x00, 0x8d, 0xe6, 0xff, 0xff, 0xc2, 0xf8, 0xff, 0xff,
  0x04, 0x00, 0x00, 0x00, 0xe0, 0x01, 0x00, 0x00, 0x14, 0x11, 0xf7, 0xf7,
  0x81, 0xe1, 0xa4, 0xcd, 0x00, 0x3d, 0xec, 0xb6, 0x26, 0x63, 0x96, 0xc3,
  0x81, 0x7f, 0x1e, 0xf4, 0x26, 0x61, 0xdc, 0x3a, 0x27, 0x12, 0x81, 0x15,
  0xd9, 0x0c, 0x06, 0xe5, 0x4f, 0x4b, 0xc2, 0x19, 0xd0, 0x4b, 0x10, 0x7f,
  0x39, 0x2a, 0xe7, 0x27, 0xf6, 0x3e, 0x9e, 0xa0, 0xd2, 0x48, 0x33, 0x0b,
  0x48, 0x63, 0x6a, 0x3d, 0xb6, 0x40, 0xd4, 0xdb, 0xdb, 0xc9, 0xb7, 0xe5,
  0x6e, 0x72, 0xb8, 0x1c, 0x15, 0x9c, 0xa4, 0x13, 0x85, 0xb6, 0xd5, 0x66,
  0xbd, 0xf1, 0xb5, 0x81, 0x3b, 0x44, 0x37, 0x0e, 0x5f, 0x7f, 0xd7, 0x7f,
  0x25, 0xf3, 0x4d, 0xd7, 0xbd, 0x9d, 0x81, 0x1c, 0x6e, 0x00, 0xe9, 0x7f,
  0xeb, 0x6b, 0xb9, 0xba, 0x91, 0x31, 0x08, 0xbd, 0x17, 0x45, 0x81, 0xc3,
  0xe5, 0x2a, 0x35, 0x00, 0x62, 0x59, 0xd2, 0x0d, 0xee, 0xff, 0x9e, 0xc6,
  0xac, 0xd0, 0x15, 0x7f, 0x50, 0x42, 0xce, 0x2e, 0xf4, 0x71, 0x11, 0x77,
  0xf1, 0x1b, 0xde, 0x59, 0xf4, 0x0d, 0xa2, 0xed, 0xe3, 0x16, 0x1d, 0x06,
  0x2b, 0x64, 0x34, 0x24, 0xf5, 0x03, 0xa4, 0x9d, 0xed, 0x9c, 0xc5, 0x56,
  0x4b, 0x53, 0xd3, 0x56, 0x42, 0xc6, 0xad, 0xc3, 0xbe, 0x2f, 0xe6, 0x55,
  0x81, 0xda, 0xd4, 0x26, 0x2e, 0x21, 0x29, 0x1e, 0x5b, 0x14, 0xdd, 0x21,
  0x3e, 0xda, 0x33, 0xbc, 0xce, 0xa7, 0x9f, 0x6f, 0x3a, 0x12, 0xed, 0x72,
  0xeb, 0x62, 0xb6, 0xbe, 0xcb, 0x29, 0x2d, 0xe7, 0x36, 0x2f, 0x37, 0x67,
  0x32, 0x01, 0x4a, 0x11, 0x59, 0x61, 0xc4, 0x1e, 0xa0, 0xed, 0xf8, 0x86,
  0x81, 0x16, 0xd1, 0x26, 0x2c, 0x6c, 0xda, 0x35, 0xf4, 0x3c, 0xfd, 0x6b,
  0x55, 0x4c, 0xf8, 0x60, 0xec, 0xf5, 0xd6, 0x61, 0x11, 0x0e, 0x3d, 0x19,
  0x68, 0x29, 0x48, 0x5d, 0xdc, 0xe5, 0x94, 0x96, 0xca, 0xee, 0xb6, 0x2d,
  0x40, 0x7f, 0xd1, 0x48, 0x37, 0xed, 0xd2, 0xa4, 0xee, 0x7f, 0xed, 0x1f,
  0xa0, 0xcb, 0x91, 0x42, 0x41, 0x17, 0x30, 0x1a, 0x6d, 0x1c, 0xdb, 0x69,
  0x51, 0x29, 0x18, 0xbe, 0xe9, 0x5b, 0xc3, 0x2f, 0x3b, 0x3b, 0xe1, 0x25,
  0xd4, 0x63, 0xd7, 0xb3, 0xae, 0x17, 0x1c, 0x49, 0x34, 0xe5, 0x35, 0xf7,
  0x47, 0x1a, 0x39, 0x56, 0xd5, 0x0f, 0xc2, 0x2b, 0x2e, 0x07, 0x21, 0xa9,
  0xd6, 0x2b, 0xeb, 0xb3, 0x31, 0x57, 0xc4, 0x3c, 0xe6, 0x61, 0x27, 0x6d,
  0x31, 0x48, 0x31, 0x39, 0xe7, 0xe8, 0x40, 0x2b, 0x0c, 0x10, 0x27, 0x38,
  0x25, 0x27, 0x35, 0x49, 0x2b, 0x03, 0xac, 0xae, 0x1a, 0x22, 0xc5, 0xa1,
  0x2f, 0x2d, 0xe1, 0x37, 0x17, 0x41, 0x9b, 0xbc, 0x5c, 0x76, 0x3b, 0x4f,
  0x9a, 0xf2, 0x0d, 0x30, 0xf2, 0x2a, 0x3a, 0x29, 0x7f, 0x48, 0x01, 0x63,
  0x3f, 0x26, 0xf6, 0xcd, 0xc6, 0x7f, 0xe0, 0x82, 0x3d, 0x4e, 0x8b, 0x27,
  0x1a, 0x18, 0xd5, 0x90, 0xc0, 0xe1, 0x51, 0x76, 0x56, 0x95, 0x2d, 0x66,
  0x77, 0x14, 0x7f, 0x7f, 0x03, 0xe2, 0x81, 0x41, 0x95, 0x1c, 0x64, 0x8a,
  0x1b, 0xce, 0xcc, 0x07, 0x7f, 0x52, 0x81, 0x33, 0x08, 0x07, 0x29, 0x70,
  0x9c, 0x03, 0x7f, 0x7f, 0xd8, 0x81, 0x33, 0x4a, 0xdf, 0x0a, 0x55, 0x7f,
  0xa3, 0xff, 0x30, 0x20, 0x1b, 0x52, 0xe6, 0x92, 0x41, 0x0c, 0xc3, 0x03,
  0x5e, 0x16, 0xa1, 0xf4, 0x1d, 0x7f, 0x81, 0x06, 0x7f, 0x4b, 0x6a, 0x5b,
  0xc1, 0xd8, 0x56, 0x65, 0x84, 0x1c, 0xde, 0x5a, 0xe8, 0x53, 0x2e, 0x47,
  0x81, 0x7f, 0xd4, 0x81, 0x4e, 0xfb, 0xcb, 0x16, 0xae, 0xfa, 0xff, 0xff,
  0x04, 0x00, 0x00, 0x00, 0x80, 0x00, 0x00, 0x00, 0xd9, 0xdb, 0xff, 0xff,
  0x47, 0xcc, 0xff, 0xff, 0x6c, 0x0c, 0x00, 0x00, 0x44, 0xf4, 0xff, 0xff,
  0x3d, 0x03, 0x00, 0x00, 0x7d, 0xe7, 0xff, 0xff, 0xa8, 0x0b, 0x00, 0x00,
  0x48, 0xf2, 0xff, 0xff, 0xdb, 0xfb, 0xff, 0xff, 0x7f, 0xe6, 0xff, 0xff,
  0x05, 0xf2, 0xff, 0xff, 0xa2, 0xdf, 0xff, 0xff, 0x68, 0x0c, 0x00, 0x00,
  0x8a, 0x02, 0x00, 0x00, 0x69, 0xfa, 0xff, 0xff, 0xbc, 0xfa, 0xff, 0xff,
  0x79, 0xf9, 0xff, 0xff, 0x7c, 0xe3, 0xff, 0xff, 0x39, 0xe7, 0xff, 0xff,
  0xee, 0xf3, 0xff, 0xff, 0xbe, 0xe0, 0xff, 0xff, 0x6e, 0xe2, 0xff, 0xff,
  0x62, 0xf2, 0xff, 0xff, 0x14, 0xf1, 0xff, 0xff, 0xee, 0xfb, 0xff, 0xff,
  0x54, 0xfc, 0xff, 0xff, 0x9a, 0x04, 0x00, 0x00, 0xc2, 0x2c, 0x00, 0x00,
  0xe0, 0x0b, 0x00, 0x00, 0x9d, 0xfc, 0xff, 0xff, 0xa5, 0x2d, 0x00, 0x00,
  0xf0, 0xf3, 0xff, 0xff, 0x3a, 0xfb, 0xff, 0xff, 0x04, 0x00, 0x00, 0x00,
  0x00, 0x04, 0x00, 0x00, 0xbf, 0x46, 0x0c, 0xc3, 0xcf, 0xfd, 0xcc, 0xf3,
  0xec, 0x3f, 0xb0, 0xcc, 0xaa, 0xbd, 0x81, 0x06, 0x15, 0x97, 0xff, 0xf2,
  0xa7, 0x36, 0x51, 0xd1, 0xb2, 0x30, 0xc8, 0xb9, 0xb8, 0x5c, 0xa6, 0x21,
  0xc7, 0x58, 0x41, 0xca, 0xca, 0xe1, 0xb8, 0xfa, 0xf2, 0x30, 0xa1, 0xc7,
  0xa5, 0xb0, 0x89, 0xe6, 0x48, 0x90, 0x3c, 0xe4, 0xbe, 0x3d, 0x32, 0xc6,
  0xb2, 0x1f, 0xdb, 0xc1, 0xd6, 0x62, 0x81, 0x20, 0x4d, 0xd4, 0xcc, 0xfb,
  0xee, 0x4e, 0x03, 0x54, 0x3d, 0xd5, 0xf2, 0x2a, 0x08, 0x15, 0x51, 0x45,
  0xba, 0xd4, 0x8e, 0xa9, 0x4a, 0xd2, 0x81, 0xc7, 0x01, 0x1f, 0x43, 0x28,
  0xf7, 0x08, 0xfe, 0xca, 0x53, 0xca, 0xbd, 0xfc, 0xf6, 0x57, 0x17, 0x5d,
  0x33, 0xd5, 0xf4, 0x3e, 0x01, 0x1b, 0x5d, 0x51, 0xbc, 0xd7, 0x84, 0x9c,
  0x53, 0xdf, 0x81, 0xab, 0x10, 0x25, 0x3c, 0x33, 0xfc, 0x03, 0x02, 0xbd,
  0xdf, 0x59, 0x16, 0xc4, 0xcd, 0xe4, 0xc4, 0xee, 0xe8, 0x3f, 0xa2, 0xc6,
  0xa5, 0xb2, 0x81, 0xf7, 0x38, 0x8f, 0x0e, 0xe8, 0xaa, 0x40, 0x48, 0xcd,
  0xbb, 0x2e, 0xd5, 0xb6, 0xc3, 0x5e, 0x96, 0x28, 0x42, 0xc3, 0xc1, 0xed,
  0xea, 0x4a, 0xf2, 0x48, 0x3e, 0xd5, 0xe9, 0x28, 0xff, 0x1f, 0x59, 0x3d,
  0xb8, 0xca, 0x8a, 0xa2, 0x50, 0xca, 0x81, 0x0f, 0x01, 0x10, 0x32, 0x3f,
  0x08, 0x01, 0xf7, 0xc4, 0xec, 0x4b, 0x26, 0xd8, 0xcd, 0xe9, 0xe7, 0xf4,
  0xee, 0x39, 0xaa, 0xcc, 0xb7, 0xb8, 0x81, 0xfc, 0x17, 0x9e, 0x0b, 0xf0,
  0xb2, 0x3f, 0x2a, 0xd7, 0xb5, 0x35, 0xd2, 0xca, 0xce, 0x51, 0x9e, 0x19,
  0x3e, 0xc7, 0xba, 0xf5, 0xdb, 0x49, 0xf1, 0x4a, 0x53, 0xdb, 0xe4, 0x2e,
  0xf5, 0x20, 0x54, 0x43, 0xc1, 0xb4, 0x81, 0x97, 0x4c, 0xc7, 0x86, 0x0b,
  0x05, 0x0d, 0x3d, 0x33, 0xfd, 0x00, 0xf5, 0xc7, 0x50, 0xcb, 0xc6, 0x05,
  0xf9, 0x57, 0x10, 0x5a, 0x26, 0xd4, 0xed, 0x40, 0x02, 0x0f, 0x4f, 0x4e,
  0xb9, 0xbe, 0x81, 0x92, 0x44, 0xda, 0x84, 0xad, 0x10, 0x26, 0x3b, 0x29,
  0xfb, 0x03, 0x02, 0xbc, 0x51, 0xcf, 0xbe, 0x15, 0xf5, 0x5b, 0x1f, 0x60,
  0x2d, 0xd0, 0xf0, 0x3b, 0xfa, 0x24, 0x7b, 0x48, 0xa6, 0xd1, 0x81, 0x9f,
  0x61, 0xd6, 0x83, 0xac, 0xf9, 0x27, 0x45, 0x39, 0xec, 0xff, 0x06, 0xb8,
  0xd3, 0x4f, 0x38, 0xc7, 0xce, 0xd7, 0xcf, 0xf5, 0xf5, 0x35, 0xa5, 0xc7,
  0xac, 0xb0, 0x84, 0xed, 0x34, 0x9a, 0x2e, 0xec, 0xba, 0x42, 0x2e, 0xcd,
  0xad, 0x2e, 0xd4, 0xce, 0xd6, 0x52, 0x81, 0x18, 0x54, 0xc5, 0xaf, 0x06,
  0xf9, 0x4f, 0x1f, 0x69, 0x3b, 0xd0, 0xef, 0x2c, 0x03, 0x27, 0x6d, 0x5a,
  0xaf, 0xda, 0x81, 0x93, 0x59, 0xca, 0x83, 0xb5, 0x08, 0x2d, 0x40, 0x40,
  0xf8, 0xfd, 0xfd, 0xb6, 0x47, 0xc6, 0xc8, 0x04, 0xf7, 0x43, 0x15, 0x5a,
  0x41, 0xdf, 0xf5, 0x32, 0x09, 0x16, 0x56, 0x4e, 0xb7, 0xdb, 0x92, 0xa3,
  0x53, 0xde, 0x81, 0xb7, 0x00, 0x24, 0x31, 0x2b, 0xf5, 0x0a, 0x0f, 0xbd,
  0x49, 0xca, 0xc3, 0x06, 0xf4, 0x4c, 0x0d, 0x59, 0x40, 0xd8, 0xf1, 0x29,
  0x08, 0x13, 0x5d, 0x50, 0xba, 0xc8, 0x83, 0x90, 0x49, 0xc6, 0x81, 0xa8,
  0x01, 0x25, 0x36, 0x2a, 0xfa, 0x05, 0x0c, 0xb9, 0x38, 0xc2, 0xb7, 0xed,
  0xe6, 0x46, 0xec, 0x4c, 0x57, 0xd7, 0xf3, 0x23, 0xfe, 0x1a, 0x5d, 0x4a,
  0xb8, 0xbb, 0x96, 0xa2, 0x48, 0xc4, 0x81, 0x1d, 0x00, 0x08, 0x38, 0x30,
  0x07, 0x06, 0xf4, 0xc2, 0x4e, 0xca, 0xc4, 0x07, 0xf3, 0x50, 0x16, 0x62,
  0x2c, 0xcc, 0xe7, 0x38, 0x07, 0x24, 0x53, 0x4b, 0xb5, 0xbf, 0x84, 0x8c,
  0x4e, 0xc9, 0x81, 0xb3, 0x03, 0x28, 0x3e, 0x35, 0xf3, 0x05, 0xfd, 0xbe,
  0xba, 0x2b, 0x0f, 0xc0, 0xd1, 0x04, 0xe1, 0xfc, 0xe7, 0x3b, 0xb8, 0xd4,
  0xba, 0xc2, 0x81, 0x13, 0x11, 0x94, 0xbe, 0xf4, 0xa0, 0x45, 0x23, 0xd2,
  0xb5, 0x40, 0xc3, 0xc9, 0xcf, 0x4c, 0x9a, 0x1e, 0x4e, 0xc8, 0xbd, 0x03,
  0xfd, 0x5d, 0x1b, 0x61, 0x38, 0xd7, 0xf1, 0x32, 0x04, 0x19, 0x6b, 0x52,
  0xb8, 0xd4, 0x86, 0x9f, 0x54, 0xd3, 0x81, 0xbb, 0x0d, 0x1e, 0x3a, 0x35,
  0xf7, 0xfb, 0x04, 0xbc, 0xd3, 0x5b, 0x28, 0xcf, 0xc7, 0xf0, 0xcf, 0xf7,
  0xec, 0x38, 0x9b, 0xc6, 0xa7, 0xa6, 0x81, 0xef, 0x33, 0x94, 0x1a, 0xdc,
  0xaf, 0x3f, 0x21, 0xcb, 0xac, 0x2d, 0xd2, 0xcd, 0xd1, 0x59, 0x84, 0x23,
  0xc3, 0x68, 0x2f, 0xc9, 0xbf, 0xe1, 0xc6, 0xed, 0xfb, 0x2f, 0xa0, 0xbe,
  0xa8, 0x9c, 0x81, 0xe0, 0x4d, 0x95, 0x49, 0xe0, 0xbc, 0x40, 0x40, 0xc5,
  0xad, 0x2a, 0xd6, 0xcb, 0xd4, 0x67, 0x8d, 0x25, 0x3f, 0xcc, 0xc2, 0xf0,
  0xe1, 0x51, 0xf9, 0x3b, 0x3b, 0xce, 0xee, 0x0f, 0xf5, 0x18, 0x46, 0x47,
  0xc4, 0xbc, 0x81, 0xa7, 0x47, 0xc4, 0x8d, 0x1a, 0x05, 0x0f, 0x31, 0x32,
  0x09, 0x12, 0xf4, 0xc8, 0xce, 0x62, 0x28, 0xc7, 0xc8, 0xdf, 0xbc, 0xf0,
  0xfb, 0x42, 0xa4, 0xbe, 0xa2, 0xa9, 0x81, 0xe9, 0x4a, 0x8e, 0x32, 0xdc,
  0xae, 0x36, 0x32, 0xcd, 0xb3, 0x2d, 0xd9, 0xc6, 0xc7, 0x66, 0x94, 0x28,
  0xd1, 0x5a, 0x29, 0xc8, 0xc7, 0xe0, 0xc7, 0xf5, 0xf6, 0x3f, 0xa2, 0xc3,
  0xa1, 0xab, 0x81, 0xf3, 0x20, 0x93, 0x3c, 0xe5, 0xb4, 0x30, 0x2f, 0xce,
  0xbb, 0x28, 0xd4, 0xc7, 0xce, 0x6a, 0x8b, 0x20, 0x4a, 0xc1, 0xc9, 0xfe,
  0xee, 0x4a, 0x0b, 0x4f, 0x35, 0xda, 0xed, 0x2b, 0x05, 0x10, 0x4f, 0x4a,
  0xc3, 0xb7, 0x8e, 0x8e, 0x44, 0xd0, 0x81, 0xb2, 0xff, 0x24, 0x30, 0x27,
  0xfe, 0x06, 0x0e, 0xc3, 0x50, 0xce, 0xc3, 0x01, 0xfc, 0x4e, 0x17, 0x54,
  0x26, 0xcf, 0xf3, 0x35, 0x09, 0x20, 0x60, 0x53, 0xb8, 0xc9, 0x90, 0x98,
  0x49, 0xd6, 0x81, 0xad, 0x04, 0x26, 0x3f, 0x37, 0xf9, 0x03, 0xfe, 0xc0,
  0x48, 0xbb, 0xc5, 0x01, 0xf8, 0x4d, 0x14, 0x55, 0x40, 0xd5, 0xf5, 0x2e,
  0x0a, 0x11, 0x53, 0x53, 0xc2, 0xcf, 0x95, 0xa0, 0x44, 0xd9, 0x81, 0xaf,
  0xff, 0x1e, 0x3c, 0x27, 0xff, 0x0f, 0x08, 0xbe, 0xc1, 0x60, 0x2a, 0xd3,
  0xc0, 0xed, 0xe0, 0xf6, 0xfe, 0x35, 0xa4, 0xc1, 0xaf, 0xa4, 0x81, 0xe8,
  0x28, 0xa4, 0x3f, 0xe2, 0xbe, 0x39, 0x3a, 0xd9, 0xb0, 0x27, 0xe3, 0xce,
  0xc4, 0x4e, 0x8e, 0x24, 0xe0, 0x5a, 0x2c, 0xcf, 0xc9, 0xdc, 0xc5, 0xf2,
  0xf3, 0x2f, 0xa2, 0xc6, 0xa0, 0xa0, 0x86, 0xeb, 0x23, 0x95, 0x3b, 0xeb,
  0xbe, 0x31, 0x2f, 0xcc, 0xb1, 0x22, 0xdf, 0xd4, 0xd1, 0x5b, 0x81, 0x23,
  0xcd, 0x5f, 0x24, 0xc5, 0xc5, 0xd7, 0xc7, 0xf9, 0xf3, 0x3c, 0xa7, 0xbf,
  0xa7, 0xa2, 0x81, 0xea, 0x29, 0x97, 0x4b, 0xe9, 0xba, 0x2d, 0x40, 0xcc,
  0xb6, 0x2d, 0xdc, 0xbe, 0xd8, 0x62, 0x92, 0x20, 0xb9, 0x48, 0x1c, 0xb7,
  0xd2, 0xfb, 0xd7, 0xf1, 0xe1, 0x40, 0xae, 0xcd, 0xb1, 0xa4, 0x81, 0xff,
  0x07, 0x97, 0xef, 0xf4, 0xa7, 0x3d, 0x20, 0xd1, 0xb4, 0x34, 0xd1, 0xc6,
  0xc3, 0x4e, 0x8c, 0x16, 0x45, 0xc9, 0xbe, 0xea, 0xec, 0x5f, 0xfc, 0x5b,
  0x41, 0xdb, 0xf8, 0x22, 0xfe, 0x1f, 0x7e, 0x3e, 0xb8, 0xd2, 0x81, 0xaa,
  0x65, 0xd1, 0x87, 0x0d, 0x18, 0x06, 0x4c, 0x3c, 0x02, 0x05, 0xfd, 0xc4,
  0xcd, 0x54, 0x23, 0xda, 0xcc, 0xe5, 0xcf, 0xf8, 0xf9, 0x2f, 0x9f, 0xc6,
  0xa6, 0xa6, 0x81, 0xe6, 0x3a, 0xa5, 0x4d, 0xe8, 0xbd, 0x33, 0x3a, 0xd6,
  0xb0, 0x29, 0xe4, 0xcb, 0xd7, 0x50, 0x92, 0x1a, 0x46, 0xff, 0xff, 0xff,
  0x04, 0x00, 0x00, 0x00, 0x80, 0x00, 0x00, 0x00, 0x5d, 0x10, 0x00, 0x00,
  0x31, 0x12, 0x00, 0x00, 0x5a, 0xfb, 0xff, 0xff, 0x5a, 0xfa, 0xff, 0xff,
  0xb2, 0x11, 0x00, 0x00, 0x07, 0xfd, 0xff, 0xff, 0x15, 0x0e, 0x00, 0x00,
  0xee, 0xfd, 0xff, 0xff, 0x25, 0xfa, 0xff, 0xff, 0x67, 0xf9, 0xff, 0xff,
  0xb8, 0x10, 0x00, 0x00, 0x89, 0xf9, 0xff, 0xff, 0x09, 0xfa, 0xff, 0xff,
  0x8c, 0xfa, 0xff, 0xff, 0xf6, 0xfd, 0xff, 0xff, 0x69, 0xf9, 0xff, 0xff,
  0x6d, 0x0e, 0x00, 0x00, 0x41, 0xfa, 0xff, 0xff, 0xf9, 0x10, 0x00, 0x00,
  0xdb, 0x10, 0x00, 0x00, 0x0e, 0xfe, 0xff, 0xff, 0x59, 0x11, 0x00, 0x00,
  0x4e, 0x11, 0x00, 0x00, 0xfa, 0xfa, 0xff, 0xff, 0x56, 0xf9, 0xff, 0xff,
  0x5e, 0xfa, 0xff, 0xff, 0x6c, 0x0f, 0x00, 0x00, 0x92, 0x11, 0x00, 0x00,
  0xef, 0x10, 0x00, 0x00, 0x3c, 0x10, 0x00, 0x00, 0x57, 0xfc, 0xff, 0xff,
  0x15, 0x10, 0x00, 0x00, 0xd2, 0xff, 0xff, 0xff, 0x04, 0x00, 0x00, 0x00,
  0x20, 0x00, 0x00, 0x00, 0xcc, 0xdb, 0x45, 0x3d, 0xd4, 0x3e, 0xcd, 0x42,
  0x79, 0x3c, 0xdf, 0x3f, 0x30, 0x4c, 0x3c, 0x7f, 0xc3, 0x24, 0xbf, 0xc0,
  0x37, 0xd9, 0xd1, 0x72, 0x4a, 0x3d, 0xc6, 0xd8, 0xd9, 0xc4, 0x0c, 0xcf,
  0x00, 0x00, 0x06, 0x00, 0x08, 0x00, 0x04, 0x00, 0x06, 0x00, 0x00, 0x00,
  0x04, 0x00, 0x00, 0x00, 0x04, 0x00, 0x00, 0x00, 0x63, 0xf7, 0xff, 0xff,
  0xd0, 0xfd, 0xff, 0xff, 0xd4, 0xfd, 0xff, 0xff, 0x0f, 0x00, 0x00, 0x00,
  0x4d, 0x4c, 0x49, 0x52, 0x20, 0x43, 0x6f, 0x6e, 0x76, 0x65, 0x72, 0x74,
  0x65, 0x64, 0x2e, 0x00, 0x01, 0x00, 0x00, 0x00, 0x14, 0x00, 0x00, 0x00,
  0x00, 0x00, 0x0e, 0x00, 0x18, 0x00, 0x14, 0x00, 0x10, 0x00, 0x0c, 0x00,
  0x08, 0x00, 0x04, 0x00, 0x0e, 0x00, 0x00, 0x00, 0x14, 0x00, 0x00, 0x00,
  0x1c, 0x00, 0x00, 0x00, 0xfc, 0x04, 0x00, 0x00, 0x00, 0x05, 0x00, 0x00,
  0x04, 0x05, 0x00, 0x00, 0x04, 0x00, 0x00, 0x00, 0x6d, 0x61, 0x69, 0x6e,
  0x00, 0x00, 0x00, 0x00, 0x11, 0x00, 0x00, 0x00, 0x98, 0x04, 0x00, 0x00,
  0x34, 0x04, 0x00, 0x00, 0xcc, 0x03, 0x00, 0x00, 0x7c, 0x03, 0x00, 0x00,
  0x38, 0x03, 0x00, 0x00, 0xe0, 0x02, 0x00, 0x00, 0x9c, 0x02, 0x00, 0x00,
  0x58, 0x02, 0x00, 0x00, 0x10, 0x02, 0x00, 0x00, 0xcc, 0x01, 0x00, 0x00,
  0x94, 0x01, 0x00, 0x00, 0x4c, 0x01, 0x00, 0x00, 0x08, 0x01, 0x00, 0x00,
  0xd4, 0x00, 0x00, 0x00, 0x90, 0x00, 0x00, 0x00, 0x44, 0x00, 0x00, 0x00,
  0x10, 0x00, 0x00, 0x00, 0x00, 0x00, 0x0a, 0x00, 0x10, 0x00, 0x0c, 0x00,
  0x08, 0x00, 0x04, 0x00, 0x0a, 0x00, 0x00, 0x00, 0x0c, 0x00, 0x00, 0x00,
  0x10, 0x00, 0x00, 0x00, 0x05, 0x00, 0x00, 0x00, 0x01, 0x00, 0x00, 0x00,
  0x25, 0x00, 0x00, 0x00, 0x01, 0x00, 0x00, 0x00, 0x24, 0x00, 0x00, 0x00,
  0x00, 0x00, 0x0e, 0x00, 0x16, 0x00, 0x00, 0x00, 0x10, 0x00, 0x0c, 0x00,
  0x0b, 0x00, 0x04, 0x00, 0x0e, 0x00, 0x00, 0x00, 0x1c, 0x00, 0x00, 0x00,
  0x00, 0x00, 0x00, 0x01, 0x24, 0x00, 0x00, 0x00, 0x28, 0x00, 0x00, 0x00,
  0x00, 0x00, 0x0a, 0x00, 0x10, 0x00, 0x0f, 0x00, 0x08, 0x00, 0x04, 0x00,
  0x0a, 0x00, 0x00, 0x00, 0x01, 0x00, 0x00, 0x00, 0x01, 0x00, 0x00, 0x00,
  0x00, 0x00, 0x00, 0x01, 0x01, 0x00, 0x00, 0x00, 0x24, 0x00, 0x00, 0x00,
  0x03, 0x00, 0x00, 0x00, 0x23, 0x00, 0x00, 0x00, 0x02, 0x00, 0x00, 0x00,
  0x01, 0x00, 0x00, 0x00, 0x8e, 0xfd, 0xff, 0xff, 0x14, 0x00, 0x00, 0x00,
  0x00, 0x00, 0x00, 0x05, 0x24, 0x00, 0x00, 0x00, 0x28, 0x00, 0x00, 0x00,
  0x04, 0x00, 0x00, 0x00, 0x8e, 0xfc, 0xff, 0xff, 0x0c, 0x00, 0x00, 0x00,
  0x05, 0x00, 0x00, 0x00, 0x0c, 0x00, 0x00, 0x00, 0x05, 0x00, 0x00, 0x00,
  0x00, 0x00, 0x00, 0x01, 0x01, 0x00, 0x00, 0x00, 0x23, 0x00, 0x00, 0x00,
  0x01, 0x00, 0x00, 0x00, 0x22, 0x00, 0x00, 0x00, 0xce, 0xfd, 0xff, 0xff,
  0x14, 0x00, 0x00, 0x00, 0x00, 0x00, 0x00, 0x0b, 0x10, 0x00, 0x00, 0x00,
  0x14, 0x00, 0x00, 0x00, 0x03, 0x00, 0x00, 0x00, 0x4c, 0xff, 0xff, 0xff,
  0x01, 0x00, 0x00, 0x00, 0x22, 0x00, 0x00, 0x00, 0x02, 0x00, 0x00, 0x00,
  0x1f, 0x00, 0x00, 0x00, 0x21, 0x00, 0x00, 0x00, 0xae, 0xfc, 0xff, 0xff,
  0x10, 0x00, 0x00, 0x00, 0x00, 0x00, 0x00, 0x01, 0x1c, 0x00, 0x00, 0x00,
  0x20, 0x00, 0x00, 0x00, 0xb0, 0xfd, 0xff, 0xff, 0x00, 0x00, 0x00, 0x01,
  0x01, 0x00, 0x00, 0x00, 0x01, 0x00, 0x00, 0x00, 0x00, 0x00, 0x00, 0x01,
  0x01, 0x00, 0x00, 0x00, 0x21, 0x00, 0x00, 0x00, 0x03, 0x00, 0x00, 0x00,
  0x20, 0x00, 0x00, 0x00, 0x04, 0x00, 0x00, 0x00, 0x03, 0x00, 0x00, 0x00,
  0x3e, 0xfe, 0xff, 0xff, 0x14, 0x00, 0x00, 0x00, 0x00, 0x00, 0x00, 0x02,
  0x20, 0x00, 0x00, 0x00, 0x24, 0x00, 0x00, 0x00, 0x02, 0x00, 0x00, 0x00,
  0xa2, 0xfd, 0xff, 0xff, 0x00, 0x00, 0x00, 0x01, 0x01, 0x00, 0x00, 0x00,
  0x01, 0x00, 0x00, 0x00, 0x01, 0x00, 0x00, 0x00, 0x01, 0x00, 0x00, 0x00,
  0x20, 0x00, 0x00, 0x00, 0x03, 0x00, 0x00, 0x00, 0x1f, 0x00, 0x00, 0x00,
  0x06, 0x00, 0x00, 0x00, 0x05, 0x00, 0x00, 0x00, 0x82, 0xfe, 0xff, 0xff,
  0x18, 0x00, 0x00, 0x00, 0x00, 0x00, 0x00, 0x0b, 0x14, 0x00, 0x00, 0x00,
  0x18, 0x00, 0x00, 0x00, 0x03, 0x00, 0x00, 0x00, 0x04, 0x00, 0x04, 0x00,
  0x04, 0x00, 0x00, 0x00, 0x01, 0x00, 0x00, 0x00, 0x1f, 0x00, 0x00, 0x00,
  0x02, 0x00, 0x00, 0x00, 0x1c, 0x00, 0x00, 0x00, 0x1e, 0x00, 0x00, 0x00,
  0x66, 0xfd, 0xff, 0xff, 0x10, 0x00, 0x00, 0x00, 0x00, 0x00, 0x00, 0x01,
  0x1c, 0x00, 0x00, 0x00, 0x20, 0x00, 0x00, 0x00, 0x68, 0xfe, 0xff, 0xff,
  0x00, 0x00, 0x00, 0x01, 0x01, 0x00, 0x00, 0x00, 0x01, 0x00, 0x00, 0x00,
  0x00, 0x00, 0x00, 0x01, 0x01, 0x00, 0x00, 0x00, 0x1e, 0x00, 0x00, 0x00,
  0x03, 0x00, 0x00, 0x00, 0x1d, 0x00, 0x00, 0x00, 0x08, 0x00, 0x00, 0x00,
  0x07, 0x00, 0x00, 0x00, 0xf6, 0xfe, 0xff, 0xff, 0x14, 0x00, 0x00, 0x00,
  0x00, 0x00, 0x00, 0x02, 0x20, 0x00, 0x00, 0x00, 0x24, 0x00, 0x00, 0x00,
  0x02, 0x00, 0x00, 0x00, 0x5a, 0xfe, 0xff, 0xff, 0x00, 0x00, 0x00, 0x01,
  0x01, 0x00, 0x00, 0x00, 0x01, 0x00, 0x00, 0x00, 0x01, 0x00, 0x00, 0x00,
  0x01, 0x00, 0x00, 0x00, 0x1d, 0x00, 0x00, 0x00, 0x03, 0x00, 0x00, 0x00,
  0x1c, 0x00, 0x00, 0x00, 0x0a, 0x00, 0x00, 0x00, 0x09, 0x00, 0x00, 0x00,
  0x3a, 0xff, 0xff, 0xff, 0x14, 0x00, 0x00, 0x00, 0x00, 0x00, 0x00, 0x05,
  0x24, 0x00, 0x00, 0x00, 0x28, 0x00, 0x00, 0x00, 0x01, 0x00, 0x00, 0x00,
  0x3a, 0xfe, 0xff, 0xff, 0x02, 0x00, 0x00, 0x00, 0x02, 0x00, 0x00, 0x00,
  0x02, 0x00, 0x00, 0x00, 0x02, 0x00, 0x00, 0x00, 0x00, 0x00, 0x00, 0x01,
  0x01, 0x00, 0x00, 0x00, 0x1c, 0x00, 0x00, 0x00, 0x01, 0x00, 0x00, 0x00,
  0x1b, 0x00, 0x00, 0x00, 0x2a, 0xfe, 0xff, 0xff, 0x10, 0x00, 0x00, 0x00,
  0x00, 0x00, 0x00, 0x01, 0x1c, 0x00, 0x00, 0x00, 0x20, 0x00, 0x00, 0x00,
  0x2c, 0xff, 0xff, 0xff, 0x00, 0x00, 0x00, 0x01, 0x01, 0x00, 0x00, 0x00,
  0x01, 0x00, 0x00, 0x00, 0x00, 0x00, 0x00, 0x01, 0x01, 0x00, 0x00, 0x00,
  0x1b, 0x00, 0x00, 0x00, 0x03, 0x00, 0x00, 0x00, 0x1a, 0x00, 0x00, 0x00,
  0x0c, 0x00, 0x00, 0x00, 0x0b, 0x00, 0x00, 0x00, 0xba, 0xff, 0xff, 0xff,
  0x14, 0x00, 0x00, 0x00, 0x00, 0x00, 0x00, 0x02, 0x20, 0x00, 0x00, 0x00,
  0x24, 0x00, 0x00, 0x00, 0x02, 0x00, 0x00, 0x00, 0x1e, 0xff, 0xff, 0xff,
  0x00, 0x00, 0x00, 0x01, 0x01, 0x00, 0x00, 0x00, 0x01, 0x00, 0x00, 0x00,
  0x01, 0x00, 0x00, 0x00, 0x01, 0x00, 0x00, 0x00, 0x1a, 0x00, 0x00, 0x00,
  0x03, 0x00, 0x00, 0x00, 0x19, 0x00, 0x00, 0x00, 0x0e, 0x00, 0x00, 0x00,
  0x0d, 0x00, 0x00, 0x00, 0x00, 0x00, 0x0e, 0x00, 0x18, 0x00, 0x14, 0x00,
  0x10, 0x00, 0x0c, 0x00, 0x0b, 0x00, 0x04, 0x00, 0x0e, 0x00, 0x00, 0x00,
  0x14, 0x00, 0x00, 0x00, 0x00, 0x00, 0x00, 0x05, 0x24, 0x00, 0x00, 0x00,
  0x28, 0x00, 0x00, 0x00, 0x01, 0x00, 0x00, 0x00, 0x0e, 0xff, 0xff, 0xff,
  0x02, 0x00, 0x00, 0x00, 0x02, 0x00, 0x00, 0x00, 0x02, 0x00, 0x00, 0x00,
  0x02, 0x00, 0x00, 0x00, 0x00, 0x00, 0x00, 0x01, 0x01, 0x00, 0x00, 0x00,
  0x19, 0x00, 0x00, 0x00, 0x01, 0x00, 0x00, 0x00, 0x18, 0x00, 0x00, 0x00,
  0xfe, 0xfe, 0xff, 0xff, 0x1c, 0x00, 0x00, 0x00, 0x00, 0x00, 0x00, 0x01,
  0x28, 0x00, 0x00, 0x00, 0x2c, 0x00, 0x00, 0x00, 0x0c, 0x00, 0x14, 0x00,
  0x13, 0x00, 0x0c, 0x00, 0x08, 0x00, 0x07, 0x00, 0x0c, 0x00, 0x00, 0x00,
  0x00, 0x00, 0x00, 0x01, 0x01, 0x00, 0x00, 0x00, 0x01, 0x00, 0x00, 0x00,
  0x00, 0x00, 0x00, 0x01, 0x01, 0x00, 0x00, 0x00, 0x18, 0x00, 0x00, 0x00,
  0x03, 0x00, 0x00, 0x00, 0x17, 0x00, 0x00, 0x00, 0x10, 0x00, 0x00, 0x00,
  0x0f, 0x00, 0x00, 0x00, 0xaa, 0xff, 0xff, 0xff, 0x24, 0x00, 0x00, 0x00,
  0x00, 0x00, 0x00, 0x02, 0x30, 0x00, 0x00, 0x00, 0x34, 0x00, 0x00, 0x00,
  0x02, 0x00, 0x00, 0x00, 0x00, 0x00, 0x0e, 0x00, 0x14, 0x00, 0x00, 0x00,
  0x10, 0x00, 0x0c, 0x00, 0x08, 0x00, 0x07, 0x00, 0x0e, 0x00, 0x00, 0x00,
  0x00, 0x00, 0x00, 0x01, 0x01, 0x00, 0x00, 0x00, 0x01, 0x00, 0x00, 0x00,
  0x01, 0x00, 0x00, 0x00, 0x01, 0x00, 0x00, 0x00, 0x17, 0x00, 0x00, 0x00,
  0x03, 0x00, 0x00, 0x00, 0x16, 0x00, 0x00, 0x00, 0x12, 0x00, 0x00, 0x00,
  0x11, 0x00, 0x00, 0x00, 0x00, 0x00, 0x0e, 0x00, 0x1a, 0x00, 0x14, 0x00,
  0x10, 0x00, 0x0c, 0x00, 0x0b, 0x00, 0x04, 0x00, 0x0e, 0x00, 0x00, 0x00,
  0x24, 0x00, 0x00, 0x00, 0x00, 0x00, 0x00, 0x05, 0x34, 0x00, 0x00, 0x00,
  0x38, 0x00, 0x00, 0x00, 0x01, 0x00, 0x00, 0x00, 0x00, 0x00, 0x0e, 0x00,
  0x18, 0x00, 0x17, 0x00, 0x10, 0x00, 0x0c, 0x00, 0x08, 0x00, 0x04, 0x00,
  0x0e, 0x00, 0x00, 0x00, 0x02, 0x00, 0x00, 0x00, 0x01, 0x00, 0x00, 0x00,
  0x02, 0x00, 0x00, 0x00, 0x01, 0x00, 0x00, 0x00, 0x00, 0x00, 0x00, 0x01,
  0x01, 0x00, 0x00, 0x00, 0x16, 0x00, 0x00, 0x00, 0x01, 0x00, 0x00, 0x00,
  0x15, 0x00, 0x00, 0x00, 0x00, 0x00, 0x0e, 0x00, 0x14, 0x00, 0x00, 0x00,
  0x10, 0x00, 0x0c, 0x00, 0x0b, 0x00, 0x04, 0x00, 0x0e, 0x00, 0x00, 0x00,
  0x1c, 0x00, 0x00, 0x00, 0x00, 0x00, 0x00, 0x01, 0x24, 0x00, 0x00, 0x00,
  0x28, 0x00, 0x00, 0x00, 0x0c, 0x00, 0x10, 0x00, 0x00, 0x00, 0x0c, 0x00,
  0x08, 0x00, 0x07, 0x00, 0x0c, 0x00, 0x00, 0x00, 0x00, 0x00, 0x00, 0x01,
  0x01, 0x00, 0x00, 0x00, 0x02, 0x00, 0x00, 0x00, 0x01, 0x00, 0x00, 0x00,
  0x15, 0x00, 0x00, 0x00, 0x03, 0x00, 0x00, 0x00, 0x00, 0x00, 0x00, 0x00,
  0x14, 0x00, 0x00, 0x00, 0x13, 0x00, 0x00, 0x00, 0x01, 0x00, 0x00, 0x00,
  0x25, 0x00, 0x00, 0x00, 0x01, 0x00, 0x00, 0x00, 0x00, 0x00, 0x00, 0x00,
  0x26, 0x00, 0x00, 0x00, 0xe4, 0x34, 0x00, 0x00, 0x14, 0x34, 0x00, 0x00,
  0x78, 0x33, 0x00, 0x00, 0x0c, 0x31, 0x00, 0x00, 0x18, 0x2f, 0x00, 0x00,
  0x54, 0x2c, 0x00, 0x00, 0xe8, 0x29, 0x00, 0x00, 0x64, 0x27, 0x00, 0x00,
  0x70, 0x25, 0x00, 0x00, 0xac, 0x22, 0x00, 0x00, 0x54, 0x20, 0x00, 0x00,
  0xe4, 0x1d, 0x00, 0x00, 0xf0, 0x1b, 0x00, 0x00, 0xec, 0x19, 0x00, 0x00,
  0x54, 0x18, 0x00, 0x00, 0xa4, 0x16, 0x00, 0x00, 0x70, 0x15, 0x00, 0x00,
  0xcc, 0x13, 0x00, 0x00, 0x94, 0x12, 0x00, 0x00, 0x4c, 0x11, 0x00, 0x00,
  0x78, 0x10, 0x00, 0x00, 0x64, 0x0f, 0x00, 0x00, 0xc8, 0x0e, 0x00, 0x00,
  0x4c, 0x0d, 0x00, 0x00, 0x30, 0x0c, 0x00, 0x00, 0x94, 0x0b, 0x00, 0x00,
  0x18, 0x0a, 0x00, 0x00, 0xfc, 0x08, 0x00, 0x00, 0x60, 0x08, 0x00, 0x00,
  0xe4, 0x06, 0x00, 0x00, 0xc8, 0x05, 0x00, 0x00, 0x34, 0x05, 0x00, 0x00,
  0xb8, 0x03, 0x00, 0x00, 0x9c, 0x02, 0x00, 0x00, 0x08, 0x02, 0x00, 0x00,
  0x6c, 0x01, 0x00, 0x00, 0x90, 0x00, 0x00, 0x00, 0x04, 0x00, 0x00, 0x00,
  0xca, 0xcb, 0xff, 0xff, 0x00, 0x00, 0x00, 0x01, 0x18, 0x00, 0x00, 0x00,
  0x28, 0x00, 0x00, 0x00, 0x44, 0x00, 0x00, 0x00, 0x26, 0x00, 0x00, 0x00,
  0x00, 0x00, 0x00, 0x09, 0x58, 0x00, 0x00, 0x00, 0x04, 0x00, 0x00, 0x00,
  0xff, 0xff, 0xff, 0xff, 0x01, 0x00, 0x00, 0x00, 0x01, 0x00, 0x00, 0x00,
  0x01, 0x00, 0x00, 0x00, 0xb4, 0xcb, 0xff, 0xff, 0x08, 0x00, 0x00, 0x00,
  0x10, 0x00, 0x00, 0x00, 0x01, 0x00, 0x00, 0x00, 0x80, 0xff, 0xff, 0xff,
  0xff, 0xff, 0xff, 0xff, 0x01, 0x00, 0x00, 0x00, 0x00, 0x00, 0x80, 0x3b,
  0x1b, 0x00, 0x00, 0x00, 0x53, 0x74, 0x61, 0x74, 0x65, 0x66, 0x75, 0x6c,
  0x50, 0x61, 0x72, 0x74, 0x69, 0x74, 0x69, 0x6f, 0x6e, 0x65, 0x64, 0x43,
  0x61, 0x6c, 0x6c, 0x5f, 0x31, 0x3a, 0x30, 0x00, 0x04, 0x00, 0x00, 0x00,
  0x01, 0x00, 0x00, 0x00, 0x01, 0x00, 0x00, 0x00, 0x01, 0x00, 0x00, 0x00,
  0x01, 0x00, 0x00, 0x00, 0x52, 0xcc, 0xff, 0xff, 0x00, 0x00, 0x00, 0x01,
  0x18, 0x00, 0x00, 0x00, 0x28, 0x00, 0x00, 0x00, 0x44, 0x00, 0x00, 0x00,
  0x25, 0x00, 0x00, 0x00, 0x00, 0x00, 0x00, 0x09, 0xa8, 0x00, 0x00, 0x00,
  0x04, 0x00, 0x00, 0x00, 0xff, 0xff, 0xff, 0xff, 0x01, 0x00, 0x00, 0x00,
  0x01, 0x00, 0x00, 0x00, 0x01, 0x00, 0x00, 0x00, 0x3c, 0xcc, 0xff, 0xff,
  0x08, 0x00, 0x00, 0x00, 0x10, 0x00, 0x00, 0x00, 0x01, 0x00, 0x00, 0x00,
  0xf5, 0xff, 0xff, 0xff, 0xff, 0xff, 0xff, 0xff, 0x01, 0x00, 0x00, 0x00,
  0x6d, 0x51, 0x60, 0x3d, 0x69, 0x00, 0x00, 0x00, 0x70, 0x72, 0x61, 0x68,
  0x61, 0x72, 0x69, 0x5f, 0x64, 0x73, 0x63, 0x6e, 0x6e, 0x5f, 0x76, 0x35,
  0x5f, 0x31, 0x2f, 0x73, 0x63, 0x6f, 0x72, 0x65, 0x5f, 0x31, 0x2f, 0x41,
  0x64, 0x64, 0x3b, 0x70, 0x72, 0x61, 0x68, 0x61, 0x72, 0x69, 0x5f, 0x64,
  0x73, 0x63, 0x6e, 0x6e, 0x5f, 0x76, 0x35, 0x5f, 0x31, 0x2f, 0x73, 0x63,
  0x6f, 0x72, 0x65, 0x5f, 0x31, 0x2f, 0x63, 0x6f, 0x6e, 0x76, 0x6f, 0x6c,
  0x75, 0x74, 0x69, 0x6f, 0x6e, 0x3b, 0x70, 0x72, 0x61, 0x68, 0x61, 0x72,
  0x69, 0x5f, 0x64, 0x73, 0x63, 0x6e, 0x6e, 0x5f, 0x76, 0x35, 0x5f, 0x31,
  0x2f, 0x73, 0x63, 0x6f, 0x72, 0x65, 0x5f, 0x31, 0x2f, 0x52, 0x65, 0x73,
  0x68, 0x61, 0x70, 0x65, 0x31, 0x00, 0x00, 0x00, 0x04, 0x00, 0x00, 0x00,
  0x01, 0x00, 0x00, 0x00, 0x01, 0x00, 0x00, 0x00, 0x01, 0x00, 0x00, 0x00,
  0x01, 0x00, 0x00, 0x00, 0x2a, 0xcd, 0xff, 0xff, 0x00, 0x00, 0x00, 0x01,
  0x18, 0x00, 0x00, 0x00, 0x28, 0x00, 0x00, 0x00, 0x48, 0x00, 0x00, 0x00,
  0x24, 0x00, 0x00, 0x00, 0x00, 0x00, 0x00, 0x09, 0x68, 0x00, 0x00, 0x00,
  0x04, 0x00, 0x00, 0x00, 0xff, 0xff, 0xff, 0xff, 0x01, 0x00, 0x00, 0x00,
  0x01, 0x00, 0x00, 0x00, 0x20, 0x00, 0x00, 0x00, 0x14, 0xcd, 0xff, 0xff,
  0x08, 0x00, 0x00, 0x00, 0x14, 0x00, 0x00, 0x00, 0x01, 0x00, 0x00, 0x00,
  0x80, 0xff, 0xff, 0xff, 0xff, 0xff, 0xff, 0xff, 0x00, 0x00, 0x00, 0x00,
  0x01, 0x00, 0x00, 0x00, 0xd1, 0xf2, 0xb5, 0x3d, 0x25, 0x00, 0x00, 0x00,
  0x70, 0x72, 0x61, 0x68, 0x61, 0x72, 0x69, 0x5f, 0x64, 0x73, 0x63, 0x6e,
  0x6e, 0x5f, 0x76, 0x35, 0x5f, 0x31, 0x2f, 0x67, 0x61, 0x70, 0x5f, 0x70,
  0x6f, 0x6f, 0x6c, 0x5f, 0x31, 0x2f, 0x41, 0x76, 0x67, 0x50, 0x6f, 0x6f,
  0x6c, 0x00, 0x00, 0x00, 0x04, 0x00, 0x00, 0x00, 0x01, 0x00, 0x00, 0x00,
  0x01, 0x00, 0x00, 0x00, 0x01, 0x00, 0x00, 0x00, 0x20, 0x00, 0x00, 0x00,
  0xc2, 0xcd, 0xff, 0xff, 0x00, 0x00, 0x00, 0x01, 0x18, 0x00, 0x00, 0x00,
  0x28, 0x00, 0x00, 0x00, 0x44, 0x00, 0x00, 0x00, 0x23, 0x00, 0x00, 0x00,
  0x00, 0x00, 0x00, 0x09, 0x60, 0x00, 0x00, 0x00, 0x04, 0x00, 0x00, 0x00,
  0xff, 0xff, 0xff, 0xff, 0x0c, 0x00, 0x00, 0x00, 0x05, 0x00, 0x00, 0x00,
  0x20, 0x00, 0x00, 0x00, 0xac, 0xcd, 0xff, 0xff, 0x08, 0x00, 0x00, 0x00,
  0x10, 0x00, 0x00, 0x00, 0x01, 0x00, 0x00, 0x00, 0x80, 0xff, 0xff, 0xff,
  0xff, 0xff, 0xff, 0xff, 0x01, 0x00, 0x00, 0x00, 0xd1, 0xf2, 0xb5, 0x3d,
  0x20, 0x00, 0x00, 0x00, 0x70, 0x72, 0x61, 0x68, 0x61, 0x72, 0x69, 0x5f,
  0x64, 0x73, 0x63, 0x6e, 0x6e, 0x5f, 0x76, 0x35, 0x5f, 0x31, 0x2f, 0x64,
  0x73, 0x34, 0x5f, 0x61, 0x64, 0x64, 0x5f, 0x31, 0x2f, 0x41, 0x64, 0x64,
  0x00, 0x00, 0x00, 0x00, 0x04, 0x00, 0x00, 0x00, 0x01, 0x00, 0x00, 0x00,
  0x0c, 0x00, 0x00, 0x00, 0x05, 0x00, 0x00, 0x00, 0x20, 0x00, 0x00, 0x00,
  0x52, 0xce, 0xff, 0xff, 0x00, 0x00, 0x00, 0x01, 0x18, 0x00, 0x00, 0x00,
  0x28, 0x00, 0x00, 0x00, 0x44, 0x00, 0x00, 0x00, 0x22, 0x00, 0x00, 0x00,
  0x00, 0x00, 0x00, 0x09, 0xe8, 0x00, 0x00, 0x00, 0x04, 0x00, 0x00, 0x00,
  0xff, 0xff, 0xff, 0xff, 0x0c, 0x00, 0x00, 0x00, 0x05, 0x00, 0x00, 0x00,
  0x20, 0x00, 0x00, 0x00, 0x3c, 0xce, 0xff, 0xff, 0x08, 0x00, 0x00, 0x00,
  0x10, 0x00, 0x00, 0x00, 0x01, 0x00, 0x00, 0x00, 0x80, 0xff, 0xff, 0xff,
  0xff, 0xff, 0xff, 0xff, 0x01, 0x00, 0x00, 0x00, 0xd1, 0xf2, 0xb5, 0x3d,
  0xaa, 0x00, 0x00, 0x00, 0x70, 0x72, 0x61, 0x68, 0x61, 0x72, 0x69, 0x5f,
  0x64, 0x73, 0x63, 0x6e, 0x6e, 0x5f, 0x76, 0x35, 0x5f, 0x31, 0x2f, 0x64,
  0x73, 0x34, 0x5f, 0x70, 0x77, 0x5f, 0x72, 0x65, 0x6c, 0x75, 0x5f, 0x31,
  0x2f, 0x52, 0x65, 0x6c, 0x75, 0x3b, 0x70, 0x72, 0x61, 0x68, 0x61, 0x72,
  0x69, 0x5f, 0x64, 0x73, 0x63, 0x6e, 0x6e, 0x5f, 0x76, 0x35, 0x5f, 0x31,
  0x2f, 0x64, 0x73, 0x34, 0x5f, 0x70, 0x77, 0x5f, 0x62, 0x6e, 0x5f, 0x31,
  0x2f, 0x62, 0x61, 0x74, 0x63, 0x68, 0x6e, 0x6f, 0x72, 0x6d, 0x2f, 0x61,
  0x64, 0x64, 0x5f, 0x31, 0x3b, 0x70, 0x72, 0x61, 0x68, 0x61, 0x72, 0x69,
  0x5f, 0x64, 0x73, 0x63, 0x6e, 0x6e, 0x5f, 0x76, 0x35, 0x5f, 0x31, 0x2f,
  0x64, 0x73, 0x34, 0x5f, 0x70, 0x77, 0x5f, 0x31, 0x2f, 0x63, 0x6f, 0x6e,
  0x76, 0x6f, 0x6c, 0x75, 0x74, 0x69, 0x6f, 0x6e, 0x3b, 0x70, 0x72, 0x61,
  0x68, 0x61, 0x72, 0x69, 0x5f, 0x64, 0x73, 0x63, 0x6e, 0x6e, 0x5f, 0x76,
  0x35, 0x5f, 0x31, 0x2f, 0x64, 0x73, 0x34, 0x5f, 0x70, 0x77, 0x5f, 0x62,
  0x6e, 0x5f, 0x31, 0x2f, 0x62, 0x61, 0x74, 0x63, 0x68, 0x6e, 0x6f, 0x72,
  0x6d, 0x2f, 0x73, 0x75, 0x62, 0x31, 0x00, 0x00, 0x04, 0x00, 0x00, 0x00,
  0x01, 0x00, 0x00, 0x00, 0x0c, 0x00, 0x00, 0x00, 0x05, 0x00, 0x00, 0x00,
  0x20, 0x00, 0x00, 0x00, 0x6a, 0xcf, 0xff, 0xff, 0x00, 0x00, 0x00, 0x01,
  0x18, 0x00, 0x00, 0x00, 0x28, 0x00, 0x00, 0x00, 0x48, 0x00, 0x00, 0x00,
  0x21, 0x00, 0x00, 0x00, 0x00, 0x00, 0x00, 0x09, 0x48, 0x01, 0x00, 0x00,
  0x04, 0x00, 0x00, 0x00, 0xff, 0xff, 0xff, 0xff, 0x0c, 0x00, 0x00, 0x00,
  0x05, 0x00, 0x00, 0x00, 0x20, 0x00, 0x00, 0x00, 0x54, 0xcf, 0xff, 0xff,
  0x08, 0x00, 0x00, 0x00, 0x14, 0x00, 0x00, 0x00, 0x01, 0x00, 0x00, 0x00,
  0x80, 0xff, 0xff, 0xff, 0xff, 0xff, 0xff, 0xff, 0x00, 0x00, 0x00, 0x00,
  0x01, 0x00, 0x00, 0x00, 0xc8, 0xbd, 0x89, 0x3d, 0x04, 0x01, 0x00, 0x00,
  0x70, 0x72, 0x61, 0x68, 0x61, 0x72, 0x69, 0x5f, 0x64, 0x73, 0x63, 0x6e,
  0x6e, 0x5f, 0x76, 0x35, 0x5f, 0x31, 0x2f, 0x64, 0x73, 0x34, 0x5f, 0x64,
  0x77, 0x5f, 0x72, 0x65, 0x6c, 0x75, 0x5f, 0x31, 0x2f, 0x52, 0x65, 0x6c,
  0x75, 0x3b, 0x70, 0x72, 0x61, 0x68, 0x61, 0x72, 0x69, 0x5f, 0x64, 0x73,
  0x63, 0x6e, 0x6e, 0x5f, 0x76, 0x35, 0x5f, 0x31, 0x2f, 0x64, 0x73, 0x34,
  0x5f, 0x64, 0x77, 0x5f, 0x62, 0x6e, 0x5f, 0x31, 0x2f, 0x62, 0x61, 0x74,
  0x63, 0x68, 0x6e, 0x6f, 0x72, 0x6d, 0x2f, 0x61, 0x64, 0x64, 0x5f, 0x31,
  0x3b, 0x70, 0x72, 0x61, 0x68, 0x61, 0x72, 0x69, 0x5f, 0x64, 0x73, 0x63,
  0x6e, 0x6e, 0x5f, 0x76, 0x35, 0x5f, 0x31, 0x2f, 0x64, 0x73, 0x34, 0x5f,
  0x64, 0x77, 0x5f, 0x62, 0x6e, 0x5f, 0x31, 0x2f, 0x62, 0x61, 0x74, 0x63,
  0x68, 0x6e, 0x6f, 0x72, 0x6d, 0x2f, 0x6d, 0x75, 0x6c, 0x5f, 0x31, 0x3b,
  0x70, 0x72, 0x61, 0x68, 0x61, 0x72, 0x69, 0x5f, 0x64, 0x73, 0x63, 0x6e,
  0x6e, 0x5f, 0x76, 0x35, 0x5f, 0x31, 0x2f, 0x64, 0x73, 0x34, 0x5f, 0x64,
  0x77, 0x5f, 0x31, 0x2f, 0x64, 0x65, 0x70, 0x74, 0x68, 0x77, 0x69, 0x73,
  0x65, 0x3b, 0x70, 0x72, 0x61, 0x68, 0x61, 0x72, 0x69, 0x5f, 0x64, 0x73,
  0x63, 0x6e, 0x6e, 0x5f, 0x76, 0x35, 0x5f, 0x31, 0x2f, 0x64, 0x73, 0x34,
  0x5f, 0x64, 0x77, 0x5f, 0x62, 0x6e, 0x5f, 0x31, 0x2f, 0x62, 0x61, 0x74,
  0x63, 0x68, 0x6e, 0x6f, 0x72, 0x6d, 0x2f, 0x6d, 0x75, 0x6c, 0x3b, 0x70,
  0x72, 0x61, 0x68, 0x61, 0x72, 0x69, 0x5f, 0x64, 0x73, 0x63, 0x6e, 0x6e,
  0x5f, 0x76, 0x35, 0x5f, 0x31, 0x2f, 0x64, 0x73, 0x34, 0x5f, 0x64, 0x77,
  0x5f, 0x62, 0x6e, 0x5f, 0x31, 0x2f, 0x62, 0x61, 0x74, 0x63, 0x68, 0x6e,
  0x6f, 0x72, 0x6d, 0x2f, 0x73, 0x75, 0x62, 0x31, 0x00, 0x00, 0x00, 0x00,
  0x04, 0x00, 0x00, 0x00, 0x01, 0x00, 0x00, 0x00, 0x0c, 0x00, 0x00, 0x00,
  0x05, 0x00, 0x00, 0x00, 0x20, 0x00, 0x00, 0x00, 0xe2, 0xd0, 0xff, 0xff,
  0x00, 0x00, 0x00, 0x01, 0x18, 0x00, 0x00, 0x00, 0x28, 0x00, 0x00, 0x00,
  0x44, 0x00, 0x00, 0x00, 0x20, 0x00, 0x00, 0x00, 0x00, 0x00, 0x00, 0x09,
  0x60, 0x00, 0x00, 0x00, 0x04, 0x00, 0x00, 0x00, 0xff, 0xff, 0xff, 0xff,
  0x0c, 0x00, 0x00, 0x00, 0x05, 0x00, 0x00, 0x00, 0x20, 0x00, 0x00, 0x00,
  0xcc, 0xd0, 0xff, 0xff, 0x08, 0x00, 0x00, 0x00, 0x10, 0x00, 0x00, 0x00,
  0x01, 0x00, 0x00, 0x00, 0x80, 0xff, 0xff, 0xff, 0xff, 0xff, 0xff, 0xff,
  0x01, 0x00, 0x00, 0x00, 0x72, 0x00, 0xd5, 0x3c, 0x20, 0x00, 0x00, 0x00,
  0x70, 0x72, 0x61, 0x68, 0x61, 0x72, 0x69, 0x5f, 0x64, 0x73, 0x63, 0x6e,
  0x6e, 0x5f, 0x76, 0x35, 0x5f, 0x31, 0x2f, 0x64, 0x73, 0x33, 0x5f, 0x61,
  0x64, 0x64, 0x5f, 0x31, 0x2f, 0x41, 0x64, 0x64, 0x00, 0x00, 0x00, 0x00,
  0x04, 0x00, 0x00, 0x00, 0x01, 0x00, 0x00, 0x00, 0x0c, 0x00, 0x00, 0x00,
  0x05, 0x00, 0x00, 0x00, 0x20, 0x00, 0x00, 0x00, 0x72, 0xd1, 0xff, 0xff,
  0x00, 0x00, 0x00, 0x01, 0x18, 0x00, 0x00, 0x00, 0x28, 0x00, 0x00, 0x00,
  0x44, 0x00, 0x00, 0x00, 0x1f, 0x00, 0x00, 0x00, 0x00, 0x00, 0x00, 0x09,
  0xe8, 0x00, 0x00, 0x00, 0x04, 0x00, 0x00, 0x00, 0xff, 0xff, 0xff, 0xff,
  0x0c, 0x00, 0x00, 0x00, 0x05, 0x00, 0x00, 0x00, 0x20, 0x00, 0x00, 0x00,
  0x5c, 0xd1, 0xff, 0xff, 0x08, 0x00, 0x00, 0x00, 0x10, 0x00, 0x00, 0x00,
  0x01, 0x00, 0x00, 0x00, 0x80, 0xff, 0xff, 0xff, 0xff, 0xff, 0xff, 0xff,
  0x01, 0x00, 0x00, 0x00, 0x72, 0x00, 0xd5, 0x3c, 0xaa, 0x00, 0x00, 0x00,
  0x70, 0x72, 0x61, 0x68, 0x61, 0x72, 0x69, 0x5f, 0x64, 0x73, 0x63, 0x6e,
  0x6e, 0x5f, 0x76, 0x35, 0x5f, 0x31, 0x2f, 0x64, 0x73, 0x33, 0x5f, 0x70,
  0x77, 0x5f, 0x72, 0x65, 0x6c, 0x75, 0x5f, 0x31, 0x2f, 0x52, 0x65, 0x6c,
  0x75, 0x3b, 0x70, 0x72, 0x61, 0x68, 0x61, 0x72, 0x69, 0x5f, 0x64, 0x73,
  0x63, 0x6e, 0x6e, 0x5f, 0x76, 0x35, 0x5f, 0x31, 0x2f, 0x64, 0x73, 0x33,
  0x5f, 0x70, 0x77, 0x5f, 0x62, 0x6e, 0x5f, 0x31, 0x2f, 0x62, 0x61, 0x74,
  0x63, 0x68, 0x6e, 0x6f, 0x72, 0x6d, 0x2f, 0x61, 0x64, 0x64, 0x5f, 0x31,
  0x3b, 0x70, 0x72, 0x61, 0x68, 0x61, 0x72, 0x69, 0x5f, 0x64, 0x73, 0x63,
  0x6e, 0x6e, 0x5f, 0x76, 0x35, 0x5f, 0x31, 0x2f, 0x64, 0x73, 0x33, 0x5f,
  0x70, 0x77, 0x5f, 0x31, 0x2f, 0x63, 0x6f, 0x6e, 0x76, 0x6f, 0x6c, 0x75,
  0x74, 0x69, 0x6f, 0x6e, 0x3b, 0x70, 0x72, 0x61, 0x68, 0x61, 0x72, 0x69,
  0x5f, 0x64, 0x73, 0x63, 0x6e, 0x6e, 0x5f, 0x76, 0x35, 0x5f, 0x31, 0x2f,
  0x64, 0x73, 0x33, 0x5f, 0x70, 0x77, 0x5f, 0x62, 0x6e, 0x5f, 0x31, 0x2f,
  0x62, 0x61, 0x74, 0x63, 0x68, 0x6e, 0x6f, 0x72, 0x6d, 0x2f, 0x73, 0x75,
  0x62, 0x31, 0x00, 0x00, 0x04, 0x00, 0x00, 0x00, 0x01, 0x00, 0x00, 0x00,
  0x0c, 0x00, 0x00, 0x00, 0x05, 0x00, 0x00, 0x00, 0x20, 0x00, 0x00, 0x00,
  0x8a, 0xd2, 0xff, 0xff, 0x00, 0x00, 0x00, 0x01, 0x18, 0x00, 0x00, 0x00,
  0x28, 0x00, 0x00, 0x00, 0x48, 0x00, 0x00, 0x00, 0x1e, 0x00, 0x00, 0x00,
  0x00, 0x00, 0x00, 0x09, 0x48, 0x01, 0x00, 0x00, 0x04, 0x00, 0x00, 0x00,
  0xff, 0xff, 0xff, 0xff, 0x0c, 0x00, 0x00, 0x00, 0x05, 0x00, 0x00, 0x00,
  0x20, 0x00, 0x00, 0x00, 0x74, 0xd2, 0xff, 0xff, 0x08, 0x00, 0x00, 0x00,
  0x14, 0x00, 0x00, 0x00, 0x01, 0x00, 0x00, 0x00, 0x80, 0xff, 0xff, 0xff,
  0xff, 0xff, 0xff, 0xff, 0x00, 0x00, 0x00, 0x00, 0x01, 0x00, 0x00, 0x00,
  0x1a, 0x3b, 0x27, 0x3d, 0x04, 0x01, 0x00, 0x00, 0x70, 0x72, 0x61, 0x68,
  0x61, 0x72, 0x69, 0x5f, 0x64, 0x73, 0x63, 0x6e, 0x6e, 0x5f, 0x76, 0x35,
  0x5f, 0x31, 0x2f, 0x64, 0x73, 0x33, 0x5f, 0x64, 0x77, 0x5f, 0x72, 0x65,
  0x6c, 0x75, 0x5f, 0x31, 0x2f, 0x52, 0x65, 0x6c, 0x75, 0x3b, 0x70, 0x72,
  0x61, 0x68, 0x61, 0x72, 0x69, 0x5f, 0x64, 0x73, 0x63, 0x6e, 0x6e, 0x5f,
  0x76, 0x35, 0x5f, 0x31, 0x2f, 0x64, 0x73, 0x33, 0x5f, 0x64, 0x77, 0x5f,
  0x62, 0x6e, 0x5f, 0x31, 0x2f, 0x62, 0x61, 0x74, 0x63, 0x68, 0x6e, 0x6f,
  0x72, 0x6d, 0x2f, 0x61, 0x64, 0x64, 0x5f, 0x31, 0x3b, 0x70, 0x72, 0x61,
  0x68, 0x61, 0x72, 0x69, 0x5f, 0x64, 0x73, 0x63, 0x6e, 0x6e, 0x5f, 0x76,
  0x35, 0x5f, 0x31, 0x2f, 0x64, 0x73, 0x33, 0x5f, 0x64, 0x77, 0x5f, 0x62,
  0x6e, 0x5f, 0x31, 0x2f, 0x62, 0x61, 0x74, 0x63, 0x68, 0x6e, 0x6f, 0x72,
  0x6d, 0x2f, 0x6d, 0x75, 0x6c, 0x5f, 0x31, 0x3b, 0x70, 0x72, 0x61, 0x68,
  0x61, 0x72, 0x69, 0x5f, 0x64, 0x73, 0x63, 0x6e, 0x6e, 0x5f, 0x76, 0x35,
  0x5f, 0x31, 0x2f, 0x64, 0x73, 0x33, 0x5f, 0x64, 0x77, 0x5f, 0x31, 0x2f,
  0x64, 0x65, 0x70, 0x74, 0x68, 0x77, 0x69, 0x73, 0x65, 0x3b, 0x70, 0x72,
  0x61, 0x68, 0x61, 0x72, 0x69, 0x5f, 0x64, 0x73, 0x63, 0x6e, 0x6e, 0x5f,
  0x76, 0x35, 0x5f, 0x31, 0x2f, 0x64, 0x73, 0x33, 0x5f, 0x64, 0x77, 0x5f,
  0x62, 0x6e, 0x5f, 0x31, 0x2f, 0x62, 0x61, 0x74, 0x63, 0x68, 0x6e, 0x6f,
  0x72, 0x6d, 0x2f, 0x6d, 0x75, 0x6c, 0x3b, 0x70, 0x72, 0x61, 0x68, 0x61,
  0x72, 0x69, 0x5f, 0x64, 0x73, 0x63, 0x6e, 0x6e, 0x5f, 0x76, 0x35, 0x5f,
  0x31, 0x2f, 0x64, 0x73, 0x33, 0x5f, 0x64, 0x77, 0x5f, 0x62, 0x6e, 0x5f,
  0x31, 0x2f, 0x62, 0x61, 0x74, 0x63, 0x68, 0x6e, 0x6f, 0x72, 0x6d, 0x2f,
  0x73, 0x75, 0x62, 0x31, 0x00, 0x00, 0x00, 0x00, 0x04, 0x00, 0x00, 0x00,
  0x01, 0x00, 0x00, 0x00, 0x0c, 0x00, 0x00, 0x00, 0x05, 0x00, 0x00, 0x00,
  0x20, 0x00, 0x00, 0x00, 0x02, 0xd4, 0xff, 0xff, 0x00, 0x00, 0x00, 0x01,
  0x18, 0x00, 0x00, 0x00, 0x28, 0x00, 0x00, 0x00, 0x48, 0x00, 0x00, 0x00,
  0x1d, 0x00, 0x00, 0x00, 0x00, 0x00, 0x00, 0x09, 0x68, 0x00, 0x00, 0x00,
  0x04, 0x00, 0x00, 0x00, 0xff, 0xff, 0xff, 0xff, 0x0c, 0x00, 0x00, 0x00,
  0x05, 0x00, 0x00, 0x00, 0x20, 0x00, 0x00, 0x00, 0xec, 0xd3, 0xff, 0xff,
  0x08, 0x00, 0x00, 0x00, 0x14, 0x00, 0x00, 0x00, 0x01, 0x00, 0x00, 0x00,
  0x80, 0xff, 0xff, 0xff, 0xff, 0xff, 0xff, 0xff, 0x00, 0x00, 0x00, 0x00,
  0x01, 0x00, 0x00, 0x00, 0x3f, 0x6e, 0x2a, 0x3c, 0x24, 0x00, 0x00, 0x00,
  0x70, 0x72, 0x61, 0x68, 0x61, 0x72, 0x69, 0x5f, 0x64, 0x73, 0x63, 0x6e,
  0x6e, 0x5f, 0x76, 0x35, 0x5f, 0x31, 0x2f, 0x70, 0x6f, 0x6f, 0x6c, 0x33,
  0x5f, 0x31, 0x2f, 0x4d, 0x61, 0x78, 0x50, 0x6f, 0x6f, 0x6c, 0x32, 0x64,
  0x00, 0x00, 0x00, 0x00, 0x04, 0x00, 0x00, 0x00, 0x01, 0x00, 0x00, 0x00,
  0x0c, 0x00, 0x00, 0x00, 0x05, 0x00, 0x00, 0x00, 0x20, 0x00, 0x00, 0x00,
  0x9a, 0xd4, 0xff, 0xff, 0x00, 0x00, 0x00, 0x01, 0x18, 0x00, 0x00, 0x00,
  0x28, 0x00, 0x00, 0x00, 0x44, 0x00, 0x00, 0x00, 0x1c, 0x00, 0x00, 0x00,
  0x00, 0x00, 0x00, 0x09, 0xe8, 0x00, 0x00, 0x00, 0x04, 0x00, 0x00, 0x00,
  0xff, 0xff, 0xff, 0xff, 0x18, 0x00, 0x00, 0x00, 0x0a, 0x00, 0x00, 0x00,
  0x20, 0x00, 0x00, 0x00, 0x84, 0xd4, 0xff, 0xff, 0x08, 0x00, 0x00, 0x00,
  0x10, 0x00, 0x00, 0x00, 0x01, 0x00, 0x00, 0x00, 0x80, 0xff, 0xff, 0xff,
  0xff, 0xff, 0xff, 0xff, 0x01, 0x00, 0x00, 0x00, 0x3f, 0x6e, 0x2a, 0x3c,
  0xaa, 0x00, 0x00, 0x00, 0x70, 0x72, 0x61, 0x68, 0x61, 0x72, 0x69, 0x5f,
  0x64, 0x73, 0x63, 0x6e, 0x6e, 0x5f, 0x76, 0x35, 0x5f, 0x31, 0x2f, 0x64,
  0x73, 0x32, 0x5f, 0x70, 0x77, 0x5f, 0x72, 0x65, 0x6c, 0x75, 0x5f, 0x31,
  0x2f, 0x52, 0x65, 0x6c, 0x75, 0x3b, 0x70, 0x72, 0x61, 0x68, 0x61, 0x72,
  0x69, 0x5f, 0x64, 0x73, 0x63, 0x6e, 0x6e, 0x5f, 0x76, 0x35, 0x5f, 0x31,
  0x2f, 0x64, 0x73, 0x32, 0x5f, 0x70, 0x77, 0x5f, 0x62, 0x6e, 0x5f, 0x31,
  0x2f, 0x62, 0x61, 0x74, 0x63, 0x68, 0x6e, 0x6f, 0x72, 0x6d, 0x2f, 0x61,
  0x64, 0x64, 0x5f, 0x31, 0x3b, 0x70, 0x72, 0x61, 0x68, 0x61, 0x72, 0x69,
  0x5f, 0x64, 0x73, 0x63, 0x6e, 0x6e, 0x5f, 0x76, 0x35, 0x5f, 0x31, 0x2f,
  0x64, 0x73, 0x32, 0x5f, 0x70, 0x77, 0x5f, 0x31, 0x2f, 0x63, 0x6f, 0x6e,
  0x76, 0x6f, 0x6c, 0x75, 0x74, 0x69, 0x6f, 0x6e, 0x3b, 0x70, 0x72, 0x61,
  0x68, 0x61, 0x72, 0x69, 0x5f, 0x64, 0x73, 0x63, 0x6e, 0x6e, 0x5f, 0x76,
  0x35, 0x5f, 0x31, 0x2f, 0x64, 0x73, 0x32, 0x5f, 0x70, 0x77, 0x5f, 0x62,
  0x6e, 0x5f, 0x31, 0x2f, 0x62, 0x61, 0x74, 0x63, 0x68, 0x6e, 0x6f, 0x72,
  0x6d, 0x2f, 0x73, 0x75, 0x62, 0x31, 0x00, 0x00, 0x04, 0x00, 0x00, 0x00,
  0x01, 0x00, 0x00, 0x00, 0x18, 0x00, 0x00, 0x00, 0x0a, 0x00, 0x00, 0x00,
  0x20, 0x00, 0x00, 0x00, 0xb2, 0xd5, 0xff, 0xff, 0x00, 0x00, 0x00, 0x01,
  0x18, 0x00, 0x00, 0x00, 0x28, 0x00, 0x00, 0x00, 0x48, 0x00, 0x00, 0x00,
  0x1b, 0x00, 0x00, 0x00, 0x00, 0x00, 0x00, 0x09, 0x48, 0x01, 0x00, 0x00,
  0x04, 0x00, 0x00, 0x00, 0xff, 0xff, 0xff, 0xff, 0x18, 0x00, 0x00, 0x00,
  0x0a, 0x00, 0x00, 0x00, 0x10, 0x00, 0x00, 0x00, 0x9c, 0xd5, 0xff, 0xff,
  0x08, 0x00, 0x00, 0x00, 0x14, 0x00, 0x00, 0x00, 0x01, 0x00, 0x00, 0x00,
  0x80, 0xff, 0xff, 0xff, 0xff, 0xff, 0xff, 0xff, 0x00, 0x00, 0x00, 0x00,
  0x01, 0x00, 0x00, 0x00, 0xdb, 0x7e, 0x42, 0x3d, 0x04, 0x01, 0x00, 0x00,
  0x70, 0x72, 0x61, 0x68, 0x61, 0x72, 0x69, 0x5f, 0x64, 0x73, 0x63, 0x6e,
  0x6e, 0x5f, 0x76, 0x35, 0x5f, 0x31, 0x2f, 0x64, 0x73, 0x32, 0x5f, 0x64,
  0x77, 0x5f, 0x72, 0x65, 0x6c, 0x75, 0x5f, 0x31, 0x2f, 0x52, 0x65, 0x6c,
  0x75, 0x3b, 0x70, 0x72, 0x61, 0x68, 0x61, 0x72, 0x69, 0x5f, 0x64, 0x73,
  0x63, 0x6e, 0x6e, 0x5f, 0x76, 0x35, 0x5f, 0x31, 0x2f, 0x64, 0x73, 0x32,
  0x5f, 0x64, 0x77, 0x5f, 0x62, 0x6e, 0x5f, 0x31, 0x2f, 0x62, 0x61, 0x74,
  0x63, 0x68, 0x6e, 0x6f, 0x72, 0x6d, 0x2f, 0x61, 0x64, 0x64, 0x5f, 0x31,
  0x3b, 0x70, 0x72, 0x61, 0x68, 0x61, 0x72, 0x69, 0x5f, 0x64, 0x73, 0x63,
  0x6e, 0x6e, 0x5f, 0x76, 0x35, 0x5f, 0x31, 0x2f, 0x64, 0x73, 0x32, 0x5f,
  0x64, 0x77, 0x5f, 0x62, 0x6e, 0x5f, 0x31, 0x2f, 0x62, 0x61, 0x74, 0x63,
  0x68, 0x6e, 0x6f, 0x72, 0x6d, 0x2f, 0x6d, 0x75, 0x6c, 0x5f, 0x31, 0x3b,
  0x70, 0x72, 0x61, 0x68, 0x61, 0x72, 0x69, 0x5f, 0x64, 0x73, 0x63, 0x6e,
  0x6e, 0x5f, 0x76, 0x35, 0x5f, 0x31, 0x2f, 0x64, 0x73, 0x32, 0x5f, 0x64,
  0x77, 0x5f, 0x31, 0x2f, 0x64, 0x65, 0x70, 0x74, 0x68, 0x77, 0x69, 0x73,
  0x65, 0x3b, 0x70, 0x72, 0x61, 0x68, 0x61, 0x72, 0x69, 0x5f, 0x64, 0x73,
  0x63, 0x6e, 0x6e, 0x5f, 0x76, 0x35, 0x5f, 0x31, 0x2f, 0x64, 0x73, 0x32,
  0x5f, 0x64, 0x77, 0x5f, 0x62, 0x6e, 0x5f, 0x31, 0x2f, 0x62, 0x61, 0x74,
  0x63, 0x68, 0x6e, 0x6f, 0x72, 0x6d, 0x2f, 0x6d, 0x75, 0x6c, 0x3b, 0x70,
  0x72, 0x61, 0x68, 0x61, 0x72, 0x69, 0x5f, 0x64, 0x73, 0x63, 0x6e, 0x6e,
  0x5f, 0x76, 0x35, 0x5f, 0x31, 0x2f, 0x64, 0x73, 0x32, 0x5f, 0x64, 0x77,
  0x5f, 0x62, 0x6e, 0x5f, 0x31, 0x2f, 0x62, 0x61, 0x74, 0x63, 0x68, 0x6e,
  0x6f, 0x72, 0x6d, 0x2f, 0x73, 0x75, 0x62, 0x31, 0x00, 0x00, 0x00, 0x00,
  0x04, 0x00, 0x00, 0x00, 0x01, 0x00, 0x00, 0x00, 0x18, 0x00, 0x00, 0x00,
  0x0a, 0x00, 0x00, 0x00, 0x10, 0x00, 0x00, 0x00, 0x2a, 0xd7, 0xff, 0xff,
  0x00, 0x00, 0x00, 0x01, 0x18, 0x00, 0x00, 0x00, 0x28, 0x00, 0x00, 0x00,
  0x48, 0x00, 0x00, 0x00, 0x1a, 0x00, 0x00, 0x00, 0x00, 0x00, 0x00, 0x09,
  0x68, 0x00, 0x00, 0x00, 0x04, 0x00, 0x00, 0x00, 0xff, 0xff, 0xff, 0xff,
  0x18, 0x00, 0x00, 0x00, 0x0a, 0x00, 0x00, 0x00, 0x10, 0x00, 0x00, 0x00,
  0x14, 0xd7, 0xff, 0xff, 0x08, 0x00, 0x00, 0x00, 0x14, 0x00, 0x00, 0x00,
  0x01, 0x00, 0x00, 0x00, 0x80, 0xff, 0xff, 0xff, 0xff, 0xff, 0xff, 0xff,
  0x00, 0x00, 0x00, 0x00, 0x01, 0x00, 0x00, 0x00, 0x74, 0x82, 0x4b, 0x3d,
  0x24, 0x00, 0x00, 0x00, 0x70, 0x72, 0x61, 0x68, 0x61, 0x72, 0x69, 0x5f,
  0x64, 0x73, 0x63, 0x6e, 0x6e, 0x5f, 0x76, 0x35, 0x5f, 0x31, 0x2f, 0x70,
  0x6f, 0x6f, 0x6c, 0x32, 0x5f, 0x31, 0x2f, 0x4d, 0x61, 0x78, 0x50, 0x6f,
  0x6f, 0x6c, 0x32, 0x64, 0x00, 0x00, 0x00, 0x00, 0x04, 0x00, 0x00, 0x00,
  0x01, 0x00, 0x00, 0x00, 0x18, 0x00, 0x00, 0x00, 0x0a, 0x00, 0x00, 0x00,
  0x10, 0x00, 0x00, 0x00, 0xc2, 0xd7, 0xff, 0xff, 0x00, 0x00, 0x00, 0x01,
  0x18, 0x00, 0x00, 0x00, 0x28, 0x00, 0x00, 0x00, 0x44, 0x00, 0x00, 0x00,
  0x19, 0x00, 0x00, 0x00, 0x00, 0x00, 0x00, 0x09, 0xe8, 0x00, 0x00, 0x00,
  0x04, 0x00, 0x00, 0x00, 0xff, 0xff, 0xff, 0xff, 0x31, 0x00, 0x00, 0x00,
  0x14, 0x00, 0x00, 0x00, 0x10, 0x00, 0x00, 0x00, 0xac, 0xd7, 0xff, 0xff,
  0x08, 0x00, 0x00, 0x00, 0x10, 0x00, 0x00, 0x00, 0x01, 0x00, 0x00, 0x00,
  0x80, 0xff, 0xff, 0xff, 0xff, 0xff, 0xff, 0xff, 0x01, 0x00, 0x00, 0x00,
  0x74, 0x82, 0x4b, 0x3d, 0xaa, 0x00, 0x00, 0x00, 0x70, 0x72, 0x61, 0x68,
  0x61, 0x72, 0x69, 0x5f, 0x64, 0x73, 0x63, 0x6e, 0x6e, 0x5f, 0x76, 0x35,
  0x5f, 0x31, 0x2f, 0x64, 0x73, 0x31, 0x5f, 0x70, 0x77, 0x5f, 0x72, 0x65,
  0x6c, 0x75, 0x5f, 0x31, 0x2f, 0x52, 0x65, 0x6c, 0x75, 0x3b, 0x70, 0x72,
  0x61, 0x68, 0x61, 0x72, 0x69, 0x5f, 0x64, 0x73, 0x63, 0x6e, 0x6e, 0x5f,
  0x76, 0x35, 0x5f, 0x31, 0x2f, 0x64, 0x73, 0x31, 0x5f, 0x70, 0x77, 0x5f,
  0x62, 0x6e, 0x5f, 0x31, 0x2f, 0x62, 0x61, 0x74, 0x63, 0x68, 0x6e, 0x6f,
  0x72, 0x6d, 0x2f, 0x61, 0x64, 0x64, 0x5f, 0x31, 0x3b, 0x70, 0x72, 0x61,
  0x68, 0x61, 0x72, 0x69, 0x5f, 0x64, 0x73, 0x63, 0x6e, 0x6e, 0x5f, 0x76,
  0x35, 0x5f, 0x31, 0x2f, 0x64, 0x73, 0x31, 0x5f, 0x70, 0x77, 0x5f, 0x31,
  0x2f, 0x63, 0x6f, 0x6e, 0x76, 0x6f, 0x6c, 0x75, 0x74, 0x69, 0x6f, 0x6e,
  0x3b, 0x70, 0x72, 0x61, 0x68, 0x61, 0x72, 0x69, 0x5f, 0x64, 0x73, 0x63,
  0x6e, 0x6e, 0x5f, 0x76, 0x35, 0x5f, 0x31, 0x2f, 0x64, 0x73, 0x31, 0x5f,
  0x70, 0x77, 0x5f, 0x62, 0x6e, 0x5f, 0x31, 0x2f, 0x62, 0x61, 0x74, 0x63,
  0x68, 0x6e, 0x6f, 0x72, 0x6d, 0x2f, 0x73, 0x75, 0x62, 0x31, 0x00, 0x00,
  0x04, 0x00, 0x00, 0x00, 0x01, 0x00, 0x00, 0x00, 0x31, 0x00, 0x00, 0x00,
  0x14, 0x00, 0x00, 0x00, 0x10, 0x00, 0x00, 0x00, 0xda, 0xd8, 0xff, 0xff,
  0x00, 0x00, 0x00, 0x01, 0x18, 0x00, 0x00, 0x00, 0x28, 0x00, 0x00, 0x00,
  0x48, 0x00, 0x00, 0x00, 0x18, 0x00, 0x00, 0x00, 0x00, 0x00, 0x00, 0x09,
  0x48, 0x01, 0x00, 0x00, 0x04, 0x00, 0x00, 0x00, 0xff, 0xff, 0xff, 0xff,
  0x31, 0x00, 0x00, 0x00, 0x14, 0x00, 0x00, 0x00, 0x08, 0x00, 0x00, 0x00,
  0xc4, 0xd8, 0xff, 0xff, 0x08, 0x00, 0x00, 0x00, 0x14, 0x00, 0x00, 0x00,
  0x01, 0x00, 0x00, 0x00, 0x80, 0xff, 0xff, 0xff, 0xff, 0xff, 0xff, 0xff,
  0x00, 0x00, 0x00, 0x00, 0x01, 0x00, 0x00, 0x00, 0x49, 0xdf, 0x2f, 0x3d,
  0x04, 0x01, 0x00, 0x00, 0x70, 0x72, 0x61, 0x68, 0x61, 0x72, 0x69, 0x5f,
  0x64, 0x73, 0x63, 0x6e, 0x6e, 0x5f, 0x76, 0x35, 0x5f, 0x31, 0x2f, 0x64,
  0x73, 0x31, 0x5f, 0x64, 0x77, 0x5f, 0x72, 0x65, 0x6c, 0x75, 0x5f, 0x31,
  0x2f, 0x52, 0x65, 0x6c, 0x75, 0x3b, 0x70, 0x72, 0x61, 0x68, 0x61, 0x72,
  0x69, 0x5f, 0x64, 0x73, 0x63, 0x6e, 0x6e, 0x5f, 0x76, 0x35, 0x5f, 0x31,
  0x2f, 0x64, 0x73, 0x31, 0x5f, 0x64, 0x77, 0x5f, 0x62, 0x6e, 0x5f, 0x31,
  0x2f, 0x62, 0x61, 0x74, 0x63, 0x68, 0x6e, 0x6f, 0x72, 0x6d, 0x2f, 0x61,
  0x64, 0x64, 0x5f, 0x31, 0x3b, 0x70, 0x72, 0x61, 0x68, 0x61, 0x72, 0x69,
  0x5f, 0x64, 0x73, 0x63, 0x6e, 0x6e, 0x5f, 0x76, 0x35, 0x5f, 0x31, 0x2f,
  0x64, 0x73, 0x31, 0x5f, 0x64, 0x77, 0x5f, 0x62, 0x6e, 0x5f, 0x31, 0x2f,
  0x62, 0x61, 0x74, 0x63, 0x68, 0x6e, 0x6f, 0x72, 0x6d, 0x2f, 0x6d, 0x75,
  0x6c, 0x5f, 0x31, 0x3b, 0x70, 0x72, 0x61, 0x68, 0x61, 0x72, 0x69, 0x5f,
  0x64, 0x73, 0x63, 0x6e, 0x6e, 0x5f, 0x76, 0x35, 0x5f, 0x31, 0x2f, 0x64,
  0x73, 0x31, 0x5f, 0x64, 0x77, 0x5f, 0x31, 0x2f, 0x64, 0x65, 0x70, 0x74,
  0x68, 0x77, 0x69, 0x73, 0x65, 0x3b, 0x70, 0x72, 0x61, 0x68, 0x61, 0x72,
  0x69, 0x5f, 0x64, 0x73, 0x63, 0x6e, 0x6e, 0x5f, 0x76, 0x35, 0x5f, 0x31,
  0x2f, 0x64, 0x73, 0x31, 0x5f, 0x64, 0x77, 0x5f, 0x62, 0x6e, 0x5f, 0x31,
  0x2f, 0x62, 0x61, 0x74, 0x63, 0x68, 0x6e, 0x6f, 0x72, 0x6d, 0x2f, 0x6d,
  0x75, 0x6c, 0x3b, 0x70, 0x72, 0x61, 0x68, 0x61, 0x72, 0x69, 0x5f, 0x64,
  0x73, 0x63, 0x6e, 0x6e, 0x5f, 0x76, 0x35, 0x5f, 0x31, 0x2f, 0x64, 0x73,
  0x31, 0x5f, 0x64, 0x77, 0x5f, 0x62, 0x6e, 0x5f, 0x31, 0x2f, 0x62, 0x61,
  0x74, 0x63, 0x68, 0x6e, 0x6f, 0x72, 0x6d, 0x2f, 0x73, 0x75, 0x62, 0x31,
  0x00, 0x00, 0x00, 0x00, 0x04, 0x00, 0x00, 0x00, 0x01, 0x00, 0x00, 0x00,
  0x31, 0x00, 0x00, 0x00, 0x14, 0x00, 0x00, 0x00, 0x08, 0x00, 0x00, 0x00,
  0x52, 0xda, 0xff, 0xff, 0x00, 0x00, 0x00, 0x01, 0x18, 0x00, 0x00, 0x00,
  0x28, 0x00, 0x00, 0x00, 0x48, 0x00, 0x00, 0x00, 0x17, 0x00, 0x00, 0x00,
  0x00, 0x00, 0x00, 0x09, 0x68, 0x00, 0x00, 0x00, 0x04, 0x00, 0x00, 0x00,
  0xff, 0xff, 0xff, 0xff, 0x31, 0x00, 0x00, 0x00, 0x14, 0x00, 0x00, 0x00,
  0x08, 0x00, 0x00, 0x00, 0x3c, 0xda, 0xff, 0xff, 0x08, 0x00, 0x00, 0x00,
  0x14, 0x00, 0x00, 0x00, 0x01, 0x00, 0x00, 0x00, 0x80, 0xff, 0xff, 0xff,
  0xff, 0xff, 0xff, 0xff, 0x00, 0x00, 0x00, 0x00, 0x01, 0x00, 0x00, 0x00,
  0xc7, 0x2c, 0x9c, 0x3c, 0x24, 0x00, 0x00, 0x00, 0x70, 0x72, 0x61, 0x68,
  0x61, 0x72, 0x69, 0x5f, 0x64, 0x73, 0x63, 0x6e, 0x6e, 0x5f, 0x76, 0x35,
  0x5f, 0x31, 0x2f, 0x70, 0x6f, 0x6f, 0x6c, 0x31, 0x5f, 0x31, 0x2f, 0x4d,
  0x61, 0x78, 0x50, 0x6f, 0x6f, 0x6c, 0x32, 0x64, 0x00, 0x00, 0x00, 0x00,
  0x04, 0x00, 0x00, 0x00, 0x01, 0x00, 0x00, 0x00, 0x31, 0x00, 0x00, 0x00,
  0x14, 0x00, 0x00, 0x00, 0x08, 0x00, 0x00, 0x00, 0xea, 0xda, 0xff, 0xff,
  0x00, 0x00, 0x00, 0x01, 0x18, 0x00, 0x00, 0x00, 0x28, 0x00, 0x00, 0x00,
  0x44, 0x00, 0x00, 0x00, 0x16, 0x00, 0x00, 0x00, 0x00, 0x00, 0x00, 0x09,
  0xe0, 0x00, 0x00, 0x00, 0x04, 0x00, 0x00, 0x00, 0xff, 0xff, 0xff, 0xff,
  0x62, 0x00, 0x00, 0x00, 0x14, 0x00, 0x00, 0x00, 0x08, 0x00, 0x00, 0x00,
  0xd4, 0xda, 0xff, 0xff, 0x08, 0x00, 0x00, 0x00, 0x10, 0x00, 0x00, 0x00,
  0x01, 0x00, 0x00, 0x00, 0x80, 0xff, 0xff, 0xff, 0xff, 0xff, 0xff, 0xff,
  0x01, 0x00, 0x00, 0x00, 0xc7, 0x2c, 0x9c, 0x3c, 0xa2, 0x00, 0x00, 0x00,
  0x70, 0x72, 0x61, 0x68, 0x61, 0x72, 0x69, 0x5f, 0x64, 0x73, 0x63, 0x6e,
  0x6e, 0x5f, 0x76, 0x35, 0x5f, 0x31, 0x2f, 0x73, 0x74, 0x65, 0x6d, 0x5f,
  0x72, 0x65, 0x6c, 0x75, 0x5f, 0x31, 0x2f, 0x52, 0x65, 0x6c, 0x75, 0x3b,
  0x70, 0x72, 0x61, 0x68, 0x61, 0x72, 0x69, 0x5f, 0x64, 0x73, 0x63, 0x6e,
  0x6e, 0x5f, 0x76, 0x35, 0x5f, 0x31, 0x2f, 0x73, 0x74, 0x65, 0x6d, 0x5f,
  0x62, 0x6e, 0x5f, 0x31, 0x2f, 0x62, 0x61, 0x74, 0x63, 0x68, 0x6e, 0x6f,
  0x72, 0x6d, 0x2f, 0x61, 0x64, 0x64, 0x5f, 0x31, 0x3b, 0x70, 0x72, 0x61,
  0x68, 0x61, 0x72, 0x69, 0x5f, 0x64, 0x73, 0x63, 0x6e, 0x6e, 0x5f, 0x76,
  0x35, 0x5f, 0x31, 0x2f, 0x73, 0x74, 0x65, 0x6d, 0x5f, 0x31, 0x2f, 0x63,
  0x6f, 0x6e, 0x76, 0x6f, 0x6c, 0x75, 0x74, 0x69, 0x6f, 0x6e, 0x3b, 0x70,
  0x72, 0x61, 0x68, 0x61, 0x72, 0x69, 0x5f, 0x64, 0x73, 0x63, 0x6e, 0x6e,
  0x5f, 0x76, 0x35, 0x5f, 0x31, 0x2f, 0x73, 0x74, 0x65, 0x6d, 0x5f, 0x62,
  0x6e, 0x5f, 0x31, 0x2f, 0x62, 0x61, 0x74, 0x63, 0x68, 0x6e, 0x6f, 0x72,
  0x6d, 0x2f, 0x73, 0x75, 0x62, 0x31, 0x00, 0x00, 0x04, 0x00, 0x00, 0x00,
  0x01, 0x00, 0x00, 0x00, 0x62, 0x00, 0x00, 0x00, 0x14, 0x00, 0x00, 0x00,
  0x08, 0x00, 0x00, 0x00, 0xc6, 0xdc, 0xff, 0xff, 0x00, 0x00, 0x00, 0x01,
  0x14, 0x00, 0x00, 0x00, 0x84, 0x00, 0x00, 0x00, 0x15, 0x00, 0x00, 0x00,
  0x00, 0x00, 0x00, 0x09, 0xa4, 0x00, 0x00, 0x00, 0xcc, 0xdb, 0xff, 0xff,
  0x08, 0x00, 0x00, 0x00, 0x48, 0x00, 0x00, 0x00, 0x08, 0x00, 0x00, 0x00,
  0x00, 0x00, 0x00, 0x00, 0x00, 0x00, 0x00, 0x00, 0x00, 0x00, 0x00, 0x00,
  0x00, 0x00, 0x00, 0x00, 0x00, 0x00, 0x00, 0x00, 0x00, 0x00, 0x00, 0x00,
  0x00, 0x00, 0x00, 0x00, 0x00, 0x00, 0x00, 0x00, 0x00, 0x00, 0x00, 0x00,
  0x00, 0x00, 0x00, 0x00, 0x00, 0x00, 0x00, 0x00, 0x00, 0x00, 0x00, 0x00,
  0x00, 0x00, 0x00, 0x00, 0x00, 0x00, 0x00, 0x00, 0x00, 0x00, 0x00, 0x00,
  0x00, 0x00, 0x00, 0x00, 0x08, 0x00, 0x00, 0x00, 0xc2, 0xc4, 0x8e, 0x3b,
  0x5b, 0x30, 0xd8, 0x3b, 0x1c, 0xfb, 0x1b, 0x3b, 0xf3, 0x6f, 0x98, 0x3b,
  0x6c, 0x8b, 0xab, 0x3b, 0xdd, 0x9f, 0x1e, 0x3b, 0x09, 0xe5, 0x66, 0x3b,
  0x9c, 0x88, 0xd1, 0x3b, 0x25, 0x00, 0x00, 0x00, 0x70, 0x72, 0x61, 0x68,
  0x61, 0x72, 0x69, 0x5f, 0x64, 0x73, 0x63, 0x6e, 0x6e, 0x5f, 0x76, 0x35,
  0x5f, 0x31, 0x2f, 0x73, 0x74, 0x65, 0x6d, 0x5f, 0x31, 0x2f, 0x63, 0x6f,
  0x6e, 0x76, 0x6f, 0x6c, 0x75, 0x74, 0x69, 0x6f, 0x6e, 0x00, 0x00, 0x00,
  0x04, 0x00, 0x00, 0x00, 0x08, 0x00, 0x00, 0x00, 0x02, 0x00, 0x00, 0x00,
  0x10, 0x00, 0x00, 0x00, 0x01, 0x00, 0x00, 0x00, 0x96, 0xdd, 0xff, 0xff,
  0x00, 0x00, 0x00, 0x01, 0x14, 0x00, 0x00, 0x00, 0x88, 0x00, 0x00, 0x00,
  0x14, 0x00, 0x00, 0x00, 0x00, 0x00, 0x00, 0x02, 0x24, 0x01, 0x00, 0x00,
  0x9c, 0xdc, 0xff, 0xff, 0x08, 0x00, 0x00, 0x00, 0x4c, 0x00, 0x00, 0x00,
  0x08, 0x00, 0x00, 0x00, 0x00, 0x00, 0x00, 0x00, 0x00, 0x00, 0x00, 0x00,
  0x00, 0x00, 0x00, 0x00, 0x00, 0x00, 0x00, 0x00, 0x00, 0x00, 0x00, 0x00,
  0x00, 0x00, 0x00, 0x00, 0x00, 0x00, 0x00, 0x00, 0x00, 0x00, 0x00, 0x00,
  0x00, 0x00, 0x00, 0x00, 0x00, 0x00, 0x00, 0x00, 0x00, 0x00, 0x00, 0x00,
  0x00, 0x00, 0x00, 0x00, 0x00, 0x00, 0x00, 0x00, 0x00, 0x00, 0x00, 0x00,
  0x00, 0x00, 0x00, 0x00, 0x00, 0x00, 0x00, 0x00, 0x00, 0x00, 0x00, 0x00,
  0x08, 0x00, 0x00, 0x00, 0x4d, 0x33, 0x0a, 0x38, 0x7f, 0x45, 0x51, 0x38,
  0x6e, 0xfd, 0x96, 0x37, 0x4b, 0x8f, 0x13, 0x38, 0x41, 0x0e, 0x26, 0x38,
  0x87, 0x8c, 0x99, 0x37, 0xb7, 0x81, 0xdf, 0x37, 0x43, 0xd4, 0x4a, 0x38,
  0xa1, 0x00, 0x00, 0x00, 0x70, 0x72, 0x61, 0x68, 0x61, 0x72, 0x69, 0x5f,
  0x64, 0x73, 0x63, 0x6e, 0x6e, 0x5f, 0x76, 0x35, 0x5f, 0x31, 0x2f, 0x73,
  0x74, 0x65, 0x6d, 0x5f, 0x72, 0x65, 0x6c, 0x75, 0x5f, 0x31, 0x2f, 0x52,
  0x65, 0x6c, 0x75, 0x3b, 0x70, 0x72, 0x61, 0x68, 0x61, 0x72, 0x69, 0x5f,
  0x64, 0x73, 0x63, 0x6e, 0x6e, 0x5f, 0x76, 0x35, 0x5f, 0x31, 0x2f, 0x73,
  0x74, 0x65, 0x6d, 0x5f, 0x62, 0x6e, 0x5f, 0x31, 0x2f, 0x62, 0x61, 0x74,
  0x63, 0x68, 0x6e, 0x6f, 0x72, 0x6d, 0x2f, 0x61, 0x64, 0x64, 0x5f, 0x31,
  0x3b, 0x70, 0x72, 0x61, 0x68, 0x61, 0x72, 0x69, 0x5f, 0x64, 0x73, 0x63,
  0x6e, 0x6e, 0x5f, 0x76, 0x35, 0x5f, 0x31, 0x2f, 0x73, 0x74, 0x65, 0x6d,
  0x5f, 0x31, 0x2f, 0x63, 0x6f, 0x6e, 0x76, 0x6f, 0x6c, 0x75, 0x74, 0x69,
  0x6f, 0x6e, 0x3b, 0x70, 0x72, 0x61, 0x68, 0x61, 0x72, 0x69, 0x5f, 0x64,
  0x73, 0x63, 0x6e, 0x6e, 0x5f, 0x76, 0x35, 0x5f, 0x31, 0x2f, 0x73, 0x74,
  0x65, 0x6d, 0x5f, 0x62, 0x6e, 0x5f, 0x31, 0x2f, 0x62, 0x61, 0x74, 0x63,
  0x68, 0x6e, 0x6f, 0x72, 0x6d, 0x2f, 0x73, 0x75, 0x62, 0x00, 0x00, 0x00,
  0x01, 0x00, 0x00, 0x00, 0x08, 0x00, 0x00, 0x00, 0xda, 0xde, 0xff, 0xff,
  0x00, 0x00, 0x00, 0x01, 0x14, 0x00, 0x00, 0x00, 0x8c, 0x00, 0x00, 0x00,
  0x13, 0x00, 0x00, 0x00, 0x00, 0x00, 0x00, 0x09, 0x08, 0x01, 0x00, 0x00,
  0xda, 0xe8, 0xff, 0xff, 0x03, 0x00, 0x00, 0x00, 0x08, 0x00, 0x00, 0x00,
  0x4c, 0x00, 0x00, 0x00, 0x08, 0x00, 0x00, 0x00, 0x00, 0x00, 0x00, 0x00,
  0x00, 0x00, 0x00, 0x00, 0x00, 0x00, 0x00, 0x00, 0x00, 0x00, 0x00, 0x00,
  0x00, 0x00, 0x00, 0x00, 0x00, 0x00, 0x00, 0x00, 0x00, 0x00, 0x00, 0x00,
  0x00, 0x00, 0x00, 0x00, 0x00, 0x00, 0x00, 0x00, 0x00, 0x00, 0x00, 0x00,
  0x00, 0x00, 0x00, 0x00, 0x00, 0x00, 0x00, 0x00, 0x00, 0x00, 0x00, 0x00,
  0x00, 0x00, 0x00, 0x00, 0x00, 0x00, 0x00, 0x00, 0x00, 0x00, 0x00, 0x00,
  0x00, 0x00, 0x00, 0x00, 0x08, 0x00, 0x00, 0x00, 0x5d, 0x9b, 0x8c, 0x3b,
  0xb8, 0x0a, 0x42, 0x3b, 0x3d, 0xb2, 0x3b, 0x3c, 0xd9, 0x8a, 0x58, 0x3b,
  0x83, 0x82, 0x43, 0x3b, 0xe5, 0x49, 0x2b, 0x3c, 0x9b, 0xbb, 0x21, 0x3c,
  0xfc, 0x5a, 0xe8, 0x3a, 0x81, 0x00, 0x00, 0x00, 0x70, 0x72, 0x61, 0x68,
  0x61, 0x72, 0x69, 0x5f, 0x64, 0x73, 0x63, 0x6e, 0x6e, 0x5f, 0x76, 0x35,
  0x5f, 0x31, 0x2f, 0x64, 0x73, 0x31, 0x5f, 0x64, 0x77, 0x5f, 0x62, 0x6e,
  0x5f, 0x31, 0x2f, 0x62, 0x61, 0x74, 0x63, 0x68, 0x6e, 0x6f, 0x72, 0x6d,
  0x2f, 0x6d, 0x75, 0x6c, 0x5f, 0x31, 0x3b, 0x70, 0x72, 0x61, 0x68, 0x61,
  0x72, 0x69, 0x5f, 0x64, 0x73, 0x63, 0x6e, 0x6e, 0x5f, 0x76, 0x35, 0x5f,
  0x31, 0x2f, 0x64, 0x73, 0x31, 0x5f, 0x64, 0x77, 0x5f, 0x31, 0x2f, 0x64,
  0x65, 0x70, 0x74, 0x68, 0x77, 0x69, 0x73, 0x65, 0x3b, 0x70, 0x72, 0x61,
  0x68, 0x61, 0x72, 0x69, 0x5f, 0x64, 0x73, 0x63, 0x6e, 0x6e, 0x5f, 0x76,
  0x35, 0x5f, 0x31, 0x2f, 0x64, 0x73, 0x31, 0x5f, 0x64, 0x77, 0x5f, 0x62,
  0x6e, 0x5f, 0x31, 0x2f, 0x62, 0x61, 0x74, 0x63, 0x68, 0x6e, 0x6f, 0x72,
  0x6d, 0x2f, 0x6d, 0x75, 0x6c, 0x00, 0x00, 0x00, 0x04, 0x00, 0x00, 0x00,
  0x01, 0x00, 0x00, 0x00, 0x05, 0x00, 0x00, 0x00, 0x03, 0x00, 0x00, 0x00,
  0x08, 0x00, 0x00, 0x00, 0x0e, 0xe0, 0xff, 0xff, 0x00, 0x00, 0x00, 0x01,
  0x14, 0x00, 0x00, 0x00, 0x84, 0x00, 0x00, 0x00, 0x12, 0x00, 0x00, 0x00,
  0x00, 0x00, 0x00, 0x02, 0x80, 0x01, 0x00, 0x00, 0x14, 0xdf, 0xff, 0xff,
  0x08, 0x00, 0x00, 0x00, 0x48, 0x00, 0x00, 0x00, 0x08, 0x00, 0x00, 0x00,
  0x00, 0x00, 0x00, 0x00, 0x00, 0x00, 0x00, 0x00, 0x00, 0x00, 0x00, 0x00,
  0x00, 0x00, 0x00, 0x00, 0x00, 0x00, 0x00, 0x00, 0x00, 0x00, 0x00, 0x00,
  0x00, 0x00, 0x00, 0x00, 0x00, 0x00, 0x00, 0x00, 0x00, 0x00, 0x00, 0x00,
  0x00, 0x00, 0x00, 0x00, 0x00, 0x00, 0x00, 0x00, 0x00, 0x00, 0x00, 0x00,
  0x00, 0x00, 0x00, 0x00, 0x00, 0x00, 0x00, 0x00, 0x00, 0x00, 0x00, 0x00,
  0x00, 0x00, 0x00, 0x00, 0x08, 0x00, 0x00, 0x00, 0x89, 0x8e, 0xab, 0x38,
  0xf2, 0xc0, 0x6c, 0x38, 0xe3, 0x02, 0x65, 0x39, 0x7c, 0x1a, 0x84, 0x38,
  0x74, 0x8b, 0x6e, 0x38, 0xfb, 0xfd, 0x50, 0x39, 0x39, 0x55, 0x45, 0x39,
  0x16, 0xc0, 0x0d, 0x38, 0x03, 0x01, 0x00, 0x00, 0x70, 0x72, 0x61, 0x68,
  0x61, 0x72, 0x69, 0x5f, 0x64, 0x73, 0x63, 0x6e, 0x6e, 0x5f, 0x76, 0x35,
  0x5f, 0x31, 0x2f, 0x64, 0x73, 0x31, 0x5f, 0x64, 0x77, 0x5f, 0x72, 0x65,
  0x6c, 0x75, 0x5f, 0x31, 0x2f, 0x52, 0x65, 0x6c, 0x75, 0x3b, 0x70, 0x72,
  0x61, 0x68, 0x61, 0x72, 0x69, 0x5f, 0x64, 0x73, 0x63, 0x6e, 0x6e, 0x5f,
  0x76, 0x35, 0x5f, 0x31, 0x2f, 0x64, 0x73, 0x31, 0x5f, 0x64, 0x77, 0x5f,
  0x62, 0x6e, 0x5f, 0x31, 0x2f, 0x62, 0x61, 0x74, 0x63, 0x68, 0x6e, 0x6f,
  0x72, 0x6d, 0x2f, 0x61, 0x64, 0x64, 0x5f, 0x31, 0x3b, 0x70, 0x72, 0x61,
  0x68, 0x61, 0x72, 0x69, 0x5f, 0x64, 0x73, 0x63, 0x6e, 0x6e, 0x5f, 0x76,
  0x35, 0x5f, 0x31, 0x2f, 0x64, 0x73, 0x31, 0x5f, 0x64, 0x77, 0x5f, 0x62,
  0x6e, 0x5f, 0x31, 0x2f, 0x62, 0x61, 0x74, 0x63, 0x68, 0x6e, 0x6f, 0x72,
  0x6d, 0x2f, 0x6d, 0x75, 0x6c, 0x5f, 0x31, 0x3b, 0x70, 0x72, 0x61, 0x68,
  0x61, 0x72, 0x69, 0x5f, 0x64, 0x73, 0x63, 0x6e, 0x6e, 0x5f, 0x76, 0x35,
  0x5f, 0x31, 0x2f, 0x64, 0x73, 0x31, 0x5f, 0x64, 0x77, 0x5f, 0x31, 0x2f,
  0x64, 0x65, 0x70, 0x74, 0x68, 0x77, 0x69, 0x73, 0x65, 0x3b, 0x70, 0x72,
  0x61, 0x68, 0x61, 0x72, 0x69, 0x5f, 0x64, 0x73, 0x63, 0x6e, 0x6e, 0x5f,
  0x76, 0x35, 0x5f, 0x31, 0x2f, 0x64, 0x73, 0x31, 0x5f, 0x64, 0x77, 0x5f,
  0x62, 0x6e, 0x5f, 0x31, 0x2f, 0x62, 0x61, 0x74, 0x63, 0x68, 0x6e, 0x6f,
  0x72, 0x6d, 0x2f, 0x6d, 0x75, 0x6c, 0x3b, 0x70, 0x72, 0x61, 0x68, 0x61,
  0x72, 0x69, 0x5f, 0x64, 0x73, 0x63, 0x6e, 0x6e, 0x5f, 0x76, 0x35, 0x5f,
  0x31, 0x2f, 0x64, 0x73, 0x31, 0x5f, 0x64, 0x77, 0x5f, 0x62, 0x6e, 0x5f,
  0x31, 0x2f, 0x62, 0x61, 0x74, 0x63, 0x68, 0x6e, 0x6f, 0x72, 0x6d, 0x2f,
  0x73, 0x75, 0x62, 0x00, 0x01, 0x00, 0x00, 0x00, 0x08, 0x00, 0x00, 0x00,
  0xae, 0xe1, 0xff, 0xff, 0x00, 0x00, 0x00, 0x01, 0x14, 0x00, 0x00, 0x00,
  0xe4, 0x00, 0x00, 0x00, 0x11, 0x00, 0x00, 0x00, 0x00, 0x00, 0x00, 0x09,
  0x04, 0x01, 0x00, 0x00, 0xb4, 0xe0, 0xff, 0xff, 0x08, 0x00, 0x00, 0x00,
  0x88, 0x00, 0x00, 0x00, 0x10, 0x00, 0x00, 0x00, 0x00, 0x00, 0x00, 0x00,
  0x00, 0x00, 0x00, 0x00, 0x00, 0x00, 0x00, 0x00, 0x00, 0x00, 0x00, 0x00,
  0x00, 0x00, 0x00, 0x00, 0x00, 0x00, 0x00, 0x00, 0x00, 0x00, 0x00, 0x00,
  0x00, 0x00, 0x00, 0x00, 0x00, 0x00, 0x00, 0x00, 0x00, 0x00, 0x00, 0x00,
  0x00, 0x00, 0x00, 0x00, 0x00, 0x00, 0x00, 0x00, 0x00, 0x00, 0x00, 0x00,
  0x00, 0x00, 0x00, 0x00, 0x00, 0x00, 0x00, 0x00, 0x00, 0x00, 0x00, 0x00,
  0x00, 0x00, 0x00, 0x00, 0x00, 0x00, 0x00, 0x00, 0x00, 0x00, 0x00, 0x00,
  0x00, 0x00, 0x00, 0x00, 0x00, 0x00, 0x00, 0x00, 0x00, 0x00, 0x00, 0x00,
  0x00, 0x00, 0x00, 0x00, 0x00, 0x00, 0x00, 0x00, 0x00, 0x00, 0x00, 0x00,
  0x00, 0x00, 0x00, 0x00, 0x00, 0x00, 0x00, 0x00, 0x00, 0x00, 0x00, 0x00,
  0x00, 0x00, 0x00, 0x00, 0x00, 0x00, 0x00, 0x00, 0x00, 0x00, 0x00, 0x00,
  0x00, 0x00, 0x00, 0x00, 0x10, 0x00, 0x00, 0x00, 0x87, 0x8b, 0x06, 0x3c,
  0x32, 0x2f, 0x98, 0x3b, 0x9b, 0xc7, 0xee, 0x3b, 0xd6, 0x0d, 0x0f, 0x3c,
  0x88, 0x52, 0x20, 0x3c, 0x76, 0x47, 0x93, 0x3b, 0xbf, 0x06, 0x15, 0x3c,
  0xf0, 0x39, 0xb9, 0x3b, 0x0c, 0x3e, 0xb1, 0x3b, 0x57, 0x6a, 0x64, 0x3c,
  0x51, 0xc5, 0xd6, 0x3b, 0xe5, 0x13, 0x9b, 0x3b, 0xb0, 0xab, 0x9a, 0x3b,
  0x8b, 0x4b, 0x89, 0x3b, 0xc6, 0x1f, 0xc5, 0x3b, 0x1b, 0x5a, 0x19, 0x3c,
  0x27, 0x00, 0x00, 0x00, 0x70, 0x72, 0x61, 0x68, 0x61, 0x72, 0x69, 0x5f,
  0x64, 0x73, 0x63, 0x6e, 0x6e, 0x5f, 0x76, 0x35, 0x5f, 0x31, 0x2f, 0x64,
  0x73, 0x31, 0x5f, 0x70, 0x77, 0x5f, 0x31, 0x2f, 0x63, 0x6f, 0x6e, 0x76,
  0x6f, 0x6c, 0x75, 0x74, 0x69, 0x6f, 0x6e, 0x00, 0x04, 0x00, 0x00, 0x00,
  0x10, 0x00, 0x00, 0x00, 0x01, 0x00, 0x00, 0x00, 0x01, 0x00, 0x00, 0x00,
  0x08, 0x00, 0x00, 0x00, 0xde, 0xe2, 0xff, 0xff, 0x00, 0x00, 0x00, 0x01,
  0x14, 0x00, 0x00, 0x00, 0xe8, 0x00, 0x00, 0x00, 0x10, 0x00, 0x00, 0x00,
  0x00, 0x00, 0x00, 0x02, 0x8c, 0x01, 0x00, 0x00, 0xe4, 0xe1, 0xff, 0xff,
  0x08, 0x00, 0x00, 0x00, 0x8c, 0x00, 0x00, 0x00, 0x10, 0x00, 0x00, 0x00,
  0x00, 0x00, 0x00, 0x00, 0x00, 0x00, 0x00, 0x00, 0x00, 0x00, 0x00, 0x00,
  0x00, 0x00, 0x00, 0x00, 0x00, 0x00, 0x00, 0x00, 0x00, 0x00, 0x00, 0x00,
  0x00, 0x00, 0x00, 0x00, 0x00, 0x00, 0x00, 0x00, 0x00, 0x00, 0x00, 0x00,
  0x00, 0x00, 0x00, 0x00, 0x00, 0x00, 0x00, 0x00, 0x00, 0x00, 0x00, 0x00,
  0x00, 0x00, 0x00, 0x00, 0x00, 0x00, 0x00, 0x00, 0x00, 0x00, 0x00, 0x00,
  0x00, 0x00, 0x00, 0x00, 0x00, 0x00, 0x00, 0x00, 0x00, 0x00, 0x00, 0x00,
  0x00, 0x00, 0x00, 0x00, 0x00, 0x00, 0x00, 0x00, 0x00, 0x00, 0x00, 0x00,
  0x00, 0x00, 0x00, 0x00, 0x00, 0x00, 0x00, 0x00, 0x00, 0x00, 0x00, 0x00,
  0x00, 0x00, 0x00, 0x00, 0x00, 0x00, 0x00, 0x00, 0x00, 0x00, 0x00, 0x00,
  0x00, 0x00, 0x00, 0x00, 0x00, 0x00, 0x00, 0x00, 0x00, 0x00, 0x00, 0x00,
  0x00, 0x00, 0x00, 0x00, 0x00, 0x00, 0x00, 0x00, 0x00, 0x00, 0x00, 0x00,
  0x10, 0x00, 0x00, 0x00, 0x76, 0xdd, 0xb8, 0x39, 0xff, 0x19, 0x51, 0x39,
  0xb7, 0x0a, 0xa4, 0x39, 0x76, 0x8e, 0xc4, 0x39, 0x81, 0x48, 0xdc, 0x39,
  0x9e, 0x5c, 0x4a, 0x39, 0x30, 0xc3, 0xcc, 0x39, 0x53, 0x80, 0x7e, 0x39,
  0x04, 0x88, 0x73, 0x39, 0xeb, 0xeb, 0x1c, 0x3a, 0x35, 0x8c, 0x93, 0x39,
  0xb8, 0x13, 0x55, 0x39, 0x8a, 0x84, 0x54, 0x39, 0xc8, 0xa4, 0x3c, 0x39,
  0xa7, 0x6c, 0x87, 0x39, 0xb3, 0xb4, 0xd2, 0x39, 0xa9, 0x00, 0x00, 0x00,
  0x70, 0x72, 0x61, 0x68, 0x61, 0x72, 0x69, 0x5f, 0x64, 0x73, 0x63, 0x6e,
  0x6e, 0x5f, 0x76, 0x35, 0x5f, 0x31, 0x2f, 0x64, 0x73, 0x31, 0x5f, 0x70,
  0x77, 0x5f, 0x72, 0x65, 0x6c, 0x75, 0x5f, 0x31, 0x2f, 0x52, 0x65, 0x6c,
  0x75, 0x3b, 0x70, 0x72, 0x61, 0x68, 0x61, 0x72, 0x69, 0x5f, 0x64, 0x73,
  0x63, 0x6e, 0x6e, 0x5f, 0x76, 0x35, 0x5f, 0x31, 0x2f, 0x64, 0x73, 0x31,
  0x5f, 0x70, 0x77, 0x5f, 0x62, 0x6e, 0x5f, 0x31, 0x2f, 0x62, 0x61, 0x74,
  0x63, 0x68, 0x6e, 0x6f, 0x72, 0x6d, 0x2f, 0x61, 0x64, 0x64, 0x5f, 0x31,
  0x3b, 0x70, 0x72, 0x61, 0x68, 0x61, 0x72, 0x69, 0x5f, 0x64, 0x73, 0x63,
  0x6e, 0x6e, 0x5f, 0x76, 0x35, 0x5f, 0x31, 0x2f, 0x64, 0x73, 0x31, 0x5f,
  0x70, 0x77, 0x5f, 0x31, 0x2f, 0x63, 0x6f, 0x6e, 0x76, 0x6f, 0x6c, 0x75,
  0x74, 0x69, 0x6f, 0x6e, 0x3b, 0x70, 0x72, 0x61, 0x68, 0x61, 0x72, 0x69,
  0x5f, 0x64, 0x73, 0x63, 0x6e, 0x6e, 0x5f, 0x76, 0x35, 0x5f, 0x31, 0x2f,
  0x64, 0x73, 0x31, 0x5f, 0x70, 0x77, 0x5f, 0x62, 0x6e, 0x5f, 0x31, 0x2f,
  0x62, 0x61, 0x74, 0x63, 0x68, 0x6e, 0x6f, 0x72, 0x6d, 0x2f, 0x73, 0x75,
  0x62, 0x00, 0x00, 0x00, 0x01, 0x00, 0x00, 0x00, 0x10, 0x00, 0x00, 0x00,
  0x8a, 0xe4, 0xff, 0xff, 0x00, 0x00, 0x00, 0x01, 0x14, 0x00, 0x00, 0x00,
  0xec, 0x00, 0x00, 0x00, 0x0f, 0x00, 0x00, 0x00, 0x00, 0x00, 0x00, 0x09,
  0x68, 0x01, 0x00, 0x00, 0x8a, 0xee, 0xff, 0xff, 0x03, 0x00, 0x00, 0x00,
  0x08, 0x00, 0x00, 0x00, 0x8c, 0x00, 0x00, 0x00, 0x10, 0x00, 0x00, 0x00,
  0x00, 0x00, 0x00, 0x00, 0x00, 0x00, 0x00, 0x00, 0x00, 0x00, 0x00, 0x00,
  0x00, 0x00, 0x00, 0x00, 0x00, 0x00, 0x00, 0x00, 0x00, 0x00, 0x00, 0x00,
  0x00, 0x00, 0x00, 0x00, 0x00, 0x00, 0x00, 0x00, 0x00, 0x00, 0x00, 0x00,
  0x00, 0x00, 0x00, 0x00, 0x00, 0x00, 0x00, 0x00, 0x00, 0x00, 0x00, 0x00,
  0x00, 0x00, 0x00, 0x00, 0x00, 0x00, 0x00, 0x00, 0x00, 0x00, 0x00, 0x00,
  0x00, 0x00, 0x00, 0x00, 0x00, 0x00, 0x00, 0x00, 0x00, 0x00, 0x00, 0x00,
  0x00, 0x00, 0x00, 0x00, 0x00, 0x00, 0x00, 0x00, 0x00, 0x00, 0x00, 0x00,
  0x00, 0x00, 0x00, 0x00, 0x00, 0x00, 0x00, 0x00, 0x00, 0x00, 0x00, 0x00,
  0x00, 0x00, 0x00, 0x00, 0x00, 0x00, 0x00, 0x00, 0x00, 0x00, 0x00, 0x00,
  0x00, 0x00, 0x00, 0x00, 0x00, 0x00, 0x00, 0x00, 0x00, 0x00, 0x00, 0x00,
  0x00, 0x00, 0x00, 0x00, 0x00, 0x00, 0x00, 0x00, 0x00, 0x00, 0x00, 0x00,
  0x10, 0x00, 0x00, 0x00, 0xc6, 0x13, 0xa4, 0x3b, 0x3f, 0x3b, 0xe5, 0x3b,
  0x97, 0x23, 0x65, 0x3b, 0x56, 0x84, 0x93, 0x3b, 0x3c, 0x1a, 0x30, 0x3b,
  0xdf, 0x75, 0x15, 0x3c, 0xb1, 0x7f, 0xa8, 0x3b, 0x9c, 0x9d, 0xa8, 0x3b,
  0x55, 0x13, 0xd6, 0x3b, 0x15, 0xa5, 0xb2, 0x3b, 0x7b, 0x93, 0xcc, 0x3b,
  0xf1, 0xc2, 0xa2, 0x3b, 0xc7, 0x5c, 0xa3, 0x3b, 0x21, 0xa9, 0x17, 0x3c,
  0x05, 0xa2, 0x8d, 0x3b, 0xae, 0x7f, 0x26, 0x3b, 0x81, 0x00, 0x00, 0x00,
  0x70, 0x72, 0x61, 0x68, 0x61, 0x72, 0x69, 0x5f, 0x64, 0x73, 0x63, 0x6e,
  0x6e, 0x5f, 0x76, 0x35, 0x5f, 0x31, 0x2f, 0x64, 0x73, 0x32, 0x5f, 0x64,
  0x77, 0x5f, 0x62, 0x6e, 0x5f, 0x31, 0x2f, 0x62, 0x61, 0x74, 0x63, 0x68,
  0x6e, 0x6f, 0x72, 0x6d, 0x2f, 0x6d, 0x75, 0x6c, 0x5f, 0x31, 0x3b, 0x70,
  0x72, 0x61, 0x68, 0x61, 0x72, 0x69, 0x5f, 0x64, 0x73, 0x63, 0x6e, 0x6e,
  0x5f, 0x76, 0x35, 0x5f, 0x31, 0x2f, 0x64, 0x73, 0x32, 0x5f, 0x64, 0x77,
  0x5f, 0x31, 0x2f, 0x64, 0x65, 0x70, 0x74, 0x68, 0x77, 0x69, 0x73, 0x65,
  0x3b, 0x70, 0x72, 0x61, 0x68, 0x61, 0x72, 0x69, 0x5f, 0x64, 0x73, 0x63,
  0x6e, 0x6e, 0x5f, 0x76, 0x35, 0x5f, 0x31, 0x2f, 0x64, 0x73, 0x32, 0x5f,
  0x64, 0x77, 0x5f, 0x62, 0x6e, 0x5f, 0x31, 0x2f, 0x62, 0x61, 0x74, 0x63,
  0x68, 0x6e, 0x6f, 0x72, 0x6d, 0x2f, 0x6d, 0x75, 0x6c, 0x00, 0x00, 0x00,
  0x04, 0x00, 0x00, 0x00, 0x01, 0x00, 0x00, 0x00, 0x05, 0x00, 0x00, 0x00,
  0x03, 0x00, 0x00, 0x00, 0x10, 0x00, 0x00, 0x00, 0x1e, 0xe6, 0xff, 0xff,
  0x00, 0x00, 0x00, 0x01, 0x14, 0x00, 0x00, 0x00, 0xe4, 0x00, 0x00, 0x00,
  0x0e, 0x00, 0x00, 0x00, 0x00, 0x00, 0x00, 0x02, 0xe0, 0x01, 0x00, 0x00,
  0x24, 0xe5, 0xff, 0xff, 0x08, 0x00, 0x00, 0x00, 0x88, 0x00, 0x00, 0x00,
  0x10, 0x00, 0x00, 0x00, 0x00, 0x00, 0x00, 0x00, 0x00, 0x00, 0x00, 0x00,
  0x00, 0x00, 0x00, 0x00, 0x00, 0x00, 0x00, 0x00, 0x00, 0x00, 0x00, 0x00,
  0x00, 0x00, 0x00, 0x00, 0x00, 0x00, 0x00, 0x00, 0x00, 0x00, 0x00, 0x00,
  0x00, 0x00, 0x00, 0x00, 0x00, 0x00, 0x00, 0x00, 0x00, 0x00, 0x00, 0x00,
  0x00, 0x00, 0x00, 0x00, 0x00, 0x00, 0x00, 0x00, 0x00, 0x00, 0x00, 0x00,
  0x00, 0x00, 0x00, 0x00, 0x00, 0x00, 0x00, 0x00, 0x00, 0x00, 0x00, 0x00,
  0x00, 0x00, 0x00, 0x00, 0x00, 0x00, 0x00, 0x00, 0x00, 0x00, 0x00, 0x00,
  0x00, 0x00, 0x00, 0x00, 0x00, 0x00, 0x00, 0x00, 0x00, 0x00, 0x00, 0x00,
  0x00, 0x00, 0x00, 0x00, 0x00, 0x00, 0x00, 0x00, 0x00, 0x00, 0x00, 0x00,
  0x00, 0x00, 0x00, 0x00, 0x00, 0x00, 0x00, 0x00, 0x00, 0x00, 0x00, 0x00,
  0x00, 0x00, 0x00, 0x00, 0x00, 0x00, 0x00, 0x00, 0x00, 0x00, 0x00, 0x00,
  0x10, 0x00, 0x00, 0x00, 0x4a, 0x6f, 0x82, 0x39, 0xcb, 0x3a, 0xb6, 0x39,
  0xfd, 0x27, 0x36, 0x39, 0x38, 0x8a, 0x6a, 0x39, 0x8b, 0xfe, 0x0b, 0x39,
  0x43, 0xa1, 0xed, 0x39, 0x1f, 0xf3, 0x85, 0x39, 0xe7, 0x0a, 0x86, 0x39,
  0x6b, 0x2e, 0xaa, 0x39, 0xf0, 0x03, 0x8e, 0x39, 0x32, 0xa1, 0xa2, 0x39,
  0x86, 0x63, 0x81, 0x39, 0xd1, 0xdd, 0x81, 0x39, 0xcc, 0x20, 0xf1, 0x39,
  0x4d, 0x2f, 0x61, 0x39, 0x17, 0x5c, 0x04, 0x39, 0x03, 0x01, 0x00, 0x00,
  0x70, 0x72, 0x61, 0x68, 0x61, 0x72, 0x69, 0x5f, 0x64, 0x73, 0x63, 0x6e,
  0x6e, 0x5f, 0x76, 0x35, 0x5f, 0x31, 0x2f, 0x64, 0x73, 0x32, 0x5f, 0x64,
  0x77, 0x5f, 0x72, 0x65, 0x6c, 0x75, 0x5f, 0x31, 0x2f, 0x52, 0x65, 0x6c,
  0x75, 0x3b, 0x70, 0x72, 0x61, 0x68, 0x61, 0x72, 0x69, 0x5f, 0x64, 0x73,
  0x63, 0x6e, 0x6e, 0x5f, 0x76, 0x35, 0x5f, 0x31, 0x2f, 0x64, 0x73, 0x32,
  0x5f, 0x64, 0x77, 0x5f, 0x62, 0x6e, 0x5f, 0x31, 0x2f, 0x62, 0x61, 0x74,
  0x63, 0x68, 0x6e, 0x6f, 0x72, 0x6d, 0x2f, 0x61, 0x64, 0x64, 0x5f, 0x31,
  0x3b, 0x70, 0x72, 0x61, 0x68, 0x61, 0x72, 0x69, 0x5f, 0x64, 0x73, 0x63,
  0x6e, 0x6e, 0x5f, 0x76, 0x35, 0x5f, 0x31, 0x2f, 0x64, 0x73, 0x32, 0x5f,
  0x64, 0x77, 0x5f, 0x62, 0x6e, 0x5f, 0x31, 0x2f, 0x62, 0x61, 0x74, 0x63,
  0x68, 0x6e, 0x6f, 0x72, 0x6d, 0x2f, 0x6d, 0x75, 0x6c, 0x5f, 0x31, 0x3b,
  0x70, 0x72, 0x61, 0x68, 0x61, 0x72, 0x69, 0x5f, 0x64, 0x73, 0x63, 0x6e,
  0x6e, 0x5f, 0x76, 0x35, 0x5f, 0x31, 0x2f, 0x64, 0x73, 0x32, 0x5f, 0x64,
  0x77, 0x5f, 0x31, 0x2f, 0x64, 0x65, 0x70, 0x74, 0x68, 0x77, 0x69, 0x73,
  0x65, 0x3b, 0x70, 0x72, 0x61, 0x68, 0x61, 0x72, 0x69, 0x5f, 0x64, 0x73,
  0x63, 0x6e, 0x6e, 0x5f, 0x76, 0x35, 0x5f, 0x31, 0x2f, 0x64, 0x73, 0x32,
  0x5f, 0x64, 0x77, 0x5f, 0x62, 0x6e, 0x5f, 0x31, 0x2f, 0x62, 0x61, 0x74,
  0x63, 0x68, 0x6e, 0x6f, 0x72, 0x6d, 0x2f, 0x6d, 0x75, 0x6c, 0x3b, 0x70,
  0x72, 0x61, 0x68, 0x61, 0x72, 0x69, 0x5f, 0x64, 0x73, 0x63, 0x6e, 0x6e,
  0x5f, 0x76, 0x35, 0x5f, 0x31, 0x2f, 0x64, 0x73, 0x32, 0x5f, 0x64, 0x77,
  0x5f, 0x62, 0x6e, 0x5f, 0x31, 0x2f, 0x62, 0x61, 0x74, 0x63, 0x68, 0x6e,
  0x6f, 0x72, 0x6d, 0x2f, 0x73, 0x75, 0x62, 0x00, 0x01, 0x00, 0x00, 0x00,
  0x10, 0x00, 0x00, 0x00, 0x1e, 0xe8, 0xff, 0xff, 0x00, 0x00, 0x00, 0x01,
  0x14, 0x00, 0x00, 0x00, 0xa4, 0x01, 0x00, 0x00, 0x0d, 0x00, 0x00, 0x00,
  0x00, 0x00, 0x00, 0x09, 0xc4, 0x01, 0x00, 0x00, 0x24, 0xe7, 0xff, 0xff,
  0x08, 0x00, 0x00, 0x00, 0x08, 0x01, 0x00, 0x00, 0x20, 0x00, 0x00, 0x00,
  0x00, 0x00, 0x00, 0x00, 0x00, 0x00, 0x00, 0x00, 0x00, 0x00, 0x00, 0x00,
  0x00, 0x00, 0x00, 0x00, 0x00, 0x00, 0x00, 0x00, 0x00, 0x00, 0x00, 0x00,
  0x00, 0x00, 0x00, 0x00, 0x00, 0x00, 0x00, 0x00, 0x00, 0x00, 0x00, 0x00,
  0x00, 0x00, 0x00, 0x00, 0x00, 0x00, 0x00, 0x00, 0x00, 0x00, 0x00, 0x00,
  0x00, 0x00, 0x00, 0x00, 0x00, 0x00, 0x00, 0x00, 0x00, 0x00, 0x00, 0x00,
  0x00, 0x00, 0x00, 0x00, 0x00, 0x00, 0x00, 0x00, 0x00, 0x00, 0x00, 0x00,
  0x00, 0x00, 0x00, 0x00, 0x00, 0x00, 0x00, 0x00, 0x00, 0x00, 0x00, 0x00,
  0x00, 0x00, 0x00, 0x00, 0x00, 0x00, 0x00, 0x00, 0x00, 0x00, 0x00, 0x00,
  0x00, 0x00, 0x00, 0x00, 0x00, 0x00, 0x00, 0x00, 0x00, 0x00, 0x00, 0x00,
  0x00, 0x00, 0x00, 0x00, 0x00, 0x00, 0x00, 0x00, 0x00, 0x00, 0x00, 0x00,
  0x00, 0x00, 0x00, 0x00, 0x00, 0x00, 0x00, 0x00, 0x00, 0x00, 0x00, 0x00,
  0x00, 0x00, 0x00, 0x00, 0x00, 0x00, 0x00, 0x00, 0x00, 0x00, 0x00, 0x00,
  0x00, 0x00, 0x00, 0x00, 0x00, 0x00, 0x00, 0x00, 0x00, 0x00, 0x00, 0x00,
  0x00, 0x00, 0x00, 0x00, 0x00, 0x00, 0x00, 0x00, 0x00, 0x00, 0x00, 0x00,
  0x00, 0x00, 0x00, 0x00, 0x00, 0x00, 0x00, 0x00, 0x00, 0x00, 0x00, 0x00,
  0x00, 0x00, 0x00, 0x00, 0x00, 0x00, 0x00, 0x00, 0x00, 0x00, 0x00, 0x00,
  0x00, 0x00, 0x00, 0x00, 0x00, 0x00, 0x00, 0x00, 0x00, 0x00, 0x00, 0x00,
  0x00, 0x00, 0x00, 0x00, 0x00, 0x00, 0x00, 0x00, 0x00, 0x00, 0x00, 0x00,
  0x00, 0x00, 0x00, 0x00, 0x00, 0x00, 0x00, 0x00, 0x00, 0x00, 0x00, 0x00,
  0x00, 0x00, 0x00, 0x00, 0x00, 0x00, 0x00, 0x00, 0x00, 0x00, 0x00, 0x00,
  0x00, 0x00, 0x00, 0x00, 0x00, 0x00, 0x00, 0x00, 0x00, 0x00, 0x00, 0x00,
  0x00, 0x00, 0x00, 0x00, 0x20, 0x00, 0x00, 0x00, 0x68, 0xfa, 0xc4, 0x3a,
  0x21, 0xc8, 0xdc, 0x3a, 0xed, 0x54, 0x3b, 0x3b, 0x45, 0xee, 0x05, 0x3b,
  0x6d, 0x3f, 0xb8, 0x3a, 0xed, 0xca, 0xba, 0x3a, 0x82, 0x9e, 0x6d, 0x3b,
  0xdb, 0x0f, 0x6b, 0x3b, 0x95, 0xe6, 0x04, 0x3b, 0xe9, 0xa0, 0x0b, 0x3b,
  0x16, 0x12, 0x0f, 0x3a, 0xfe, 0x3e, 0x69, 0x3a, 0xea, 0x6a, 0x49, 0x3a,
  0x45, 0x86, 0x94, 0x3b, 0x80, 0x47, 0xfc, 0x3a, 0x97, 0xe5, 0x48, 0x3b,
  0xdc, 0x0d, 0xd9, 0x3a, 0xec, 0xde, 0xa5, 0x3a, 0xb7, 0x31, 0x18, 0x3b,
  0x3c, 0x1c, 0x90, 0x3a, 0x5b, 0xe0, 0x0c, 0x3b, 0xd3, 0x88, 0xe9, 0x3a,
  0x90, 0xb3, 0x13, 0x3b, 0x9d, 0x1a, 0xc3, 0x3a, 0x14, 0xe0, 0x3a, 0x3b,
  0xfb, 0x23, 0x0d, 0x3b, 0x03, 0x64, 0x3a, 0x3b, 0xed, 0xdb, 0x21, 0x3b,
  0x9b, 0xd5, 0x4c, 0x3b, 0x96, 0x38, 0xd8, 0x3a, 0x6d, 0x46, 0x06, 0x3b,
  0xc5, 0xbc, 0x89, 0x3b, 0x27, 0x00, 0x00, 0x00, 0x70, 0x72, 0x61, 0x68,
  0x61, 0x72, 0x69, 0x5f, 0x64, 0x73, 0x63, 0x6e, 0x6e, 0x5f, 0x76, 0x35,
  0x5f, 0x31, 0x2f, 0x64, 0x73, 0x32, 0x5f, 0x70, 0x77, 0x5f, 0x31, 0x2f,
  0x63, 0x6f, 0x6e, 0x76, 0x6f, 0x6c, 0x75, 0x74, 0x69, 0x6f, 0x6e, 0x00,
  0x04, 0x00, 0x00, 0x00, 0x20, 0x00, 0x00, 0x00, 0x01, 0x00, 0x00, 0x00,
  0x01, 0x00, 0x00, 0x00, 0x10, 0x00, 0x00, 0x00, 0x0e, 0xea, 0xff, 0xff,
  0x00, 0x00, 0x00, 0x01, 0x14, 0x00, 0x00, 0x00, 0xa8, 0x01, 0x00, 0x00,
  0x0c, 0x00, 0x00, 0x00, 0x00, 0x00, 0x00, 0x02, 0x4c, 0x02, 0x00, 0x00,
  0x14, 0xe9, 0xff, 0xff, 0x08, 0x00, 0x00, 0x00, 0x0c, 0x01, 0x00, 0x00,
  0x20, 0x00, 0x00, 0x00, 0x00, 0x00, 0x00, 0x00, 0x00, 0x00, 0x00, 0x00,
  0x00, 0x00, 0x00, 0x00, 0x00, 0x00, 0x00, 0x00, 0x00, 0x00, 0x00, 0x00,
  0x00, 0x00, 0x00, 0x00, 0x00, 0x00, 0x00, 0x00, 0x00, 0x00, 0x00, 0x00,
  0x00, 0x00, 0x00, 0x00, 0x00, 0x00, 0x00, 0x00, 0x00, 0x00, 0x00, 0x00,
  0x00, 0x00, 0x00, 0x00, 0x00, 0x00, 0x00, 0x00, 0x00, 0x00, 0x00, 0x00,
  0x00, 0x00, 0x00, 0x00, 0x00, 0x00, 0x00, 0x00, 0x00, 0x00, 0x00, 0x00,
  0x00, 0x00, 0x00, 0x00, 0x00, 0x00, 0x00, 0x00, 0x00, 0x00, 0x00, 0x00,
  0x00, 0x00, 0x00, 0x00, 0x00, 0x00, 0x00, 0x00, 0x00, 0x00, 0x00, 0x00,
  0x00, 0x00, 0x00, 0x00, 0x00, 0x00, 0x00, 0x00, 0x00, 0x00, 0x00, 0x00,
  0x00, 0x00, 0x00, 0x00, 0x00, 0x00, 0x00, 0x00, 0x00, 0x00, 0x00, 0x00,
  0x00, 0x00, 0x00, 0x00, 0x00, 0x00, 0x00, 0x00, 0x00, 0x00, 0x00, 0x00,
  0x00, 0x00, 0x00, 0x00, 0x00, 0x00, 0x00, 0x00, 0x00, 0x00, 0x00, 0x00,
  0x00, 0x00, 0x00, 0x00, 0x00, 0x00, 0x00, 0x00, 0x00, 0x00, 0x00, 0x00,
  0x00, 0x00, 0x00, 0x00, 0x00, 0x00, 0x00, 0x00, 0x00, 0x00, 0x00, 0x00,
  0x00, 0x00, 0x00, 0x00, 0x00, 0x00, 0x00, 0x00, 0x00, 0x00, 0x00, 0x00,
  0x00, 0x00, 0x00, 0x00, 0x00, 0x00, 0x00, 0x00, 0x00, 0x00, 0x00, 0x00,
  0x00, 0x00, 0x00, 0x00, 0x00, 0x00, 0x00, 0x00, 0x00, 0x00, 0x00, 0x00,
  0x00, 0x00, 0x00, 0x00, 0x00, 0x00, 0x00, 0x00, 0x00, 0x00, 0x00, 0x00,
  0x00, 0x00, 0x00, 0x00, 0x00, 0x00, 0x00, 0x00, 0x00, 0x00, 0x00, 0x00,
  0x00, 0x00, 0x00, 0x00, 0x00, 0x00, 0x00, 0x00, 0x00, 0x00, 0x00, 0x00,
  0x00, 0x00, 0x00, 0x00, 0x00, 0x00, 0x00, 0x00, 0x00, 0x00, 0x00, 0x00,
  0x00, 0x00, 0x00, 0x00, 0x00, 0x00, 0x00, 0x00, 0x00, 0x00, 0x00, 0x00,
  0x20, 0x00, 0x00, 0x00, 0x5f, 0xa7, 0x95, 0x38, 0x10, 0xbd, 0xa7, 0x38,
  0x30, 0x53, 0x0e, 0x39, 0xdc, 0x81, 0xcb, 0x38, 0x5d, 0xfb, 0x8b, 0x38,
  0x57, 0xea, 0x8d, 0x38, 0xde, 0x87, 0x34, 0x39, 0x7f, 0x96, 0x32, 0x39,
  0x30, 0xf1, 0xc9, 0x38, 0x42, 0x2a, 0xd4, 0x38, 0x34, 0x65, 0xd9, 0x37,
  0x51, 0x35, 0x31, 0x38, 0xd4, 0x06, 0x19, 0x38, 0xb3, 0xae, 0x61, 0x39,
  0x32, 0xab, 0xbf, 0x38, 0x89, 0xa1, 0x18, 0x39, 0x0f, 0xe8, 0xa4, 0x38,
  0x41, 0x0a, 0x7c, 0x38, 0x2f, 0x42, 0xe7, 0x38, 0x9d, 0xf9, 0x5a, 0x38,
  0xa8, 0x0f, 0xd6, 0x38, 0x69, 0x6d, 0xb1, 0x38, 0x88, 0x6e, 0xe0, 0x38,
  0xd9, 0x3a, 0x94, 0x38, 0x69, 0xfa, 0x0d, 0x39, 0x69, 0x76, 0xd6, 0x38,
  0x27, 0x9c, 0x0d, 0x39, 0xbd, 0xf1, 0xf5, 0x38, 0x60, 0x9f, 0x1b, 0x39,
  0x06, 0x46, 0xa4, 0x38, 0xd0, 0x07, 0xcc, 0x38, 0x9c, 0x4a, 0x51, 0x39,
  0xa9, 0x00, 0x00, 0x00, 0x70, 0x72, 0x61, 0x68, 0x61, 0x72, 0x69, 0x5f,
  0x64, 0x73, 0x63, 0x6e, 0x6e, 0x5f, 0x76, 0x35, 0x5f, 0x31, 0x2f, 0x64,
  0x73, 0x32, 0x5f, 0x70, 0x77, 0x5f, 0x72, 0x65, 0x6c, 0x75, 0x5f, 0x31,
  0x2f, 0x52, 0x65, 0x6c, 0x75, 0x3b, 0x70, 0x72, 0x61, 0x68, 0x61, 0x72,
  0x69, 0x5f, 0x64, 0x73, 0x63, 0x6e, 0x6e, 0x5f, 0x76, 0x35, 0x5f, 0x31,
  0x2f, 0x64, 0x73, 0x32, 0x5f, 0x70, 0x77, 0x5f, 0x62, 0x6e, 0x5f, 0x31,
  0x2f, 0x62, 0x61, 0x74, 0x63, 0x68, 0x6e, 0x6f, 0x72, 0x6d, 0x2f, 0x61,
  0x64, 0x64, 0x5f, 0x31, 0x3b, 0x70, 0x72, 0x61, 0x68, 0x61, 0x72, 0x69,
  0x5f, 0x64, 0x73, 0x63, 0x6e, 0x6e, 0x5f, 0x76, 0x35, 0x5f, 0x31, 0x2f,
  0x64, 0x73, 0x32, 0x5f, 0x70, 0x77, 0x5f, 0x31, 0x2f, 0x63, 0x6f, 0x6e,
  0x76, 0x6f, 0x6c, 0x75, 0x74, 0x69, 0x6f, 0x6e, 0x3b, 0x70, 0x72, 0x61,
  0x68, 0x61, 0x72, 0x69, 0x5f, 0x64, 0x73, 0x63, 0x6e, 0x6e, 0x5f, 0x76,
  0x35, 0x5f, 0x31, 0x2f, 0x64, 0x73, 0x32, 0x5f, 0x70, 0x77, 0x5f, 0x62,
  0x6e, 0x5f, 0x31, 0x2f, 0x62, 0x61, 0x74, 0x63, 0x68, 0x6e, 0x6f, 0x72,
  0x6d, 0x2f, 0x73, 0x75, 0x62, 0x00, 0x00, 0x00, 0x01, 0x00, 0x00, 0x00,
  0x20, 0x00, 0x00, 0x00, 0x7a, 0xec, 0xff, 0xff, 0x00, 0x00, 0x00, 0x01,
  0x14, 0x00, 0x00, 0x00, 0xac, 0x01, 0x00, 0x00, 0x0b, 0x00, 0x00, 0x00,
  0x00, 0x00, 0x00, 0x09, 0x28, 0x02, 0x00, 0x00, 0x7a, 0xf6, 0xff, 0xff,
  0x03, 0x00, 0x00, 0x00, 0x08, 0x00, 0x00, 0x00, 0x0c, 0x01, 0x00, 0x00,
  0x20, 0x00, 0x00, 0x00, 0x00, 0x00, 0x00, 0x00, 0x00, 0x00, 0x00, 0x00,
  0x00, 0x00, 0x00, 0x00, 0x00, 0x00, 0x00, 0x00, 0x00, 0x00, 0x00, 0x00,
  0x00, 0x00, 0x00, 0x00, 0x00, 0x00, 0x00, 0x00, 0x00, 0x00, 0x00, 0x00,
  0x00, 0x00, 0x00, 0x00, 0x00, 0x00, 0x00, 0x00, 0x00, 0x00, 0x00, 0x00,
  0x00, 0x00, 0x00, 0x00, 0x00, 0x00, 0x00, 0x00, 0x00, 0x00, 0x00, 0x00,
  0x00, 0x00, 0x00, 0x00, 0x00, 0x00, 0x00, 0x00, 0x00, 0x00, 0x00, 0x00,
  0x00, 0x00, 0x00, 0x00, 0x00, 0x00, 0x00, 0x00, 0x00, 0x00, 0x00, 0x00,
  0x00, 0x00, 0x00, 0x00, 0x00, 0x00, 0x00, 0x00, 0x00, 0x00, 0x00, 0x00,
  0x00, 0x00, 0x00, 0x00, 0x00, 0x00, 0x00, 0x00, 0x00, 0x00, 0x00, 0x00,
  0x00, 0x00, 0x00, 0x00, 0x00, 0x00, 0x00, 0x00, 0x00, 0x00, 0x00, 0x00,
  0x00, 0x00, 0x00, 0x00, 0x00, 0x00, 0x00, 0x00, 0x00, 0x00, 0x00, 0x00,
  0x00, 0x00, 0x00, 0x00, 0x00, 0x00, 0x00, 0x00, 0x00, 0x00, 0x00, 0x00,
  0x00, 0x00, 0x00, 0x00, 0x00, 0x00, 0x00, 0x00, 0x00, 0x00, 0x00, 0x00,
  0x00, 0x00, 0x00, 0x00, 0x00, 0x00, 0x00, 0x00, 0x00, 0x00, 0x00, 0x00,
  0x00, 0x00, 0x00, 0x00, 0x00, 0x00, 0x00, 0x00, 0x00, 0x00, 0x00, 0x00,
  0x00, 0x00, 0x00, 0x00, 0x00, 0x00, 0x00, 0x00, 0x00, 0x00, 0x00, 0x00,
  0x00, 0x00, 0x00, 0x00, 0x00, 0x00, 0x00, 0x00, 0x00, 0x00, 0x00, 0x00,
  0x00, 0x00, 0x00, 0x00, 0x00, 0x00, 0x00, 0x00, 0x00, 0x00, 0x00, 0x00,
  0x00, 0x00, 0x00, 0x00, 0x00, 0x00, 0x00, 0x00, 0x00, 0x00, 0x00, 0x00,
  0x00, 0x00, 0x00, 0x00, 0x00, 0x00, 0x00, 0x00, 0x00, 0x00, 0x00, 0x00,
  0x00, 0x00, 0x00, 0x00, 0x00, 0x00, 0x00, 0x00, 0x00, 0x00, 0x00, 0x00,
  0x00, 0x00, 0x00, 0x00, 0x00, 0x00, 0x00, 0x00, 0x00, 0x00, 0x00, 0x00,
  0x20, 0x00, 0x00, 0x00, 0xb4, 0xe7, 0x74, 0x3d, 0x17, 0x2c, 0xa9, 0x3c,
  0xb2, 0xf3, 0xa6, 0x3c, 0xa9, 0xab, 0xee, 0x3c, 0xe2, 0x03, 0x27, 0x3d,
  0xeb, 0x3c, 0x3c, 0x3d, 0x20, 0xd6, 0x74, 0x3c, 0x44, 0x17, 0xf9, 0x3c,
  0x2c, 0xfa, 0x5e, 0x3d, 0x7b, 0xa5, 0xb0, 0x3c, 0xe1, 0x80, 0x4c, 0x3d,
  0x59, 0x98, 0x3f, 0x3d, 0xe0, 0xd9, 0x0d, 0x3d, 0x35, 0x56, 0x01, 0x3d,
  0xce, 0x66, 0xc0, 0x3c, 0xde, 0xa3, 0x11, 0x3d, 0x06, 0x9a, 0x00, 0x3d,
  0x53, 0xf0, 0x4a, 0x3d, 0xc4, 0x30, 0xa3, 0x3d, 0x70, 0x21, 0x54, 0x3d,
  0x45, 0x15, 0x64, 0x3d, 0xb1, 0x69, 0x05, 0x3d, 0x77, 0xb5, 0xdd, 0x3c,
  0xf3, 0x4d, 0x67, 0x3d, 0x48, 0xcb, 0x78, 0x3c, 0xf7, 0x0b, 0xde, 0x3c,
  0x5a, 0x7b, 0xdb, 0x3c, 0xd6, 0xe6, 0xa1, 0x3c, 0x58, 0x36, 0x5d, 0x3c,
  0x9e, 0x1d, 0xa9, 0x3c, 0x9d, 0xe2, 0x9e, 0x3c, 0x1c, 0xcd, 0x83, 0x3c,
  0x81, 0x00, 0x00, 0x00, 0x70, 0x72, 0x61, 0x68, 0x61, 0x72, 0x69, 0x5f,
  0x64, 0x73, 0x63, 0x6e, 0x6e, 0x5f, 0x76, 0x35, 0x5f, 0x31, 0x2f, 0x64,
  0x73, 0x33, 0x5f, 0x64, 0x77, 0x5f, 0x62, 0x6e, 0x5f, 0x31, 0x2f, 0x62,
  0x61, 0x74, 0x63, 0x68, 0x6e, 0x6f, 0x72, 0x6d, 0x2f, 0x6d, 0x75, 0x6c,
  0x5f, 0x31, 0x3b, 0x70, 0x72, 0x61, 0x68, 0x61, 0x72, 0x69, 0x5f, 0x64,
  0x73, 0x63, 0x6e, 0x6e, 0x5f, 0x76, 0x35, 0x5f, 0x31, 0x2f, 0x64, 0x73,
  0x33, 0x5f, 0x64, 0x77, 0x5f, 0x31, 0x2f, 0x64, 0x65, 0x70, 0x74, 0x68,
  0x77, 0x69, 0x73, 0x65, 0x3b, 0x70, 0x72, 0x61, 0x68, 0x61, 0x72, 0x69,
  0x5f, 0x64, 0x73, 0x63, 0x6e, 0x6e, 0x5f, 0x76, 0x35, 0x5f, 0x31, 0x2f,
  0x64, 0x73, 0x33, 0x5f, 0x64, 0x77, 0x5f, 0x62, 0x6e, 0x5f, 0x31, 0x2f,
  0x62, 0x61, 0x74, 0x63, 0x68, 0x6e, 0x6f, 0x72, 0x6d, 0x2f, 0x6d, 0x75,
  0x6c, 0x00, 0x00, 0x00, 0x04, 0x00, 0x00, 0x00, 0x01, 0x00, 0x00, 0x00,
  0x05, 0x00, 0x00, 0x00, 0x03, 0x00, 0x00, 0x00, 0x20, 0x00, 0x00, 0x00,
  0xce, 0xee, 0xff, 0xff, 0x00, 0x00, 0x00, 0x01, 0x14, 0x00, 0x00, 0x00,
  0xa4, 0x01, 0x00, 0x00, 0x0a, 0x00, 0x00, 0x00, 0x00, 0x00, 0x00, 0x02,
  0xa0, 0x02, 0x00, 0x00, 0xd4, 0xed, 0xff, 0xff, 0x08, 0x00, 0x00, 0x00,
  0x08, 0x01, 0x00, 0x00, 0x20, 0x00, 0x00, 0x00, 0x00, 0x00, 0x00, 0x00,
  0x00, 0x00, 0x00, 0x00, 0x00, 0x00, 0x00, 0x00, 0x00, 0x00, 0x00, 0x00,
  0x00, 0x00, 0x00, 0x00, 0x00, 0x00, 0x00, 0x00, 0x00, 0x00, 0x00, 0x00,
  0x00, 0x00, 0x00, 0x00, 0x00, 0x00, 0x00, 0x00, 0x00, 0x00, 0x00, 0x00,
  0x00, 0x00, 0x00, 0x00, 0x00, 0x00, 0x00, 0x00, 0x00, 0x00, 0x00, 0x00,
  0x00, 0x00, 0x00, 0x00, 0x00, 0x00, 0x00, 0x00, 0x00, 0x00, 0x00, 0x00,
  0x00, 0x00, 0x00, 0x00, 0x00, 0x00, 0x00, 0x00, 0x00, 0x00, 0x00, 0x00,
  0x00, 0x00, 0x00, 0x00, 0x00, 0x00, 0x00, 0x00, 0x00, 0x00, 0x00, 0x00,
  0x00, 0x00, 0x00, 0x00, 0x00, 0x00, 0x00, 0x00, 0x00, 0x00, 0x00, 0x00,
  0x00, 0x00, 0x00, 0x00, 0x00, 0x00, 0x00, 0x00, 0x00, 0x00, 0x00, 0x00,
  0x00, 0x00, 0x00, 0x00, 0x00, 0x00, 0x00, 0x00, 0x00, 0x00, 0x00, 0x00,
  0x00, 0x00, 0x00, 0x00, 0x00, 0x00, 0x00, 0x00, 0x00, 0x00, 0x00, 0x00,
  0x00, 0x00, 0x00, 0x00, 0x00, 0x00, 0x00, 0x00, 0x00, 0x00, 0x00, 0x00,
  0x00, 0x00, 0x00, 0x00, 0x00, 0x00, 0x00, 0x00, 0x00, 0x00, 0x00, 0x00,
  0x00, 0x00, 0x00, 0x00, 0x00, 0x00, 0x00, 0x00, 0x00, 0x00, 0x00, 0x00,
  0x00, 0x00, 0x00, 0x00, 0x00, 0x00, 0x00, 0x00, 0x00, 0x00, 0x00, 0x00,
  0x00, 0x00, 0x00, 0x00, 0x00, 0x00, 0x00, 0x00, 0x00, 0x00, 0x00, 0x00,
  0x00, 0x00, 0x00, 0x00, 0x00, 0x00, 0x00, 0x00, 0x00, 0x00, 0x00, 0x00,
  0x00, 0x00, 0x00, 0x00, 0x00, 0x00, 0x00, 0x00, 0x00, 0x00, 0x00, 0x00,
  0x00, 0x00, 0x00, 0x00, 0x00, 0x00, 0x00, 0x00, 0x00, 0x00, 0x00, 0x00,
  0x00, 0x00, 0x00, 0x00, 0x00, 0x00, 0x00, 0x00, 0x00, 0x00, 0x00, 0x00,
  0x00, 0x00, 0x00, 0x00, 0x00, 0x00, 0x00, 0x00, 0x00, 0x00, 0x00, 0x00,
  0x20, 0x00, 0x00, 0x00, 0x55, 0x0b, 0x23, 0x3a, 0x44, 0x40, 0x61, 0x39,
  0x74, 0x4b, 0x5e, 0x39, 0xc7, 0xe4, 0x9e, 0x39, 0x02, 0x61, 0xde, 0x39,
  0x09, 0xa3, 0xfa, 0x39, 0xa2, 0xff, 0x22, 0x39, 0xb8, 0xd4, 0xa5, 0x39,
  0x28, 0x72, 0x14, 0x3a, 0xed, 0x33, 0x6b, 0x39, 0xa7, 0x25, 0x08, 0x3a,
  0x5b, 0x1b, 0xff, 0x39, 0x8b, 0xdf, 0xbc, 0x39, 0xe4, 0x35, 0xac, 0x39,
  0x20, 0x17, 0x80, 0x39, 0x13, 0xeb, 0xc1, 0x39, 0x54, 0x3b, 0xab, 0x39,
  0xfc, 0x1a, 0x07, 0x3a, 0x53, 0x49, 0x59, 0x3a, 0x8f, 0x39, 0x0d, 0x3a,
  0x59, 0xd8, 0x17, 0x3a, 0x48, 0xa3, 0xb1, 0x39, 0xfc, 0x99, 0x93, 0x39,
  0x60, 0xfd, 0x19, 0x3a, 0x22, 0xa2, 0x25, 0x39, 0x92, 0xd3, 0x93, 0x39,
  0x6f, 0x1e, 0x92, 0x39, 0x06, 0x92, 0x57, 0x39, 0x5a, 0x45, 0x13, 0x39,
  0xff, 0x2c, 0x61, 0x39, 0xd1, 0x8d, 0x53, 0x39, 0xee, 0x7d, 0x2f, 0x39,
  0x03, 0x01, 0x00, 0x00, 0x70, 0x72, 0x61, 0x68, 0x61, 0x72, 0x69, 0x5f,
  0x64, 0x73, 0x63, 0x6e, 0x6e, 0x5f, 0x76, 0x35, 0x5f, 0x31, 0x2f, 0x64,
  0x73, 0x33, 0x5f, 0x64, 0x77, 0x5f, 0x72, 0x65, 0x6c, 0x75, 0x5f, 0x31,
  0x2f, 0x52, 0x65, 0x6c, 0x75, 0x3b, 0x70, 0x72, 0x61, 0x68, 0x61, 0x72,
  0x69, 0x5f, 0x64, 0x73, 0x63, 0x6e, 0x6e, 0x5f, 0x76, 0x35, 0x5f, 0x31,
  0x2f, 0x64, 0x73, 0x33, 0x5f, 0x64, 0x77, 0x5f, 0x62, 0x6e, 0x5f, 0x31,
  0x2f, 0x62, 0x61, 0x74, 0x63, 0x68, 0x6e, 0x6f, 0x72, 0x6d, 0x2f, 0x61,
  0x64, 0x64, 0x5f, 0x31, 0x3b, 0x70, 0x72, 0x61, 0x68, 0x61, 0x72, 0x69,
  0x5f, 0x64, 0x73, 0x63, 0x6e, 0x6e, 0x5f, 0x76, 0x35, 0x5f, 0x31, 0x2f,
  0x64, 0x73, 0x33, 0x5f, 0x64, 0x77, 0x5f, 0x62, 0x6e, 0x5f, 0x31, 0x2f,
  0x62, 0x61, 0x74, 0x63, 0x68, 0x6e, 0x6f, 0x72, 0x6d, 0x2f, 0x6d, 0x75,
  0x6c, 0x5f, 0x31, 0x3b, 0x70, 0x72, 0x61, 0x68, 0x61, 0x72, 0x69, 0x5f,
  0x64, 0x73, 0x63, 0x6e, 0x6e, 0x5f, 0x76, 0x35, 0x5f, 0x31, 0x2f, 0x64,
  0x73, 0x33, 0x5f, 0x64, 0x77, 0x5f, 0x31, 0x2f, 0x64, 0x65, 0x70, 0x74,
  0x68, 0x77, 0x69, 0x73, 0x65, 0x3b, 0x70, 0x72, 0x61, 0x68, 0x61, 0x72,
  0x69, 0x5f, 0x64, 0x73, 0x63, 0x6e, 0x6e, 0x5f, 0x76, 0x35, 0x5f, 0x31,
  0x2f, 0x64, 0x73, 0x33, 0x5f, 0x64, 0x77, 0x5f, 0x62, 0x6e, 0x5f, 0x31,
  0x2f, 0x62, 0x61, 0x74, 0x63, 0x68, 0x6e, 0x6f, 0x72, 0x6d, 0x2f, 0x6d,
  0x75, 0x6c, 0x3b, 0x70, 0x72, 0x61, 0x68, 0x61, 0x72, 0x69, 0x5f, 0x64,
  0x73, 0x63, 0x6e, 0x6e, 0x5f, 0x76, 0x35, 0x5f, 0x31, 0x2f, 0x64, 0x73,
  0x33, 0x5f, 0x64, 0x77, 0x5f, 0x62, 0x6e, 0x5f, 0x31, 0x2f, 0x62, 0x61,
  0x74, 0x63, 0x68, 0x6e, 0x6f, 0x72, 0x6d, 0x2f, 0x73, 0x75, 0x62, 0x00,
  0x01, 0x00, 0x00, 0x00, 0x20, 0x00, 0x00, 0x00, 0x8e, 0xf1, 0xff, 0xff,
  0x00, 0x00, 0x00, 0x01, 0x14, 0x00, 0x00, 0x00, 0xa4, 0x01, 0x00, 0x00,
  0x09, 0x00, 0x00, 0x00, 0x00, 0x00, 0x00, 0x09, 0xc4, 0x01, 0x00, 0x00,
  0x94, 0xf0, 0xff, 0xff, 0x08, 0x00, 0x00, 0x00, 0x08, 0x01, 0x00, 0x00,
  0x20, 0x00, 0x00, 0x00, 0x00, 0x00, 0x00, 0x00, 0x00, 0x00, 0x00, 0x00,
  0x00, 0x00, 0x00, 0x00, 0x00, 0x00, 0x00, 0x00, 0x00, 0x00, 0x00, 0x00,
  0x00, 0x00, 0x00, 0x00, 0x00, 0x00, 0x00, 0x00, 0x00, 0x00, 0x00, 0x00,
  0x00, 0x00, 0x00, 0x00, 0x00, 0x00, 0x00, 0x00, 0x00, 0x00, 0x00, 0x00,
  0x00, 0x00, 0x00, 0x00, 0x00, 0x00, 0x00, 0x00, 0x00, 0x00, 0x00, 0x00,
  0x00, 0x00, 0x00, 0x00, 0x00, 0x00, 0x00, 0x00, 0x00, 0x00, 0x00, 0x00,
  0x00, 0x00, 0x00, 0x00, 0x00, 0x00, 0x00, 0x00, 0x00, 0x00, 0x00, 0x00,
  0x00, 0x00, 0x00, 0x00, 0x00, 0x00, 0x00, 0x00, 0x00, 0x00, 0x00, 0x00,
  0x00, 0x00, 0x00, 0x00, 0x00, 0x00, 0x00, 0x00, 0x00, 0x00, 0x00, 0x00,
  0x00, 0x00, 0x00, 0x00, 0x00, 0x00, 0x00, 0x00, 0x00, 0x00, 0x00, 0x00,
  0x00, 0x00, 0x00, 0x00, 0x00, 0x00, 0x00, 0x00, 0x00, 0x00, 0x00, 0x00,
  0x00, 0x00, 0x00, 0x00, 0x00, 0x00, 0x00, 0x00, 0x00, 0x00, 0x00, 0x00,
  0x00, 0x00, 0x00, 0x00, 0x00, 0x00, 0x00, 0x00, 0x00, 0x00, 0x00, 0x00,
  0x00, 0x00, 0x00, 0x00, 0x00, 0x00, 0x00, 0x00, 0x00, 0x00, 0x00, 0x00,
  0x00, 0x00, 0x00, 0x00, 0x00, 0x00, 0x00, 0x00, 0x00, 0x00, 0x00, 0x00,
  0x00, 0x00, 0x00, 0x00, 0x00, 0x00, 0x00, 0x00, 0x00, 0x00, 0x00, 0x00,
  0x00, 0x00, 0x00, 0x00, 0x00, 0x00, 0x00, 0x00, 0x00, 0x00, 0x00, 0x00,
  0x00, 0x00, 0x00, 0x00, 0x00, 0x00, 0x00, 0x00, 0x00, 0x00, 0x00, 0x00,
  0x00, 0x00, 0x00, 0x00, 0x00, 0x00, 0x00, 0x00, 0x00, 0x00, 0x00, 0x00,
  0x00, 0x00, 0x00, 0x00, 0x00, 0x00, 0x00, 0x00, 0x00, 0x00, 0x00, 0x00,
  0x00, 0x00, 0x00, 0x00, 0x00, 0x00, 0x00, 0x00, 0x00, 0x00, 0x00, 0x00,
  0x00, 0x00, 0x00, 0x00, 0x00, 0x00, 0x00, 0x00, 0x20, 0x00, 0x00, 0x00,
  0xfa, 0xf6, 0x3d, 0x3b, 0xb1, 0x7b, 0x6c, 0x3b, 0x23, 0x33, 0x26, 0x3b,
  0x6a, 0x64, 0x6d, 0x3b, 0x47, 0x8f, 0x64, 0x3b, 0xdc, 0x60, 0x61, 0x3b,
  0x03, 0x8b, 0x03, 0x3b, 0xca, 0xec, 0x41, 0x3b, 0x7d, 0x39, 0x3f, 0x3b,
  0xf9, 0xd3, 0x4f, 0x3b, 0x76, 0x23, 0x2d, 0x3b, 0xcb, 0x2d, 0x87, 0x3b,
  0x37, 0xf0, 0x7d, 0x3b, 0x0c, 0xf9, 0x46, 0x3b, 0x36, 0x86, 0x56, 0x3b,
  0xc3, 0x5b, 0x2a, 0x3b, 0xbb, 0xf1, 0x24, 0x3b, 0xf1, 0x29, 0x84, 0x3b,
  0x8a, 0x75, 0x47, 0x3b, 0xda, 0x84, 0x53, 0x3b, 0x19, 0x61, 0x80, 0x3b,
  0x49, 0x5c, 0x4f, 0x3b, 0x5c, 0xc6, 0x28, 0x3b, 0x0d, 0x3d, 0x7e, 0x3b,
  0xb8, 0xfa, 0x2f, 0x3b, 0x10, 0xaf, 0x18, 0x3b, 0x5a, 0x2e, 0x3e, 0x3b,
  0xb6, 0x34, 0x12, 0x3b, 0x87, 0xc9, 0x80, 0x3b, 0xfc, 0x99, 0x7a, 0x3b,
  0xf4, 0x20, 0x58, 0x3b, 0x2b, 0x29, 0x62, 0x3b, 0x27, 0x00, 0x00, 0x00,
  0x70, 0x72, 0x61, 0x68, 0x61, 0x72, 0x69, 0x5f, 0x64, 0x73, 0x63, 0x6e,
  0x6e, 0x5f, 0x76, 0x35, 0x5f, 0x31, 0x2f, 0x64, 0x73, 0x33, 0x5f, 0x70,
  0x77, 0x5f, 0x31, 0x2f, 0x63, 0x6f, 0x6e, 0x76, 0x6f, 0x6c, 0x75, 0x74,
  0x69, 0x6f, 0x6e, 0x00, 0x04, 0x00, 0x00, 0x00, 0x20, 0x00, 0x00, 0x00,
  0x01, 0x00, 0x00, 0x00, 0x01, 0x00, 0x00, 0x00, 0x20, 0x00, 0x00, 0x00,
  0x7e, 0xf3, 0xff, 0xff, 0x00, 0x00, 0x00, 0x01, 0x14, 0x00, 0x00, 0x00,
  0xa4, 0x01, 0x00, 0x00, 0x08, 0x00, 0x00, 0x00, 0x00, 0x00, 0x00, 0x02,
  0x48, 0x02, 0x00, 0x00, 0x84, 0xf2, 0xff, 0xff, 0x08, 0x00, 0x00, 0x00,
  0x08, 0x01, 0x00, 0x00, 0x20, 0x00, 0x00, 0x00, 0x00, 0x00, 0x00, 0x00,
  0x00, 0x00, 0x00, 0x00, 0x00, 0x00, 0x00, 0x00, 0x00, 0x00, 0x00, 0x00,
  0x00, 0x00, 0x00, 0x00, 0x00, 0x00, 0x00, 0x00, 0x00, 0x00, 0x00, 0x00,
  0x00, 0x00, 0x00, 0x00, 0x00, 0x00, 0x00, 0x00, 0x00, 0x00, 0x00, 0x00,
  0x00, 0x00, 0x00, 0x00, 0x00, 0x00, 0x00, 0x00, 0x00, 0x00, 0x00, 0x00,
  0x00, 0x00, 0x00, 0x00, 0x00, 0x00, 0x00, 0x00, 0x00, 0x00, 0x00, 0x00,
  0x00, 0x00, 0x00, 0x00, 0x00, 0x00, 0x00, 0x00, 0x00, 0x00, 0x00, 0x00,
  0x00, 0x00, 0x00, 0x00, 0x00, 0x00, 0x00, 0x00, 0x00, 0x00, 0x00, 0x00,
  0x00, 0x00, 0x00, 0x00, 0x00, 0x00, 0x00, 0x00, 0x00, 0x00, 0x00, 0x00,
  0x00, 0x00, 0x00, 0x00, 0x00, 0x00, 0x00, 0x00, 0x00, 0x00, 0x00, 0x00,
  0x00, 0x00, 0x00, 0x00, 0x00, 0x00, 0x00, 0x00, 0x00, 0x00, 0x00, 0x00,
  0x00, 0x00, 0x00, 0x00, 0x00, 0x00, 0x00, 0x00, 0x00, 0x00, 0x00, 0x00,
  0x00, 0x00, 0x00, 0x00, 0x00, 0x00, 0x00, 0x00, 0x00, 0x00, 0x00, 0x00,
  0x00, 0x00, 0x00, 0x00, 0x00, 0x00, 0x00, 0x00, 0x00, 0x00, 0x00, 0x00,
  0x00, 0x00, 0x00, 0x00, 0x00, 0x00, 0x00, 0x00, 0x00, 0x00, 0x00, 0x00,
  0x00, 0x00, 0x00, 0x00, 0x00, 0x00, 0x00, 0x00, 0x00, 0x00, 0x00, 0x00,
  0x00, 0x00, 0x00, 0x00, 0x00, 0x00, 0x00, 0x00, 0x00, 0x00, 0x00, 0x00,
  0x00, 0x00, 0x00, 0x00, 0x00, 0x00, 0x00, 0x00, 0x00, 0x00, 0x00, 0x00,
  0x00, 0x00, 0x00, 0x00, 0x00, 0x00, 0x00, 0x00, 0x00, 0x00, 0x00, 0x00,
  0x00, 0x00, 0x00, 0x00, 0x00, 0x00, 0x00, 0x00, 0x00, 0x00, 0x00, 0x00,
  0x00, 0x00, 0x00, 0x00, 0x00, 0x00, 0x00, 0x00, 0x00, 0x00, 0x00, 0x00,
  0x00, 0x00, 0x00, 0x00, 0x00, 0x00, 0x00, 0x00, 0x00, 0x00, 0x00, 0x00,
  0x20, 0x00, 0x00, 0x00, 0xf1, 0x2f, 0xf8, 0x38, 0x49, 0x7b, 0x1a, 0x39,
  0x75, 0x23, 0xd9, 0x38, 0x4f, 0x13, 0x1b, 0x39, 0x3c, 0x4e, 0x15, 0x39,
  0x38, 0x3a, 0x13, 0x39, 0x1b, 0xdc, 0xab, 0x38, 0x7a, 0x5c, 0xfd, 0x38,
  0x4c, 0xd5, 0xf9, 0x38, 0x42, 0xc3, 0x07, 0x39, 0x35, 0x34, 0xe2, 0x38,
  0x29, 0x9c, 0x30, 0x39, 0x54, 0xe2, 0x25, 0x39, 0x66, 0xfa, 0x01, 0x39,
  0x14, 0x23, 0x0c, 0x39, 0x61, 0x92, 0xde, 0x38, 0x8b, 0x7f, 0xd7, 0x38,
  0xbf, 0xab, 0x2c, 0x39, 0xb9, 0x4b, 0x02, 0x39, 0x7f, 0x2c, 0x0a, 0x39,
  0xf5, 0xb9, 0x27, 0x39, 0x13, 0x75, 0x07, 0x39, 0xba, 0x80, 0xdc, 0x38,
  0x85, 0x14, 0x26, 0x39, 0x5d, 0xea, 0xe5, 0x38, 0xe7, 0x7a, 0xc7, 0x38,
  0x49, 0x78, 0xf8, 0x38, 0x47, 0x04, 0xbf, 0x38, 0x65, 0x42, 0x28, 0x39,
  0x4e, 0xb4, 0x23, 0x39, 0x65, 0x2f, 0x0d, 0x39, 0x12, 0xbd, 0x13, 0x39,
  0xa9, 0x00, 0x00, 0x00, 0x70, 0x72, 0x61, 0x68, 0x61, 0x72, 0x69, 0x5f,
  0x64, 0x73, 0x63, 0x6e, 0x6e, 0x5f, 0x76, 0x35, 0x5f, 0x31, 0x2f, 0x64,
  0x73, 0x33, 0x5f, 0x70, 0x77, 0x5f, 0x72, 0x65, 0x6c, 0x75, 0x5f, 0x31,
  0x2f, 0x52, 0x65, 0x6c, 0x75, 0x3b, 0x70, 0x72, 0x61, 0x68, 0x61, 0x72,
  0x69, 0x5f, 0x64, 0x73, 0x63, 0x6e, 0x6e, 0x5f, 0x76, 0x35, 0x5f, 0x31,
  0x2f, 0x64, 0x73, 0x33, 0x5f, 0x70, 0x77, 0x5f, 0x62, 0x6e, 0x5f, 0x31,
  0x2f, 0x62, 0x61, 0x74, 0x63, 0x68, 0x6e, 0x6f, 0x72, 0x6d, 0x2f, 0x61,
  0x64, 0x64, 0x5f, 0x31, 0x3b, 0x70, 0x72, 0x61, 0x68, 0x61, 0x72, 0x69,
  0x5f, 0x64, 0x73, 0x63, 0x6e, 0x6e, 0x5f, 0x76, 0x35, 0x5f, 0x31, 0x2f,
  0x64, 0x73, 0x33, 0x5f, 0x70, 0x77, 0x5f, 0x31, 0x2f, 0x63, 0x6f, 0x6e,
  0x76, 0x6f, 0x6c, 0x75, 0x74, 0x69, 0x6f, 0x6e, 0x3b, 0x70, 0x72, 0x61,
  0x68, 0x61, 0x72, 0x69, 0x5f, 0x64, 0x73, 0x63, 0x6e, 0x6e, 0x5f, 0x76,
  0x35, 0x5f, 0x31, 0x2f, 0x64, 0x73, 0x33, 0x5f, 0x70, 0x77, 0x5f, 0x62,
  0x6e, 0x5f, 0x31, 0x2f, 0x62, 0x61, 0x74, 0x63, 0x68, 0x6e, 0x6f, 0x72,
  0x6d, 0x2f, 0x73, 0x75, 0x62, 0x00, 0x00, 0x00, 0x01, 0x00, 0x00, 0x00,
  0x20, 0x00, 0x00, 0x00, 0x00, 0x00, 0x16, 0x00, 0x1e, 0x00, 0x18, 0x00,
  0x17, 0x00, 0x10, 0x00, 0x0c, 0x00, 0x08, 0x00, 0x00, 0x00, 0x00, 0x00,
  0x00, 0x00, 0x07, 0x00, 0x16, 0x00, 0x00, 0x00, 0x00, 0x00, 0x00, 0x01,
  0x28, 0x00, 0x00, 0x00, 0xc0, 0x01, 0x00, 0x00, 0x07, 0x00, 0x00, 0x00,
  0x00, 0x00, 0x00, 0x09, 0x3c, 0x02, 0x00, 0x00, 0x00, 0x00, 0x12, 0x00,
  0x10, 0x00, 0x00, 0x00, 0x00, 0x00, 0x0c, 0x00, 0x08, 0x00, 0x00, 0x00,
  0x00, 0x00, 0x04, 0x00, 0x12, 0x00, 0x00, 0x00, 0x03, 0x00, 0x00, 0x00,
  0x08, 0x00, 0x00, 0x00, 0x0c, 0x01, 0x00, 0x00, 0x20, 0x00, 0x00, 0x00,
  0x00, 0x00, 0x00, 0x00, 0x00, 0x00, 0x00, 0x00, 0x00, 0x00, 0x00, 0x00,
  0x00, 0x00, 0x00, 0x00, 0x00, 0x00, 0x00, 0x00, 0x00, 0x00, 0x00, 0x00,
  0x00, 0x00, 0x00, 0x00, 0x00, 0x00, 0x00, 0x00, 0x00, 0x00, 0x00, 0x00,
  0x00, 0x00, 0x00, 0x00, 0x00, 0x00, 0x00, 0x00, 0x00, 0x00, 0x00, 0x00,
  0x00, 0x00, 0x00, 0x00, 0x00, 0x00, 0x00, 0x00, 0x00, 0x00, 0x00, 0x00,
  0x00, 0x00, 0x00, 0x00, 0x00, 0x00, 0x00, 0x00, 0x00, 0x00, 0x00, 0x00,
  0x00, 0x00, 0x00, 0x00, 0x00, 0x00, 0x00, 0x00, 0x00, 0x00, 0x00, 0x00,
  0x00, 0x00, 0x00, 0x00, 0x00, 0x00, 0x00, 0x00, 0x00, 0x00, 0x00, 0x00,
  0x00, 0x00, 0x00, 0x00, 0x00, 0x00, 0x00, 0x00, 0x00, 0x00, 0x00, 0x00,
  0x00, 0x00, 0x00, 0x00, 0x00, 0x00, 0x00, 0x00, 0x00, 0x00, 0x00, 0x00,
  0x00, 0x00, 0x00, 0x00, 0x00, 0x00, 0x00, 0x00, 0x00, 0x00, 0x00, 0x00,
  0x00, 0x00, 0x00, 0x00, 0x00, 0x00, 0x00, 0x00, 0x00, 0x00, 0x00, 0x00,
  0x00, 0x00, 0x00, 0x00, 0x00, 0x00, 0x00, 0x00, 0x00, 0x00, 0x00, 0x00,
  0x00, 0x00, 0x00, 0x00, 0x00, 0x00, 0x00, 0x00, 0x00, 0x00, 0x00, 0x00,
  0x00, 0x00, 0x00, 0x00, 0x00, 0x00, 0x00, 0x00, 0x00, 0x00, 0x00, 0x00,
  0x00, 0x00, 0x00, 0x00, 0x00, 0x00, 0x00, 0x00, 0x00, 0x00, 0x00, 0x00,
  0x00, 0x00, 0x00, 0x00, 0x00, 0x00, 0x00, 0x00, 0x00, 0x00, 0x00, 0x00,
  0x00, 0x00, 0x00, 0x00, 0x00, 0x00, 0x00, 0x00, 0x00, 0x00, 0x00, 0x00,
  0x00, 0x00, 0x00, 0x00, 0x00, 0x00, 0x00, 0x00, 0x00, 0x00, 0x00, 0x00,
  0x00, 0x00, 0x00, 0x00, 0x00, 0x00, 0x00, 0x00, 0x00, 0x00, 0x00, 0x00,
  0x00, 0x00, 0x00, 0x00, 0x00, 0x00, 0x00, 0x00, 0x00, 0x00, 0x00, 0x00,
  0x00, 0x00, 0x00, 0x00, 0x00, 0x00, 0x00, 0x00, 0x20, 0x00, 0x00, 0x00,
  0xc0, 0xfa, 0x00, 0x3c, 0xf8, 0x39, 0xbe, 0x3b, 0xde, 0x2b, 0x25, 0x3c,
  0xc9, 0xc5, 0xb9, 0x3b, 0x2a, 0x4c, 0xc9, 0x3c, 0x94, 0xf4, 0x22, 0x3c,
  0x22, 0x6c, 0x12, 0x3c, 0x78, 0x14, 0xfe, 0x3b, 0x96, 0xaf, 0xa4, 0x3c,
  0x1f, 0xdd, 0x09, 0x3c, 0x8c, 0x17, 0x09, 0x3c, 0x53, 0xc5, 0xbf, 0x3b,
  0xb2, 0x19, 0x11, 0x3c, 0xd2, 0xff, 0x73, 0x3c, 0x99, 0xf9, 0x3c, 0x3c,
  0x0b, 0x31, 0x60, 0x3c, 0xed, 0xfb, 0x43, 0x3c, 0xb5, 0xc1, 0x0b, 0x3c,
  0x6e, 0x8e, 0x3f, 0x3c, 0x7f, 0xb1, 0xa8, 0x3c, 0x16, 0x42, 0xeb, 0x3b,
  0x27, 0x13, 0xb3, 0x3b, 0xec, 0x09, 0x54, 0x3c, 0xee, 0x48, 0x3a, 0x3c,
  0xe7, 0x42, 0x58, 0x3c, 0x16, 0xf5, 0x57, 0x3c, 0xdd, 0xf0, 0x10, 0x3c,
  0x88, 0xbc, 0x94, 0x3b, 0xe1, 0xcd, 0x12, 0x3c, 0xe9, 0xef, 0x26, 0x3c,
  0xab, 0x10, 0x94, 0x3b, 0x6e, 0xa2, 0x27, 0x3c, 0x81, 0x00, 0x00, 0x00,
  0x70, 0x72, 0x61, 0x68, 0x61, 0x72, 0x69, 0x5f, 0x64, 0x73, 0x63, 0x6e,
  0x6e, 0x5f, 0x76, 0x35, 0x5f, 0x31, 0x2f, 0x64, 0x73, 0x34, 0x5f, 0x64,
  0x77, 0x5f, 0x62, 0x6e, 0x5f, 0x31, 0x2f, 0x62, 0x61, 0x74, 0x63, 0x68,
  0x6e, 0x6f, 0x72, 0x6d, 0x2f, 0x6d, 0x75, 0x6c, 0x5f, 0x31, 0x3b, 0x70,
  0x72, 0x61, 0x68, 0x61, 0x72, 0x69, 0x5f, 0x64, 0x73, 0x63, 0x6e, 0x6e,
  0x5f, 0x76, 0x35, 0x5f, 0x31, 0x2f, 0x64, 0x73, 0x34, 0x5f, 0x64, 0x77,
  0x5f, 0x31, 0x2f, 0x64, 0x65, 0x70, 0x74, 0x68, 0x77, 0x69, 0x73, 0x65,
  0x3b, 0x70, 0x72, 0x61, 0x68, 0x61, 0x72, 0x69, 0x5f, 0x64, 0x73, 0x63,
  0x6e, 0x6e, 0x5f, 0x76, 0x35, 0x5f, 0x31, 0x2f, 0x64, 0x73, 0x34, 0x5f,
  0x64, 0x77, 0x5f, 0x62, 0x6e, 0x5f, 0x31, 0x2f, 0x62, 0x61, 0x74, 0x63,
  0x68, 0x6e, 0x6f, 0x72, 0x6d, 0x2f, 0x6d, 0x75, 0x6c, 0x00, 0x00, 0x00,
  0x04, 0x00, 0x00, 0x00, 0x01, 0x00, 0x00, 0x00, 0x05, 0x00, 0x00, 0x00,
  0x03, 0x00, 0x00, 0x00, 0x20, 0x00, 0x00, 0x00, 0x66, 0xf8, 0xff, 0xff,
  0x00, 0x00, 0x00, 0x01, 0x14, 0x00, 0x00, 0x00, 0xa4, 0x01, 0x00, 0x00,
  0x06, 0x00, 0x00, 0x00, 0x00, 0x00, 0x00, 0x02, 0xa0, 0x02, 0x00, 0x00,
  0x6c, 0xf7, 0xff, 0xff, 0x08, 0x00, 0x00, 0x00, 0x08, 0x01, 0x00, 0x00,
  0x20, 0x00, 0x00, 0x00, 0x00, 0x00, 0x00, 0x00, 0x00, 0x00, 0x00, 0x00,
  0x00, 0x00, 0x00, 0x00, 0x00, 0x00, 0x00, 0x00, 0x00, 0x00, 0x00, 0x00,
  0x00, 0x00, 0x00, 0x00, 0x00, 0x00, 0x00, 0x00, 0x00, 0x00, 0x00, 0x00,
  0x00, 0x00, 0x00, 0x00, 0x00, 0x00, 0x00, 0x00, 0x00, 0x00, 0x00, 0x00,
  0x00, 0x00, 0x00, 0x00, 0x00, 0x00, 0x00, 0x00, 0x00, 0x00, 0x00, 0x00,
  0x00, 0x00, 0x00, 0x00, 0x00, 0x00, 0x00, 0x00, 0x00, 0x00, 0x00, 0x00,
  0x00, 0x00, 0x00, 0x00, 0x00, 0x00, 0x00, 0x00, 0x00, 0x00, 0x00, 0x00,
  0x00, 0x00, 0x00, 0x00, 0x00, 0x00, 0x00, 0x00, 0x00, 0x00, 0x00, 0x00,
  0x00, 0x00, 0x00, 0x00, 0x00, 0x00, 0x00, 0x00, 0x00, 0x00, 0x00, 0x00,
  0x00, 0x00, 0x00, 0x00, 0x00, 0x00, 0x00, 0x00, 0x00, 0x00, 0x00, 0x00,
  0x00, 0x00, 0x00, 0x00, 0x00, 0x00, 0x00, 0x00, 0x00, 0x00, 0x00, 0x00,
  0x00, 0x00, 0x00, 0x00, 0x00, 0x00, 0x00, 0x00, 0x00, 0x00, 0x00, 0x00,
  0x00, 0x00, 0x00, 0x00, 0x00, 0x00, 0x00, 0x00, 0x00, 0x00, 0x00, 0x00,
  0x00, 0x00, 0x00, 0x00, 0x00, 0x00, 0x00, 0x00, 0x00, 0x00, 0x00, 0x00,
  0x00, 0x00, 0x00, 0x00, 0x00, 0x00, 0x00, 0x00, 0x00, 0x00, 0x00, 0x00,
  0x00, 0x00, 0x00, 0x00, 0x00, 0x00, 0x00, 0x00, 0x00, 0x00, 0x00, 0x00,
  0x00, 0x00, 0x00, 0x00, 0x00, 0x00, 0x00, 0x00, 0x00, 0x00, 0x00, 0x00,
  0x00, 0x00, 0x00, 0x00, 0x00, 0x00, 0x00, 0x00, 0x00, 0x00, 0x00, 0x00,
  0x00, 0x00, 0x00, 0x00, 0x00, 0x00, 0x00, 0x00, 0x00, 0x00, 0x00, 0x00,
  0x00, 0x00, 0x00, 0x00, 0x00, 0x00, 0x00, 0x00, 0x00, 0x00, 0x00, 0x00,
  0x00, 0x00, 0x00, 0x00, 0x00, 0x00, 0x00, 0x00, 0x00, 0x00, 0x00, 0x00,
  0x00, 0x00, 0x00, 0x00, 0x00, 0x00, 0x00, 0x00, 0x20, 0x00, 0x00, 0x00,
  0xb6, 0xa1, 0x56, 0x39, 0x90, 0x46, 0x1e, 0x39, 0xc9, 0x6d, 0x89, 0x39,
  0xe3, 0x91, 0x1a, 0x39, 0xb9, 0x7c, 0x27, 0x3a, 0xc8, 0x95, 0x87, 0x39,
  0x73, 0xa8, 0x73, 0x39, 0x79, 0x67, 0x53, 0x39, 0x61, 0x06, 0x09, 0x3a,
  0x70, 0x6a, 0x65, 0x39, 0xa9, 0x21, 0x64, 0x39, 0x83, 0x8f, 0x1f, 0x39,
  0x43, 0x75, 0x71, 0x39, 0x46, 0x04, 0xcb, 0x39, 0x00, 0x3c, 0x9d, 0x39,
  0x32, 0x89, 0xba, 0x39, 0xf3, 0x10, 0xa3, 0x39, 0xd4, 0x90, 0x68, 0x39,
  0xd7, 0x61, 0x9f, 0x39, 0xfa, 0x5b, 0x0c, 0x3a, 0x65, 0xbe, 0x43, 0x39,
  0x3f, 0xff, 0x14, 0x39, 0xa0, 0x6c, 0xb0, 0x39, 0x01, 0xff, 0x9a, 0x39,
  0x0b, 0xf0, 0xb3, 0x39, 0x4b, 0xaf, 0xb3, 0x39, 0x51, 0x31, 0x71, 0x39,
  0x3f, 0x82, 0xf7, 0x38, 0x1b, 0x4b, 0x74, 0x39, 0xe7, 0xe5, 0x8a, 0x39,
  0x40, 0x64, 0xf6, 0x38, 0x70, 0x7a, 0x8b, 0x39, 0x03, 0x01, 0x00, 0x00,
  0x70, 0x72, 0x61, 0x68, 0x61, 0x72, 0x69, 0x5f, 0x64, 0x73, 0x63, 0x6e,
  0x6e, 0x5f, 0x76, 0x35, 0x5f, 0x31, 0x2f, 0x64, 0x73, 0x34, 0x5f, 0x64,
  0x77, 0x5f, 0x72, 0x65, 0x6c, 0x75, 0x5f, 0x31, 0x2f, 0x52, 0x65, 0x6c,
  0x75, 0x3b, 0x70, 0x72, 0x61, 0x68, 0x61, 0x72, 0x69, 0x5f, 0x64, 0x73,
  0x63, 0x6e, 0x6e, 0x5f, 0x76, 0x35, 0x5f, 0x31, 0x2f, 0x64, 0x73, 0x34,
  0x5f, 0x64, 0x77, 0x5f, 0x62, 0x6e, 0x5f, 0x31, 0x2f, 0x62, 0x61, 0x74,
  0x63, 0x68, 0x6e, 0x6f, 0x72, 0x6d, 0x2f, 0x61, 0x64, 0x64, 0x5f, 0x31,
  0x3b, 0x70, 0x72, 0x61, 0x68, 0x61, 0x72, 0x69, 0x5f, 0x64, 0x73, 0x63,
  0x6e, 0x6e, 0x5f, 0x76, 0x35, 0x5f, 0x31, 0x2f, 0x64, 0x73, 0x34, 0x5f,
  0x64, 0x77, 0x5f, 0x62, 0x6e, 0x5f, 0x31, 0x2f, 0x62, 0x61, 0x74, 0x63,
  0x68, 0x6e, 0x6f, 0x72, 0x6d, 0x2f, 0x6d, 0x75, 0x6c, 0x5f, 0x31, 0x3b,
  0x70, 0x72, 0x61, 0x68, 0x61, 0x72, 0x69, 0x5f, 0x64, 0x73, 0x63, 0x6e,
  0x6e, 0x5f, 0x76, 0x35, 0x5f, 0x31, 0x2f, 0x64, 0x73, 0x34, 0x5f, 0x64,
  0x77, 0x5f, 0x31, 0x2f, 0x64, 0x65, 0x70, 0x74, 0x68, 0x77, 0x69, 0x73,
  0x65, 0x3b, 0x70, 0x72, 0x61, 0x68, 0x61, 0x72, 0x69, 0x5f, 0x64, 0x73,
  0x63, 0x6e, 0x6e, 0x5f, 0x76, 0x35, 0x5f, 0x31, 0x2f, 0x64, 0x73, 0x34,
  0x5f, 0x64, 0x77, 0x5f, 0x62, 0x6e, 0x5f, 0x31, 0x2f, 0x62, 0x61, 0x74,
  0x63, 0x68, 0x6e, 0x6f, 0x72, 0x6d, 0x2f, 0x6d, 0x75, 0x6c, 0x3b, 0x70,
  0x72, 0x61, 0x68, 0x61, 0x72, 0x69, 0x5f, 0x64, 0x73, 0x63, 0x6e, 0x6e,
  0x5f, 0x76, 0x35, 0x5f, 0x31, 0x2f, 0x64, 0x73, 0x34, 0x5f, 0x64, 0x77,
  0x5f, 0x62, 0x6e, 0x5f, 0x31, 0x2f, 0x62, 0x61, 0x74, 0x63, 0x68, 0x6e,
  0x6f, 0x72, 0x6d, 0x2f, 0x73, 0x75, 0x62, 0x00, 0x01, 0x00, 0x00, 0x00,
  0x20, 0x00, 0x00, 0x00, 0x26, 0xfb, 0xff, 0xff, 0x00, 0x00, 0x00, 0x01,
  0x14, 0x00, 0x00, 0x00, 0xa4, 0x01, 0x00, 0x00, 0x05, 0x00, 0x00, 0x00,
  0x00, 0x00, 0x00, 0x09, 0xc4, 0x01, 0x00, 0x00, 0x2c, 0xfa, 0xff, 0xff,
  0x08, 0x00, 0x00, 0x00, 0x08, 0x01, 0x00, 0x00, 0x20, 0x00, 0x00, 0x00,
  0x00, 0x00, 0x00, 0x00, 0x00, 0x00, 0x00, 0x00, 0x00, 0x00, 0x00, 0x00,
  0x00, 0x00, 0x00, 0x00, 0x00, 0x00, 0x00, 0x00, 0x00, 0x00, 0x00, 0x00,
  0x00, 0x00, 0x00, 0x00, 0x00, 0x00, 0x00, 0x00, 0x00, 0x00, 0x00, 0x00,
  0x00, 0x00, 0x00, 0x00, 0x00, 0x00, 0x00, 0x00, 0x00, 0x00, 0x00, 0x00,
  0x00, 0x00, 0x00, 0x00, 0x00, 0x00, 0x00, 0x00, 0x00, 0x00, 0x00, 0x00,
  0x00, 0x00, 0x00, 0x00, 0x00, 0x00, 0x00, 0x00, 0x00, 0x00, 0x00, 0x00,
  0x00, 0x00, 0x00, 0x00, 0x00, 0x00, 0x00, 0x00, 0x00, 0x00, 0x00, 0x00,
  0x00, 0x00, 0x00, 0x00, 0x00, 0x00, 0x00, 0x00, 0x00, 0x00, 0x00, 0x00,
  0x00, 0x00, 0x00, 0x00, 0x00, 0x00, 0x00, 0x00, 0x00, 0x00, 0x00, 0x00,
  0x00, 0x00, 0x00, 0x00, 0x00, 0x00, 0x00, 0x00, 0x00, 0x00, 0x00, 0x00,
  0x00, 0x00, 0x00, 0x00, 0x00, 0x00, 0x00, 0x00, 0x00, 0x00, 0x00, 0x00,
  0x00, 0x00, 0x00, 0x00, 0x00, 0x00, 0x00, 0x00, 0x00, 0x00, 0x00, 0x00,
  0x00, 0x00, 0x00, 0x00, 0x00, 0x00, 0x00, 0x00, 0x00, 0x00, 0x00, 0x00,
  0x00, 0x00, 0x00, 0x00, 0x00, 0x00, 0x00, 0x00, 0x00, 0x00, 0x00, 0x00,
  0x00, 0x00, 0x00, 0x00, 0x00, 0x00, 0x00, 0x00, 0x00, 0x00, 0x00, 0x00,
  0x00, 0x00, 0x00, 0x00, 0x00, 0x00, 0x00, 0x00, 0x00, 0x00, 0x00, 0x00,
  0x00, 0x00, 0x00, 0x00, 0x00, 0x00, 0x00, 0x00, 0x00, 0x00, 0x00, 0x00,
  0x00, 0x00, 0x00, 0x00, 0x00, 0x00, 0x00, 0x00, 0x00, 0x00, 0x00, 0x00,
  0x00, 0x00, 0x00, 0x00, 0x00, 0x00, 0x00, 0x00, 0x00, 0x00, 0x00, 0x00,
  0x00, 0x00, 0x00, 0x00, 0x00, 0x00, 0x00, 0x00, 0x00, 0x00, 0x00, 0x00,
  0x00, 0x00, 0x00, 0x00, 0x00, 0x00, 0x00, 0x00, 0x00, 0x00, 0x00, 0x00,
  0x00, 0x00, 0x00, 0x00, 0x20, 0x00, 0x00, 0x00, 0xc1, 0xc9, 0x48, 0x3c,
  0x5f, 0x03, 0x5e, 0x3c, 0x33, 0xc8, 0x2c, 0x3c, 0x02, 0x30, 0x26, 0x3c,
  0x48, 0xac, 0x49, 0x3c, 0x6c, 0x21, 0x25, 0x3c, 0xe5, 0xfc, 0x60, 0x3c,
  0x14, 0x5e, 0x12, 0x3c, 0xf6, 0x94, 0x10, 0x3c, 0x5d, 0xe0, 0x1b, 0x3c,
  0x87, 0xd8, 0x51, 0x3c, 0x04, 0x16, 0x1b, 0x3c, 0x91, 0x27, 0x2c, 0x3c,
  0x6c, 0x71, 0x33, 0x3c, 0x8e, 0xe8, 0x35, 0x3c, 0x21, 0x09, 0x08, 0x3c,
  0x43, 0x8b, 0x2a, 0x3c, 0x31, 0x8a, 0x32, 0x3c, 0xb4, 0x2f, 0x1f, 0x3c,
  0x21, 0xff, 0x26, 0x3c, 0xeb, 0x9b, 0x38, 0x3c, 0x57, 0x8a, 0x5e, 0x3c,
  0xa5, 0x8f, 0x6a, 0x3c, 0x0d, 0x61, 0x33, 0x3c, 0x80, 0x6a, 0x15, 0x3c,
  0x4d, 0x53, 0x24, 0x3c, 0x61, 0x2a, 0x2f, 0x3c, 0x5e, 0xe7, 0x30, 0x3c,
  0x3a, 0xb2, 0x53, 0x3c, 0x54, 0x6f, 0x1c, 0x3c, 0x31, 0xba, 0x3f, 0x3c,
  0x69, 0x0e, 0x49, 0x3c, 0x27, 0x00, 0x00, 0x00, 0x70, 0x72, 0x61, 0x68,
  0x61, 0x72, 0x69, 0x5f, 0x64, 0x73, 0x63, 0x6e, 0x6e, 0x5f, 0x76, 0x35,
  0x5f, 0x31, 0x2f, 0x64, 0x73, 0x34, 0x5f, 0x70, 0x77, 0x5f, 0x31, 0x2f,
  0x63, 0x6f, 0x6e, 0x76, 0x6f, 0x6c, 0x75, 0x74, 0x69, 0x6f, 0x6e, 0x00,
  0x04, 0x00, 0x00, 0x00, 0x20, 0x00, 0x00, 0x00, 0x01, 0x00, 0x00, 0x00,
  0x01, 0x00, 0x00, 0x00, 0x20, 0x00, 0x00, 0x00, 0x16, 0xfd, 0xff, 0xff,
  0x00, 0x00, 0x00, 0x01, 0x14, 0x00, 0x00, 0x00, 0xa4, 0x01, 0x00, 0x00,
  0x04, 0x00, 0x00, 0x00, 0x00, 0x00, 0x00, 0x02, 0x48, 0x02, 0x00, 0x00,
  0x1c, 0xfc, 0xff, 0xff, 0x08, 0x00, 0x00, 0x00, 0x08, 0x01, 0x00, 0x00,
  0x20, 0x00, 0x00, 0x00, 0x00, 0x00, 0x00, 0x00, 0x00, 0x00, 0x00, 0x00,
  0x00, 0x00, 0x00, 0x00, 0x00, 0x00, 0x00, 0x00, 0x00, 0x00, 0x00, 0x00,
  0x00, 0x00, 0x00, 0x00, 0x00, 0x00, 0x00, 0x00, 0x00, 0x00, 0x00, 0x00,
  0x00, 0x00, 0x00, 0x00, 0x00, 0x00, 0x00, 0x00, 0x00, 0x00, 0x00, 0x00,
  0x00, 0x00, 0x00, 0x00, 0x00, 0x00, 0x00, 0x00, 0x00, 0x00, 0x00, 0x00,
  0x00, 0x00, 0x00, 0x00, 0x00, 0x00, 0x00, 0x00, 0x00, 0x00, 0x00, 0x00,
  0x00, 0x00, 0x00, 0x00, 0x00, 0x00, 0x00, 0x00, 0x00, 0x00, 0x00, 0x00,
  0x00, 0x00, 0x00, 0x00, 0x00, 0x00, 0x00, 0x00, 0x00, 0x00, 0x00, 0x00,
  0x00, 0x00, 0x00, 0x00, 0x00, 0x00, 0x00, 0x00, 0x00, 0x00, 0x00, 0x00,
  0x00, 0x00, 0x00, 0x00, 0x00, 0x00, 0x00, 0x00, 0x00, 0x00, 0x00, 0x00,
  0x00, 0x00, 0x00, 0x00, 0x00, 0x00, 0x00, 0x00, 0x00, 0x00, 0x00, 0x00,
  0x00, 0x00, 0x00, 0x00, 0x00, 0x00, 0x00, 0x00, 0x00, 0x00, 0x00, 0x00,
  0x00, 0x00, 0x00, 0x00, 0x00, 0x00, 0x00, 0x00, 0x00, 0x00, 0x00, 0x00,
  0x00, 0x00, 0x00, 0x00, 0x00, 0x00, 0x00, 0x00, 0x00, 0x00, 0x00, 0x00,
  0x00, 0x00, 0x00, 0x00, 0x00, 0x00, 0x00, 0x00, 0x00, 0x00, 0x00, 0x00,
  0x00, 0x00, 0x00, 0x00, 0x00, 0x00, 0x00, 0x00, 0x00, 0x00, 0x00, 0x00,
  0x00, 0x00, 0x00, 0x00, 0x00, 0x00, 0x00, 0x00, 0x00, 0x00, 0x00, 0x00,
  0x00, 0x00, 0x00, 0x00, 0x00, 0x00, 0x00, 0x00, 0x00, 0x00, 0x00, 0x00,
  0x00, 0x00, 0x00, 0x00, 0x00, 0x00, 0x00, 0x00, 0x00, 0x00, 0x00, 0x00,
  0x00, 0x00, 0x00, 0x00, 0x00, 0x00, 0x00, 0x00, 0x00, 0x00, 0x00, 0x00,
  0x00, 0x00, 0x00, 0x00, 0x00, 0x00, 0x00, 0x00, 0x00, 0x00, 0x00, 0x00,
  0x00, 0x00, 0x00, 0x00, 0x00, 0x00, 0x00, 0x00, 0x20, 0x00, 0x00, 0x00,
  0xa4, 0x11, 0x58, 0x3a, 0xc8, 0xe8, 0x6e, 0x3a, 0x74, 0xee, 0x39, 0x3a,
  0xc9, 0xd5, 0x32, 0x3a, 0x69, 0x05, 0x59, 0x3a, 0x9b, 0xb2, 0x31, 0x3a,
  0x42, 0x1c, 0x72, 0x3a, 0xb5, 0x81, 0x1d, 0x3a, 0xcd, 0x95, 0x1b, 0x3a,
  0x40, 0xbd, 0x27, 0x3a, 0xe2, 0xd0, 0x61, 0x3a, 0x81, 0xe3, 0x26, 0x3a,
  0x99, 0x41, 0x39, 0x3a, 0x73, 0x19, 0x41, 0x3a, 0x9e, 0xc0, 0x43, 0x3a,
  0x77, 0x63, 0x12, 0x3a, 0xea, 0x85, 0x37, 0x3a, 0x9f, 0x20, 0x40, 0x3a,
  0x14, 0x4d, 0x2b, 0x3a, 0xab, 0xb4, 0x33, 0x3a, 0x98, 0xa8, 0x46, 0x3a,
  0x05, 0x7a, 0x6f, 0x3a, 0x85, 0x69, 0x7c, 0x3a, 0xd5, 0x07, 0x41, 0x3a,
  0x86, 0xc9, 0x20, 0x3a, 0xcc, 0xd4, 0x30, 0x3a, 0x12, 0x7f, 0x3c, 0x3a,
  0xed, 0x5d, 0x3e, 0x3a, 0xa2, 0xce, 0x63, 0x3a, 0x19, 0x57, 0x28, 0x3a,
  0x8d, 0x51, 0x4e, 0x3a, 0x86, 0x5b, 0x58, 0x3a, 0xa9, 0x00, 0x00, 0x00,
  0x70, 0x72, 0x61, 0x68, 0x61, 0x72, 0x69, 0x5f, 0x64, 0x73, 0x63, 0x6e,
  0x6e, 0x5f, 0x76, 0x35, 0x5f, 0x31, 0x2f, 0x64, 0x73, 0x34, 0x5f, 0x70,
  0x77, 0x5f, 0x72, 0x65, 0x6c, 0x75, 0x5f, 0x31, 0x2f, 0x52, 0x65, 0x6c,
  0x75, 0x3b, 0x70, 0x72, 0x61, 0x68, 0x61, 0x72, 0x69, 0x5f, 0x64, 0x73,
  0x63, 0x6e, 0x6e, 0x5f, 0x76, 0x35, 0x5f, 0x31, 0x2f, 0x64, 0x73, 0x34,
  0x5f, 0x70, 0x77, 0x5f, 0x62, 0x6e, 0x5f, 0x31, 0x2f, 0x62, 0x61, 0x74,
  0x63, 0x68, 0x6e, 0x6f, 0x72, 0x6d, 0x2f, 0x61, 0x64, 0x64, 0x5f, 0x31,
  0x3b, 0x70, 0x72, 0x61, 0x68, 0x61, 0x72, 0x69, 0x5f, 0x64, 0x73, 0x63,
  0x6e, 0x6e, 0x5f, 0x76, 0x35, 0x5f, 0x31, 0x2f, 0x64, 0x73, 0x34, 0x5f,
  0x70, 0x77, 0x5f, 0x31, 0x2f, 0x63, 0x6f, 0x6e, 0x76, 0x6f, 0x6c, 0x75,
  0x74, 0x69, 0x6f, 0x6e, 0x3b, 0x70, 0x72, 0x61, 0x68, 0x61, 0x72, 0x69,
  0x5f, 0x64, 0x73, 0x63, 0x6e, 0x6e, 0x5f, 0x76, 0x35, 0x5f, 0x31, 0x2f,
  0x64, 0x73, 0x34, 0x5f, 0x70, 0x77, 0x5f, 0x62, 0x6e, 0x5f, 0x31, 0x2f,
  0x62, 0x61, 0x74, 0x63, 0x68, 0x6e, 0x6f, 0x72, 0x6d, 0x2f, 0x73, 0x75,
  0x62, 0x00, 0x00, 0x00, 0x01, 0x00, 0x00, 0x00, 0x20, 0x00, 0x00, 0x00,
  0x7e, 0xff, 0xff, 0xff, 0x00, 0x00, 0x00, 0x01, 0x14, 0x00, 0x00, 0x00,
  0x34, 0x00, 0x00, 0x00, 0x03, 0x00, 0x00, 0x00, 0x00, 0x00, 0x00, 0x09,
  0x54, 0x00, 0x00, 0x00, 0x84, 0xfe, 0xff, 0xff, 0x08, 0x00, 0x00, 0x00,
  0x14, 0x00, 0x00, 0x00, 0x01, 0x00, 0x00, 0x00, 0x00, 0x00, 0x00, 0x00,
  0x00, 0x00, 0x00, 0x00, 0x00, 0x00, 0x00, 0x00, 0x01, 0x00, 0x00, 0x00,
  0x69, 0x7f, 0x85, 0x3b, 0x26, 0x00, 0x00, 0x00, 0x70, 0x72, 0x61, 0x68,
  0x61, 0x72, 0x69, 0x5f, 0x64, 0x73, 0x63, 0x6e, 0x6e, 0x5f, 0x76, 0x35,
  0x5f, 0x31, 0x2f, 0x73, 0x63, 0x6f, 0x72, 0x65, 0x5f, 0x31, 0x2f, 0x63,
  0x6f, 0x6e, 0x76, 0x6f, 0x6c, 0x75, 0x74, 0x69, 0x6f, 0x6e, 0x00, 0x00,
  0x04, 0x00, 0x00, 0x00, 0x01, 0x00, 0x00, 0x00, 0x01, 0x00, 0x00, 0x00,
  0x01, 0x00, 0x00, 0x00, 0x20, 0x00, 0x00, 0x00, 0x00, 0x00, 0x16, 0x00,
  0x1c, 0x00, 0x18, 0x00, 0x17, 0x00, 0x10, 0x00, 0x0c, 0x00, 0x08, 0x00,
  0x00, 0x00, 0x00, 0x00, 0x00, 0x00, 0x07, 0x00, 0x16, 0x00, 0x00, 0x00,
  0x00, 0x00, 0x00, 0x01, 0x14, 0x00, 0x00, 0x00, 0x30, 0x00, 0x00, 0x00,
  0x02, 0x00, 0x00, 0x00, 0x00, 0x00, 0x00, 0x02, 0x94, 0x00, 0x00, 0x00,
  0x1c, 0xff, 0xff, 0xff, 0x08, 0x00, 0x00, 0x00, 0x10, 0x00, 0x00, 0x00,
  0x01, 0x00, 0x00, 0x00, 0x00, 0x00, 0x00, 0x00, 0x00, 0x00, 0x00, 0x00,
  0x01, 0x00, 0x00, 0x00, 0x69, 0xc3, 0xbd, 0x39, 0x68, 0x00, 0x00, 0x00,
  0x70, 0x72, 0x61, 0x68, 0x61, 0x72, 0x69, 0x5f, 0x64, 0x73, 0x63, 0x6e,
  0x6e, 0x5f, 0x76, 0x35, 0x5f, 0x31, 0x2f, 0x73, 0x63, 0x6f, 0x72, 0x65,
  0x5f, 0x31, 0x2f, 0x41, 0x64, 0x64, 0x3b, 0x70, 0x72, 0x61, 0x68, 0x61,
  0x72, 0x69, 0x5f, 0x64, 0x73, 0x63, 0x6e, 0x6e, 0x5f, 0x76, 0x35, 0x5f,
  0x31, 0x2f, 0x73, 0x63, 0x6f, 0x72, 0x65, 0x5f, 0x31, 0x2f, 0x63, 0x6f,
  0x6e, 0x76, 0x6f, 0x6c, 0x75, 0x74, 0x69, 0x6f, 0x6e, 0x3b, 0x70, 0x72,
  0x61, 0x68, 0x61, 0x72, 0x69, 0x5f, 0x64, 0x73, 0x63, 0x6e, 0x6e, 0x5f,
  0x76, 0x35, 0x5f, 0x31, 0x2f, 0x73, 0x63, 0x6f, 0x72, 0x65, 0x5f, 0x31,
  0x2f, 0x52, 0x65, 0x73, 0x68, 0x61, 0x70, 0x65, 0x00, 0x00, 0x00, 0x00,
  0x01, 0x00, 0x00, 0x00, 0x01, 0x00, 0x00, 0x00, 0x00, 0x00, 0x16, 0x00,
  0x20, 0x00, 0x1c, 0x00, 0x1b, 0x00, 0x14, 0x00, 0x10, 0x00, 0x0c, 0x00,
  0x00, 0x00, 0x00, 0x00, 0x08, 0x00, 0x07, 0x00, 0x16, 0x00, 0x00, 0x00,
  0x00, 0x00, 0x00, 0x01, 0x18, 0x00, 0x00, 0x00, 0x34, 0x00, 0x00, 0x00,
  0x50, 0x00, 0x00, 0x00, 0x01, 0x00, 0x00, 0x00, 0x00, 0x00, 0x00, 0x09,
  0x64, 0x00, 0x00, 0x00, 0x04, 0x00, 0x00, 0x00, 0xff, 0xff, 0xff, 0xff,
  0x62, 0x00, 0x00, 0x00, 0x28, 0x00, 0x00, 0x00, 0x01, 0x00, 0x00, 0x00,
  0x0c, 0x00, 0x0c, 0x00, 0x00, 0x00, 0x00, 0x00, 0x08, 0x00, 0x04, 0x00,
  0x0c, 0x00, 0x00, 0x00, 0x08, 0x00, 0x00, 0x00, 0x10, 0x00, 0x00, 0x00,
  0x01, 0x00, 0x00, 0x00, 0xaf, 0xff, 0xff, 0xff, 0xff, 0xff, 0xff, 0xff,
  0x01, 0x00, 0x00, 0x00, 0x09, 0xcf, 0xf7, 0x3b, 0x18, 0x00, 0x00, 0x00,
  0x73, 0x65, 0x72, 0x76, 0x69, 0x6e, 0x67, 0x5f, 0x64, 0x65, 0x66, 0x61,
  0x75, 0x6c, 0x74, 0x5f, 0x6c, 0x6f, 0x67, 0x6d, 0x65, 0x6c, 0x3a, 0x30,
  0x00, 0x00, 0x00, 0x00, 0x04, 0x00, 0x00, 0x00, 0x01, 0x00, 0x00, 0x00,
  0x62, 0x00, 0x00, 0x00, 0x28, 0x00, 0x00, 0x00, 0x01, 0x00, 0x00, 0x00,
  0x06, 0x00, 0x00, 0x00, 0x80, 0x00, 0x00, 0x00, 0x60, 0x00, 0x00, 0x00,
  0x4c, 0x00, 0x00, 0x00, 0x40, 0x00, 0x00, 0x00, 0x24, 0x00, 0x00, 0x00,
  0x04, 0x00, 0x00, 0x00, 0xa4, 0xff, 0xff, 0xff, 0x0e, 0x00, 0x00, 0x00,
  0x02, 0x00, 0x00, 0x00, 0x00, 0x00, 0x00, 0x0e, 0x0c, 0x00, 0x0e, 0x00,
  0x0d, 0x00, 0x00, 0x00, 0x08, 0x00, 0x04, 0x00, 0x0c, 0x00, 0x00, 0x00,
  0x01, 0x00, 0x00, 0x00, 0x02, 0x00, 0x00, 0x00, 0x00, 0x01, 0x0a, 0x00,
  0x08, 0x00, 0x00, 0x00, 0x00, 0x00, 0x04, 0x00, 0x0a, 0x00, 0x00, 0x00,
  0x02, 0x00, 0x00, 0x00, 0xe0, 0xff, 0xff, 0xff, 0x04, 0x00, 0x00, 0x00,
  0x03, 0x00, 0x00, 0x00, 0x00, 0x00, 0x00, 0x04, 0xf0, 0xff, 0xff, 0xff,
  0x11, 0x00, 0x00, 0x00, 0x02, 0x00, 0x00, 0x00, 0x00, 0x00, 0x00, 0x11,
  0x0c, 0x00, 0x10, 0x00, 0x0f, 0x00, 0x00, 0x00, 0x08, 0x00, 0x04, 0x00,
  0x0c, 0x00, 0x00, 0x00, 0x03, 0x00, 0x00, 0x00, 0x03, 0x00, 0x00, 0x00,
  0x00, 0x00, 0x00, 0x03,
};
const unsigned int prahari_model_tflite_len = 21208;
